source_kind,shard_index,relative_path,bytes,sha256
factual_v1,0,01082d5f563a2ffc43e2/background_flows.csv,3105,06b054f25725e3f9b04feff48af844ea725f8d660aac26e51d9aeb2ad7d8a585
factual_v1,0,01082d5f563a2ffc43e2/background_rate_periods.csv,323435,7b21f5a90082320b175425abfceebde10f8d77bec4df2c71e864851cdd077e91
factual_v1,0,01082d5f563a2ffc43e2/build_info.json,303,4b28f46e4b0d300dcd570965f510fb7f39e094ed0da0823105dd75e517b10146
factual_v1,0,01082d5f563a2ffc43e2/frame_packet_outcomes.csv,140547,2e8a7898ec2b97365f8551ea2758bceab8c4f2b0fbee9e8568e09279ddcb52f9
factual_v1,0,01082d5f563a2ffc43e2/frames.csv,235598,d2955c25637f185b2f245ab304de569312588e7d8732efa5abf9b44f77eb834c
factual_v1,0,01082d5f563a2ffc43e2/link_intervals.csv,459,b020c499c69c7f900245841fa7dfeda96e5d3ff25fc9b720c28c1ad955963e97
factual_v1,0,01082d5f563a2ffc43e2/mac_summary.csv,202,4ff58c36b3f95a2795e18c689b8daa0a7f67dd53ed3b840121f5bc489928fa54
factual_v1,0,01082d5f563a2ffc43e2/mechanism_t2_actions.csv,144356,f0948affff4e494e3cb90c157a8821464492ad9dbd3fc29f0d6af0b505e20a29
factual_v1,0,01082d5f563a2ffc43e2/mechanism_t2_snapshots.csv,328775,2167bcf963f1f84f31735c083afeb8e582f73e3445e179b7dfec5c1353fe3f5e
factual_v1,0,01082d5f563a2ffc43e2/ofdma_summary.csv,237,81b5e2b4889dd80c26f034428e19b19acc9486f9cf3477b6659f072720046a03
factual_v1,0,01082d5f563a2ffc43e2/policy_decisions.csv,140936,722bfdd67b7ef57af9f043bb902b875b78635dd185158a767a8722131ae81afd
factual_v1,0,01082d5f563a2ffc43e2/prediction_polling_samples.csv,2937447,078bd95a8c7535b9c1233d25709170bb19abf7272f1a95a64120b728be7b04ef
factual_v1,0,01082d5f563a2ffc43e2/prediction_samples.csv,3652908,64eadac3e3dc78e7b6cb180bee4b3d672fb6dfe09d63eecaae7125fbaa24c26c
factual_v1,0,01082d5f563a2ffc43e2/resolved_config.json,7003,95b12e09681136d523703090d19dd6303adc35e56a546be84250f8ea2f55ba92
factual_v1,0,01082d5f563a2ffc43e2/stdout.log,176,ae757ee01802d72a94618f41cfea5490ae7d876ef5f0059e6c99d39cb33ccd55
factual_v1,0,01082d5f563a2ffc43e2/summary.json,1560,1da2d633518578a3ec6ca93d55806fcdea60ae9fa73d7532d61cea34367fa3f3
factual_v1,0,083ee0d5579eb7a76cbe/background_flows.csv,3045,92bca292dabd7060fe9283dda145a783617a10927316344be68a6f2b48b3503e
factual_v1,0,083ee0d5579eb7a76cbe/background_rate_periods.csv,323160,cd890c9c51b0cdddf4268798cbdb9617a97902fe949a58c4513ae111f6f001ac
factual_v1,0,083ee0d5579eb7a76cbe/build_info.json,303,4b28f46e4b0d300dcd570965f510fb7f39e094ed0da0823105dd75e517b10146
factual_v1,0,083ee0d5579eb7a76cbe/frame_packet_outcomes.csv,173362,a80deff62954a76852f969a1bc8b593edbf75433bdad765d47b68e8a3ad17522
factual_v1,0,083ee0d5579eb7a76cbe/frames.csv,289755,c7d59bb5f42650c0b69f37fab1dd283a7595ea59d30f6b491f913f5fdb197f6f
factual_v1,0,083ee0d5579eb7a76cbe/link_intervals.csv,502,04c8ec92e5c72f7ea889f82d3a0a2c2f224681f4341f6223c1fee069b14a1820
factual_v1,0,083ee0d5579eb7a76cbe/mac_summary.csv,222,a13d7c28e9f74102a1ba0c631c98fc57a7560712b29afc728e9e04793a945c59
factual_v1,0,083ee0d5579eb7a76cbe/mechanism_t2_actions.csv,245426,6fbfadbd22d3caa002d901b0ccbc4d81fec01378c4fb27c49a5ddb062501a555
factual_v1,0,083ee0d5579eb7a76cbe/mechanism_t2_snapshots.csv,309294,c5050452611806287beae94f84dfd4992d4e9fae9e310fa9ac45bcdd356ce3aa
factual_v1,0,083ee0d5579eb7a76cbe/ofdma_summary.csv,237,81b5e2b4889dd80c26f034428e19b19acc9486f9cf3477b6659f072720046a03
factual_v1,0,083ee0d5579eb7a76cbe/policy_decisions.csv,178736,f59dc2c2b73a0ea111ff7d69a657dbabe7b668ca578e707c839905cf73eac63b
factual_v1,0,083ee0d5579eb7a76cbe/prediction_polling_samples.csv,2940944,0bf5fefe33820a89afd5a9fbb96b1dfd08abb84b2c2fb4e1c86e7191e76acca8
factual_v1,0,083ee0d5579eb7a76cbe/prediction_samples.csv,3678215,5e061bbe21c6fbd648d5d0ecacce8e30288ec75608f3ad42c51d696b89ebcd59
factual_v1,0,083ee0d5579eb7a76cbe/resolved_config.json,7283,2776d058ee0544a21eb75d7d26b22b339bec369619e613b76cb9a8a6cc14871b
factual_v1,0,083ee0d5579eb7a76cbe/secondary_airtime_events.csv,272904,302594a080ac19c4bf26d963f76d7cf4018c3a60d87893f632c06596ebf0c9a1
factual_v1,0,083ee0d5579eb7a76cbe/secondary_airtime_settlements.csv,110316,1be879e4f128d02b415c2701097d21a8038fcb834a5bfe5c17388a6d1bad6023
factual_v1,0,083ee0d5579eb7a76cbe/secondary_airtime_summary.json,603,e22e31ca699d8b855d5b898d3d750cb72930263b45e20025e53817b9ace4fc70
factual_v1,0,083ee0d5579eb7a76cbe/stdout.log,188,16d23e032bb52852cb9209bbc2bdde032ab499f34d46b302bc9be5e9e60f4fe5
factual_v1,0,083ee0d5579eb7a76cbe/summary.json,1610,127aec508e9265b6c19eb641b70fef6127dcf119a8e5211e5166baf9262cae75
factual_v1,0,0c5eb2e05091f457a988/background_flows.csv,3045,a400594c6a62b3d97350bcb7e61b5c852e58dce4574dfa3df3497579f51be1fd
factual_v1,0,0c5eb2e05091f457a988/background_rate_periods.csv,323160,6fbb1754ae29fcd25084d53e125ee672a93ef836e65fe099a4706cd2bc80efff
factual_v1,0,0c5eb2e05091f457a988/build_info.json,303,4b28f46e4b0d300dcd570965f510fb7f39e094ed0da0823105dd75e517b10146
factual_v1,0,0c5eb2e05091f457a988/frame_packet_outcomes.csv,237922,8a927809dad544af33bd5912d4607667963a7c826f8b39181e2f01611ec2b763
factual_v1,0,0c5eb2e05091f457a988/frames.csv,272096,b633e9c46978bb2068d02f0fed5330cb44a03f25690631b5b828829d5ad745ac
factual_v1,0,0c5eb2e05091f457a988/link_intervals.csv,506,aad8d7e262aba788b2703b71dcbc9f759213005b595ce4a79e557849fb0ac0b7
factual_v1,0,0c5eb2e05091f457a988/mac_summary.csv,222,9e7f0367162d6f6d9981d7d17ea389499389365f60fc946682df6f2ac1182b42
factual_v1,0,0c5eb2e05091f457a988/mechanism_t2_actions.csv,144356,54b0e645aab21e25975ca04e098f41e05f38ed708d1610341fed3660c1d71af3
factual_v1,0,0c5eb2e05091f457a988/mechanism_t2_snapshots.csv,315415,6a4e936c95101184cf178d9b136f97a68ae700bafad8fbe3558af67e3771136a
factual_v1,0,0c5eb2e05091f457a988/ofdma_summary.csv,237,81b5e2b4889dd80c26f034428e19b19acc9486f9cf3477b6659f072720046a03
factual_v1,0,0c5eb2e05091f457a988/policy_decisions.csv,151736,42d6d1c1f86640748b74b185d8d52016a689f6dd2cf153918242cb7bbccf4026
factual_v1,0,0c5eb2e05091f457a988/prediction_polling_samples.csv,3145454,279362ad9a10a8c24eb04160910ea63447ebcfdc60580e2662bdad50ec987589
factual_v1,0,0c5eb2e05091f457a988/prediction_samples.csv,4034037,4d768c16ed8c30d10b2fec1c1100de32a2eec4db5503c9e73cc4b3f52c6caab6
factual_v1,0,0c5eb2e05091f457a988/resolved_config.json,7252,f533594bbcc98c5591e31646200b1960c7a5339710f8b79506c2005b369a0cbf
factual_v1,0,0c5eb2e05091f457a988/secondary_airtime_events.csv,350883,0410c500e17e0bb1b72a1b6dd1ca715265e2cd5ac4ecc78a00ea126a9ccc9e4c
factual_v1,0,0c5eb2e05091f457a988/secondary_airtime_settlements.csv,103,108b472c3dfa7747b73e777b97962cc32dee3e1e60f83fc449c20bccb3a03828
factual_v1,0,0c5eb2e05091f457a988/secondary_airtime_summary.json,578,785bff091b8e6c506f9fa0808e9af46c421f36d3d1925ff8a89f67e7c0d9cc5a
factual_v1,0,0c5eb2e05091f457a988/stdout.log,190,7bfc9b4f08ceeade84b547fdd04cf4aaf81f4e29122ba79647c328e52c7693fa
factual_v1,0,0c5eb2e05091f457a988/summary.json,1595,a8134659c6fc1317485e5f0642ba4bca19f9869397976f4d00e305524ee65229
factual_v1,0,0e2265095b560966c5f5/background_flows.csv,3105,584562bf0920cb75cd1c3d27898caf3209bdb5ecb9823aaea65b7ddf164eacc4
factual_v1,0,0e2265095b560966c5f5/background_rate_periods.csv,323435,451efac60ff0da528876aad181a8b6cd351864792731682644fd1dc4bc490647
factual_v1,0,0e2265095b560966c5f5/build_info.json,303,03a7aeacc3aa8ffde30bff503e612b2190ec5a37ad16a0da8e8ac8f9301a4cf1
factual_v1,0,0e2265095b560966c5f5/frame_packet_outcomes.csv,143499,03c7ef93b8bb775897634b94063c1bc7b0510920971b5458f2f2ab1fc5343b94
factual_v1,0,0e2265095b560966c5f5/frames.csv,261744,a2813ff5d84657cd0bb58af319d6dfac725859f6aee0a530dd260edd3d6c7058
factual_v1,0,0e2265095b560966c5f5/link_intervals.csv,513,0154c65862d6249528f3755a108e5619c1452ed23df6f3d1e4d14b20d22de796
factual_v1,0,0e2265095b560966c5f5/mac_summary.csv,230,40c201dfe39edfc423803a804e3e4851a786234695afe50dcd15629f076865d5
factual_v1,0,0e2265095b560966c5f5/mechanism_t2_actions.csv,277139,c308d7263ca4ac4a988ca2a3f20ead1785a91cec9d0b5582217678e13bc679fb
factual_v1,0,0e2265095b560966c5f5/mechanism_t2_snapshots.csv,342095,c766dab088431abfeac3f96f6795b23a0dd274d0fbfdf0186cc63255e7d0298a
factual_v1,0,0e2265095b560966c5f5/ofdma_summary.csv,237,81b5e2b4889dd80c26f034428e19b19acc9486f9cf3477b6659f072720046a03
factual_v1,0,0e2265095b560966c5f5/policy_decisions.csv,196176,107a19fdd2831ed439605cee435e1bc0b62206710987956125046d3b4bbfe821
factual_v1,0,0e2265095b560966c5f5/prediction_polling_samples.csv,3153227,26c84194dbeb3732f34dde733549206d25964209d88988551e7a6786bef01921
factual_v1,0,0e2265095b560966c5f5/prediction_samples.csv,3924857,3803cce9cd80aed2e0df410c906bc36c2664a24bd29b877a76ef060766637c91
factual_v1,0,0e2265095b560966c5f5/resolved_config.json,7445,2e0bfa0772070ae55352af69f6edf1dc8d8ec56635594e315c95265a9ebe9c04
factual_v1,0,0e2265095b560966c5f5/secondary_airtime_events.csv,206682,6135457b845975ec31017c94b76a3fa0c3998fb63f7098216eab337bac42e241
factual_v1,0,0e2265095b560966c5f5/secondary_airtime_settlements.csv,60157,39e10e681b2c50306df336d4e29fbc2056b9411f9cb1e572d5a0d912bc403b29
factual_v1,0,0e2265095b560966c5f5/secondary_airtime_summary.json,599,ec1813ec44034184becd1f1501f62bb0b5d31026d2c569920cb88d23439cc4c9
factual_v1,0,0e2265095b560966c5f5/stdout.log,190,8dcee71860a68bf9145eafb9a1df4321fb379466a853967d703806864c30705f
factual_v1,0,0e2265095b560966c5f5/summary.json,1596,b0daf095c08d5c17a2405d1a12495565cc7652d71aeefd1bb10edd2f91077ce2
factual_v1,0,2312a223ae26d5efe56f/background_flows.csv,3105,2b98b7cbf429a867f6b2a0aa5c9c96f6d10e22c7f6b025021714bb281637c9a1
factual_v1,0,2312a223ae26d5efe56f/background_rate_periods.csv,319210,8a7c23a6d19800223fee70f837306cb0f12b28948ad78e98e16ef7a25ca29a51
factual_v1,0,2312a223ae26d5efe56f/build_info.json,303,4b28f46e4b0d300dcd570965f510fb7f39e094ed0da0823105dd75e517b10146
factual_v1,0,2312a223ae26d5efe56f/frames.csv,224346,dad6bdd9b5234bed42456be61f739fdd98a674608e39494246dd504bbbcbaeb7
factual_v1,0,2312a223ae26d5efe56f/link_intervals.csv,491,17c0759f7b529643367bb51fd9229af541ae24d5ae95ffa62251a345c4ff31ff
factual_v1,0,2312a223ae26d5efe56f/mac_summary.csv,228,fd29aff87a88782b8248bd7e11dd864d8d93058886d5af28edd1366133367f95
factual_v1,0,2312a223ae26d5efe56f/ofdma_summary.csv,237,81b5e2b4889dd80c26f034428e19b19acc9486f9cf3477b6659f072720046a03
factual_v1,0,2312a223ae26d5efe56f/policy_decisions.csv,140936,d07fb9a1d6cce2c1e9228f3bd3feb7283af671ede4cdbfc03dcae9a9d221f173
factual_v1,0,2312a223ae26d5efe56f/resolved_config.json,6541,cf0ce3b55cc20eaac89727634ce0b93a51df2a0583e0bfc1b4a27fdefc0a4d18
factual_v1,0,2312a223ae26d5efe56f/stdout.log,176,595f9f44a6057b95885e0db2279a0937517f4b4d7c06debfa2f153255e4f2c10
factual_v1,0,2312a223ae26d5efe56f/summary.json,1559,f6bd4e65767234a27f75d312db6ce7c0936783c8c0595b0b607faf1ed2699060
factual_v1,0,25057ac3a9a905aef480/background_flows.csv,3073,68bf9cd6643cdcbb9c83b14602fdd6a77f095256c397eab529f085506d6bf69a
factual_v1,0,25057ac3a9a905aef480/background_rate_periods.csv,326294,cc6a0d92fef2624c7146eb4aceb3569ac4c9bed2de7bba42633bb9bdce12fa12
factual_v1,0,25057ac3a9a905aef480/build_info.json,303,4b28f46e4b0d300dcd570965f510fb7f39e094ed0da0823105dd75e517b10146
factual_v1,0,25057ac3a9a905aef480/frame_packet_outcomes.csv,182233,8fd1fb6cc00abdba76d54f755e3da67f0227344a9f5058106e8f4c5c182df7c2
factual_v1,0,25057ac3a9a905aef480/frames.csv,258547,68d045b4ed707250a57230896419245b02c3352b518f07250a81a8d53ec8e124
factual_v1,0,25057ac3a9a905aef480/link_intervals.csv,516,9bc85b98668922b135245fa40ccfaeb95246595711d627659da2ae0a6ec5b901
factual_v1,0,25057ac3a9a905aef480/mac_summary.csv,231,99d9d879bf360bb66e7fd393f1abfec586e5fb3bc117b44138546aa892513bce
factual_v1,0,25057ac3a9a905aef480/mechanism_t2_actions.csv,144356,7160d7bb81e5cc1d05269666b4ff58e58c1926fa4cffa3aa4b0cb350edbf2b7c
factual_v1,0,25057ac3a9a905aef480/mechanism_t2_snapshots.csv,348857,d3f5529e8b45d8381a4bcdfe80439a8ee86e24f098df244b758d50f0e068edde
factual_v1,0,25057ac3a9a905aef480/ofdma_summary.csv,237,81b5e2b4889dd80c26f034428e19b19acc9486f9cf3477b6659f072720046a03
factual_v1,0,25057ac3a9a905aef480/policy_decisions.csv,151736,9aa98b54ba2b9bebe207f2ece07563b479709756f906a355d9c0738606aa7941
factual_v1,0,25057ac3a9a905aef480/prediction_polling_samples.csv,3250664,3dc98779b3358e21c3648dddaae245cf6b1092927bc1a5a44752fe7e7e5f7834
factual_v1,0,25057ac3a9a905aef480/prediction_samples.csv,4073170,69412636bc86dd097916eca6bdd713fbd474c512ba72026351f7190f0eba6c14
factual_v1,0,25057ac3a9a905aef480/resolved_config.json,7537,2b0cc13e3596659e5991377e2138a844c283f6cdfc467fd66b23a40d44d90c7c
factual_v1,0,25057ac3a9a905aef480/secondary_airtime_events.csv,484887,812a74f2df7f66864cbfd0491823d8b729be3a1aa30dcaa2c3ab5c450e7c1130
factual_v1,0,25057ac3a9a905aef480/secondary_airtime_settlements.csv,103,108b472c3dfa7747b73e777b97962cc32dee3e1e60f83fc449c20bccb3a03828
factual_v1,0,25057ac3a9a905aef480/secondary_airtime_summary.json,580,23564d7775f6fdf71c52c2e4c68f704cf9195e62e021736b44f3c1c5d618b808
factual_v1,0,25057ac3a9a905aef480/stdout.log,190,0c13cb38020c32e512037baa5aed29a366b41c4cd79bc830bb6bf012a1a30f47
factual_v1,0,25057ac3a9a905aef480/summary.json,1888,9ce88ecbfd87bc897482401883800d25bf66b6d461cab018225fd54edac8e42f
factual_v1,0,25255dc6af2d96ba02f1/background_flows.csv,3042,88e590baf72fce1070a516187c7dbee7b5270d3660d6e051df89e857c0aa70a8
factual_v1,0,25255dc6af2d96ba02f1/background_rate_periods.csv,190905,1bc9015550b18078718a155c94cca3fd0d0ac4a08694b3245d8c5f087bc37687
factual_v1,0,25255dc6af2d96ba02f1/build_info.json,303,4b28f46e4b0d300dcd570965f510fb7f39e094ed0da0823105dd75e517b10146
factual_v1,0,25255dc6af2d96ba02f1/frame_packet_outcomes.csv,158989,94ade2794a664d26ed5d32f9f570de1a9dd6b5148a70bfa6f4dd7bc20bb6f04b
factual_v1,0,25255dc6af2d96ba02f1/frames.csv,275931,8370ef0e1989c251c3349bedb8af4c0d6da1b3ad3bd5c3a95bc992a4fbbaf9db
factual_v1,0,25255dc6af2d96ba02f1/link_intervals.csv,510,32b2a34cc01f71058f315efb4520ffaaaa47a8db6b496b8e7548cca5c1648b45
factual_v1,0,25255dc6af2d96ba02f1/mac_summary.csv,227,f83fe6b73e6af8cae3bde785dcc42bc9e069e484e645296d3a32b3ed565ea823
factual_v1,0,25255dc6af2d96ba02f1/mechanism_t2_actions.csv,245426,01253ef9155081ea48406e1e894c2a88c64abd30cb967556060abb31f66937a8
factual_v1,0,25255dc6af2d96ba02f1/mechanism_t2_snapshots.csv,320936,ca3b407ed7ca9aa16e24e26f7e8b36ae53eebbab0ef78ff8126a91b25ab0478e
factual_v1,0,25255dc6af2d96ba02f1/ofdma_summary.csv,237,81b5e2b4889dd80c26f034428e19b19acc9486f9cf3477b6659f072720046a03
factual_v1,0,25255dc6af2d96ba02f1/policy_decisions.csv,178736,2bc6d88131b0782c38bff7ef6470168d02b2844415abe65d070adc80ff243331
factual_v1,0,25255dc6af2d96ba02f1/prediction_polling_samples.csv,3030581,da029f8d91299275a42d028299ebca2491f50b79810704d2ba7173872a2ccdf0
factual_v1,0,25255dc6af2d96ba02f1/prediction_samples.csv,3781858,1051b78636b657678b22f6d61dcbebdc25765facadfcc73a549ba270db013e0d
factual_v1,0,25255dc6af2d96ba02f1/resolved_config.json,7291,dfd30e17cd7981fe57ced81437285dc89dc70dded5a4b6a32086c608d299dbb4
factual_v1,0,25255dc6af2d96ba02f1/secondary_airtime_events.csv,644865,bf1513515f46f6a2bfdfee7175a481338d88e53211e04d156ecc46ed39780671
factual_v1,0,25255dc6af2d96ba02f1/secondary_airtime_settlements.csv,116870,8de87f7812e1e9e44518675272bae52a62b17e865977605e9732e98428a81567
factual_v1,0,25255dc6af2d96ba02f1/secondary_airtime_summary.json,596,f54a98249768c7febd1d024d9fdfa3e163170c53a188ea39b7f93621b6247b20
factual_v1,0,25255dc6af2d96ba02f1/stdout.log,188,7d0d26006d94e4e72278af21567f7b820cea727fe7f274c8cb31b94639d5c0de
factual_v1,0,25255dc6af2d96ba02f1/summary.json,1579,3c7b5f9f364385df7ac80d97cc83558cb9a2c09078483c5b8e039fc9ea11b67d
factual_v1,0,27c8d01bdc43a918e459/background_flows.csv,3103,a1cc71c9a1d6baae0dc449d63374f1206a9593d6b9e97176daf811384f4f7f8b
factual_v1,0,27c8d01bdc43a918e459/background_rate_periods.csv,323435,5cfeaa9a773e605f0b55a615333cfb1b200e5f0d16872dcc82ab8814921ea7db
factual_v1,0,27c8d01bdc43a918e459/build_info.json,303,4b28f46e4b0d300dcd570965f510fb7f39e094ed0da0823105dd75e517b10146
factual_v1,0,27c8d01bdc43a918e459/frames.csv,233863,cd355b5a616b3c622c1f9ff5b75fd5aa698ed91658e6def986ded5fd7548b990
factual_v1,0,27c8d01bdc43a918e459/link_intervals.csv,489,17d53bc81c9ee297ab068580b931f83201f59ac7f3e4e24b144a82ef29874c24
factual_v1,0,27c8d01bdc43a918e459/mac_summary.csv,226,c33e4ee658456041744d054d443749493d35c7b395a99e2ad4c22df6efaf05d9
factual_v1,0,27c8d01bdc43a918e459/ofdma_summary.csv,237,81b5e2b4889dd80c26f034428e19b19acc9486f9cf3477b6659f072720046a03
factual_v1,0,27c8d01bdc43a918e459/policy_decisions.csv,140936,7b20669e6e697981338eb074829a683e0db8375a3fb66716628aff4bbba53685
factual_v1,0,27c8d01bdc43a918e459/resolved_config.json,6552,2ed0c0654cc2096d3a1f84811ebf8ee83c1ec304783ad4cc5a1578b9063c202a
factual_v1,0,27c8d01bdc43a918e459/stdout.log,176,27fc12ae4e30de5b91eb29d617535af1c95e4a39d55b9008446230208288f558
factual_v1,0,27c8d01bdc43a918e459/summary.json,1557,5cb55818d947255b5e5d06eb07c1baf9603d9d528743dd6c58b7282db82c62ac
factual_v1,0,285088daaa829204b8ec/background_flows.csv,3042,5782f467e9c811840912ac79ce664e1d3b488ee7da0ef5c7367769f4b1e39156
factual_v1,0,285088daaa829204b8ec/background_rate_periods.csv,191030,ecc70b7a3bc8f771323eb66276c12fcd8faf7bd06cdb9e5dc62255f5be4c4809
factual_v1,0,285088daaa829204b8ec/build_info.json,303,4b28f46e4b0d300dcd570965f510fb7f39e094ed0da0823105dd75e517b10146
factual_v1,0,285088daaa829204b8ec/frame_packet_outcomes.csv,153590,a30cc67c85151e8e5b1340b656b760f704d2874baa435d13ec8ef0e40cc34141
factual_v1,0,285088daaa829204b8ec/frames.csv,275075,2c1b55f32d87b86ad3b79b35870f07edc657696fc00f3315ea26d50a97240443
factual_v1,0,285088daaa829204b8ec/link_intervals.csv,509,9b678226d471cd4545965d44ce7fc5656a3706c9d8387e14ea93829d35c59a9a
factual_v1,0,285088daaa829204b8ec/mac_summary.csv,227,50394a8e984dc9259f0103f3c0672b8945054c3c4cb392c7ae9d704e0c9adff6
factual_v1,0,285088daaa829204b8ec/mechanism_t2_actions.csv,245426,bd9254238f094056e0e08a4e8529ccbdd87f2e385f1151a98597be7755e5dd05
factual_v1,0,285088daaa829204b8ec/mechanism_t2_snapshots.csv,324592,ccda4b28af5cc002091cad4fbd6dcf95a0f12bd8f6f4efb8caacc2a1255d92d1
factual_v1,0,285088daaa829204b8ec/ofdma_summary.csv,237,81b5e2b4889dd80c26f034428e19b19acc9486f9cf3477b6659f072720046a03
factual_v1,0,285088daaa829204b8ec/policy_decisions.csv,178736,ef6b2cf242257232c4e31c3977b323880bc90a7d2148f386032f9667d63e7042
factual_v1,0,285088daaa829204b8ec/prediction_polling_samples.csv,2981819,227edcab47cabcdc0a628bc0ef906bd284bf01e00177642fae879154391ad032
factual_v1,0,285088daaa829204b8ec/prediction_samples.csv,3708195,606771c9c9dcb6e30badcba240710dca82c3a98874eb76c156abade6bcbf9e31
factual_v1,0,285088daaa829204b8ec/resolved_config.json,7288,6b3df255572e68e48203307053ad2a6fb4a7bda8ef7478c13c8b14ef661fdac2
factual_v1,0,285088daaa829204b8ec/secondary_airtime_events.csv,265452,29fd47dee339999d003322e789386a4c423212b3050204f8c227ab7bc54c466f
factual_v1,0,285088daaa829204b8ec/secondary_airtime_settlements.csv,111696,457b89fb088de29a19d02d9e997ac3936c279c72defc301bd47d8d9ab72f3927
factual_v1,0,285088daaa829204b8ec/secondary_airtime_summary.json,598,6171265bb56069deb3df49fac9cb668cc5a3b15e814c55c09ed10f64c5b9df41
factual_v1,0,285088daaa829204b8ec/stdout.log,188,b0b95db1a673ee7918ae54f66f510e936bd3694b6c4132938c46ecee88d211c2
factual_v1,0,285088daaa829204b8ec/summary.json,1607,8c589cfa43270c0a516a0faee8469be92a93b58a8e9ae732a73be8c0d2cc9743
factual_v1,0,34c951ac172ec2910ad1/background_flows.csv,3073,f7b7f815caba2ea169c56387aa2eed6c3b8d7b4ddaef0443144ba80f222d500f
factual_v1,0,34c951ac172ec2910ad1/background_rate_periods.csv,326294,346403ccfb44aeb4f4074ad470dc9b298820ba6379a86c842a7fbfe6d9eaf27f
factual_v1,0,34c951ac172ec2910ad1/build_info.json,303,4b28f46e4b0d300dcd570965f510fb7f39e094ed0da0823105dd75e517b10146
factual_v1,0,34c951ac172ec2910ad1/frame_packet_outcomes.csv,133565,04f255ae23a4492a694428d3508b1c7a96210ae007b2d1ce0feea078b7c5466e
factual_v1,0,34c951ac172ec2910ad1/frames.csv,260631,6495e85e3510e4705a6836ec1bff182af9ca91b0b196363c32df26a940851ea4
factual_v1,0,34c951ac172ec2910ad1/link_intervals.csv,508,0e49bf48c62589597eda920c52701067cf0621bd78e26d369bca608f3a33e14f
factual_v1,0,34c951ac172ec2910ad1/mac_summary.csv,226,8597dac5bd98b6357fadc4cd722bf86911fd69ab4ef1b1b51e2438d2af7afb53
factual_v1,0,34c951ac172ec2910ad1/mechanism_t2_actions.csv,245426,c00157d2b6ec8daadb5cfe6dcbbd821959de0cd2b6cf3e6a54a8b13502280f00
factual_v1,0,34c951ac172ec2910ad1/mechanism_t2_snapshots.csv,336033,4877bdcb1612f4444445cf2a325129e94f4a66769bda427557360253c67ab7b7
factual_v1,0,34c951ac172ec2910ad1/ofdma_summary.csv,237,81b5e2b4889dd80c26f034428e19b19acc9486f9cf3477b6659f072720046a03
factual_v1,0,34c951ac172ec2910ad1/policy_decisions.csv,178736,f28aefe5d1ba116822d0c00fe269127afa6e11ce44cbf14b2784c14650bb649a
factual_v1,0,34c951ac172ec2910ad1/prediction_polling_samples.csv,3035141,14d329a823853c621a56383b16c766cbfb846332744badc74255f04dfe911f17
factual_v1,0,34c951ac172ec2910ad1/prediction_samples.csv,3762451,263e7f77c00412691b843a14befb1d8cc13e41ee222c38d68f99f5eb9b7d519d
factual_v1,0,34c951ac172ec2910ad1/resolved_config.json,7568,145bcfba649fdc63c01f6cdeefbd8ef5ec7441b23e4ad3e5e9da6841a9c0d960
factual_v1,0,34c951ac172ec2910ad1/secondary_airtime_events.csv,359071,abde95b245908fd86c9ca23a625eb322e025ae20a1ba8c5a2f91a3f0f1d2b3c5
factual_v1,0,34c951ac172ec2910ad1/secondary_airtime_settlements.csv,113012,a16ded46a58d35414ee56c6aaf9cac24413deb39cf4e3efaf5b08148fcd0a846
factual_v1,0,34c951ac172ec2910ad1/secondary_airtime_summary.json,599,fab29278ea3950d3965ba0f6f430e1b075c058945a1cf35875f58f2e418a6ff5
factual_v1,0,34c951ac172ec2910ad1/stdout.log,188,6210648207c65605ce4d43697980a8a9438f8c362abfc777fa4ae07255c2953f
factual_v1,0,34c951ac172ec2910ad1/summary.json,1915,a5b380845c51ee753daec282f459c2c8d592d952859aa056324170d974f3d33b
factual_v1,0,37d88e7dfa1ec4af43a3/background_flows.csv,3042,b3f7bcabd4abdd9d26b2c198141abe5f1399e3454421d7b8d2750b49995b5b38
factual_v1,0,37d88e7dfa1ec4af43a3/background_rate_periods.csv,190905,5c160ba92296df51289e81ef0b4696496e96b0070ea108ca32d36898b9330640
factual_v1,0,37d88e7dfa1ec4af43a3/build_info.json,303,4b28f46e4b0d300dcd570965f510fb7f39e094ed0da0823105dd75e517b10146
factual_v1,0,37d88e7dfa1ec4af43a3/frames.csv,242372,e7fc4d5789e874280d223e02e6a1f7c210858cf81b43bee495931bc8cd904c9a
factual_v1,0,37d88e7dfa1ec4af43a3/link_intervals.csv,492,fbee14957bcda6403f9801ea3c2608e8587ec47818f4a0037d310abde206b280
factual_v1,0,37d88e7dfa1ec4af43a3/mac_summary.csv,227,78cf32a6b385f8890d6d46c99510de84d641c7493eb287acc3049eb971003118
factual_v1,0,37d88e7dfa1ec4af43a3/ofdma_summary.csv,237,81b5e2b4889dd80c26f034428e19b19acc9486f9cf3477b6659f072720046a03
factual_v1,0,37d88e7dfa1ec4af43a3/policy_decisions.csv,140936,5682fa8206257699689ca76b301f70269f6d191694a79736b24fbbe135061592
factual_v1,0,37d88e7dfa1ec4af43a3/resolved_config.json,6552,ec00ad4f6225c9c97f7c73356e7dac2983f3b08bdde58c08c73e5eb2f2c2e4e5
factual_v1,0,37d88e7dfa1ec4af43a3/stdout.log,176,8f61b5e37e027256167871e7c0a27fd43c94d43b1e51fe698e48ea02881000bc
factual_v1,0,37d88e7dfa1ec4af43a3/summary.json,1554,e5c2ca73e904410a8432beee3821fc2bf9a93772fe99123b1a83625ae5975e18
factual_v1,0,3c2d015587c263dcf1c5/background_flows.csv,3073,af6d95e4f0ede80e0e976cd76104a8f4ee57bceb477f6293b33a44bf549d8f10
factual_v1,0,3c2d015587c263dcf1c5/background_rate_periods.csv,326294,32864e0bd60f8563cf26b6e10870b384e558896c70363180e0c191df443fd5e0
factual_v1,0,3c2d015587c263dcf1c5/build_info.json,303,03a7aeacc3aa8ffde30bff503e612b2190ec5a37ad16a0da8e8ac8f9301a4cf1
factual_v1,0,3c2d015587c263dcf1c5/frame_packet_outcomes.csv,159142,be94d52aa9ed65eb5dfb7ea97677626d4dedb31e0a59517a700a982b3172dbf5
factual_v1,0,3c2d015587c263dcf1c5/frames.csv,262112,fa59e8f8df8aba2311934c14fba63b9a88683890df8cbac529c48e96d46c712a
factual_v1,0,3c2d015587c263dcf1c5/link_intervals.csv,514,365c06a7aa85df30dd53bf7241b54c8da25e3c994e968271aefa35cc20a9ee26
factual_v1,0,3c2d015587c263dcf1c5/mac_summary.csv,229,4cbf78ffd1a80e87bf7e83e9aba1ad3f41d34b8f65ad5f3409b65f35ed7c5e1b
factual_v1,0,3c2d015587c263dcf1c5/mechanism_t2_actions.csv,291977,b08fbe1626dfae7a57f03ccde4f28528bf0aafaa8611e1a5c005316b53ab14c1
factual_v1,0,3c2d015587c263dcf1c5/mechanism_t2_snapshots.csv,336749,33422bf26042c4bd865b63b26d08a66e7ab3ec252b15b04dbb6d25e162779da8
factual_v1,0,3c2d015587c263dcf1c5/ofdma_summary.csv,237,81b5e2b4889dd80c26f034428e19b19acc9486f9cf3477b6659f072720046a03
factual_v1,0,3c2d015587c263dcf1c5/policy_decisions.csv,201272,89f060b4f7f41d165a93d4e362b956738e5abbaa53834ea98c732e092b3f2db0
factual_v1,0,3c2d015587c263dcf1c5/prediction_polling_samples.csv,3199447,d971dbab20a32d0723a132f890cde5044db7e27730b82acf1c642aaa832a49ff
factual_v1,0,3c2d015587c263dcf1c5/prediction_samples.csv,3927279,f55b813e45ef55764371c475590c1e9e7716601d8637f5b712a593ae11cf9a12
factual_v1,0,3c2d015587c263dcf1c5/resolved_config.json,7722,aa69f3303e43376ff686fb1b09dc72c5b1a85a59a5f12389941fae38b8952d3f
factual_v1,0,3c2d015587c263dcf1c5/secondary_airtime_events.csv,322906,22d258637ceae04d6591a39f88f4a80383fa8f1209815b3f6fec7798aab87f25
factual_v1,0,3c2d015587c263dcf1c5/secondary_airtime_settlements.csv,78619,56652857640aa9a8a6b5bcfb9f1ceb8de00d45a3bc7266ab59ddee8edc0a5e8a
factual_v1,0,3c2d015587c263dcf1c5/secondary_airtime_summary.json,603,636768162871436b6b3c9ea15489ef0da7a05c7271ed00b86bc8e4a4acd8915c
factual_v1,0,3c2d015587c263dcf1c5/stdout.log,190,d5d31bebb5155980848b108dca1a1e18a90445fa86b8b18b386795e035ca58d5
factual_v1,0,3c2d015587c263dcf1c5/summary.json,1932,35c6f1f29aa820ba5030658f2a9d372eade6ce24c4c8624437c39fd58e917eec
factual_v1,0,3e2b2f1e4be9a3371a66/background_flows.csv,3042,16c478eaecc22a079d5307ba430a989651a6d558c8120a0e89d24ef6040f0ca9
factual_v1,0,3e2b2f1e4be9a3371a66/background_rate_periods.csv,191030,70cedd53744ccd2a72c2827be110b238daae16f72e98c63ab76ac65b8a37d4e1
factual_v1,0,3e2b2f1e4be9a3371a66/build_info.json,303,4b28f46e4b0d300dcd570965f510fb7f39e094ed0da0823105dd75e517b10146
factual_v1,0,3e2b2f1e4be9a3371a66/frame_packet_outcomes.csv,212436,b8113bd7188fc82ac38964025456f9374d5dc81487c0f59b6a904991cd87a7a7
factual_v1,0,3e2b2f1e4be9a3371a66/frames.csv,267718,e4c449e4835aedd0db111dd90789fc9a1abaae5d084b71129918b50925e28144
factual_v1,0,3e2b2f1e4be9a3371a66/link_intervals.csv,514,c49ae6bf3ddb0c6ad88bcfda8d0cdef23f249c09fec6522d09c5c413dedd4d83
factual_v1,0,3e2b2f1e4be9a3371a66/mac_summary.csv,228,636d3aed65bc451628e754cad3d8c020b9e04604cb3e6ff6eb8086794af37eab
factual_v1,0,3e2b2f1e4be9a3371a66/mechanism_t2_actions.csv,144356,0ca20a491da0f093c2ee8e50aaa3664c73183841ca4e1b6a2d2ddd9bc86e84c5
factual_v1,0,3e2b2f1e4be9a3371a66/mechanism_t2_snapshots.csv,335220,990405608afbf8c0d8f670d51807551d9ea9a09c0b135ee3a96507269d1e4dd3
factual_v1,0,3e2b2f1e4be9a3371a66/ofdma_summary.csv,237,81b5e2b4889dd80c26f034428e19b19acc9486f9cf3477b6659f072720046a03
factual_v1,0,3e2b2f1e4be9a3371a66/policy_decisions.csv,151736,95479efaad764b7b5dfbbe22d5c9a02dc297582e54db4adb81acb0f753df9ed9
factual_v1,0,3e2b2f1e4be9a3371a66/prediction_polling_samples.csv,3177691,789a143f56fabd912b25d25fd13682c30f4d66b9528a1cf9f88597e14c988f9a
factual_v1,0,3e2b2f1e4be9a3371a66/prediction_samples.csv,3998180,98a9803263ebc780f5a3d3011da25afb508e84ae97a9bac6e68aaf266c0dd41b
factual_v1,0,3e2b2f1e4be9a3371a66/resolved_config.json,7257,7325e8e1df3d0965308d03fe1f56742bdd9156348a60df471f401db26ec838e8
factual_v1,0,3e2b2f1e4be9a3371a66/secondary_airtime_events.csv,288988,98bd9fb0a038be9b21160d465114e21c7db49e7ce8817b81386d32a036bcf4e2
factual_v1,0,3e2b2f1e4be9a3371a66/secondary_airtime_settlements.csv,103,108b472c3dfa7747b73e777b97962cc32dee3e1e60f83fc449c20bccb3a03828
factual_v1,0,3e2b2f1e4be9a3371a66/secondary_airtime_summary.json,575,0e96089f21fa1d4aa1f1ef532c8e162263ab49423288e366c6c284d524b4693a
factual_v1,0,3e2b2f1e4be9a3371a66/stdout.log,190,328da77c87021cc963345dc68ce8b5de04d491d66ebfce06291a54d7d57a1801
factual_v1,0,3e2b2f1e4be9a3371a66/summary.json,1601,9fbf3040b3f0980d8deaec1ea225b66aba489bd9b244a0d28cfb0c8d905d1870
factual_v1,0,435b6885da78bb039373/background_flows.csv,3067,f2094bbe45672f412b40aedf9a602b5d9f61bdec645a49b2e08e9d1f9e89d3f7
factual_v1,0,435b6885da78bb039373/background_rate_periods.csv,351013,5ca5b77cfcc2d89af4008505d9222758bed13bc84464823ba8a3cb26ac2801e7
factual_v1,0,435b6885da78bb039373/build_info.json,303,03a7aeacc3aa8ffde30bff503e612b2190ec5a37ad16a0da8e8ac8f9301a4cf1
factual_v1,0,435b6885da78bb039373/frame_packet_outcomes.csv,184040,4e585b060678771241def7bae5592ff8b36ba70398098e5e684cbb0b43146992
factual_v1,0,435b6885da78bb039373/frames.csv,271767,23a3be54d5640830d06cc5149e607f3a85fd8425ef090626bc3a90da455aff20
factual_v1,0,435b6885da78bb039373/link_intervals.csv,507,0511fb51fc128e537edecaaf4a1d6454abf56cf9532ef50d9e2b8ebbe8045a8f
factual_v1,0,435b6885da78bb039373/mac_summary.csv,225,6208aa7a016ed1bb68549ccd73875a66237a2f28abeb2462c301ef6a73009a07
factual_v1,0,435b6885da78bb039373/mechanism_t2_actions.csv,270987,60ff3db521e829964cbcec60a6c3375b9ebf21ae23fd623d769076a308ef8fcf
factual_v1,0,435b6885da78bb039373/mechanism_t2_snapshots.csv,328689,dee029341ec539dddf11fbd4e29c00420cd39802c56d574ccee15d78aa77b0e8
factual_v1,0,435b6885da78bb039373/ofdma_summary.csv,237,81b5e2b4889dd80c26f034428e19b19acc9486f9cf3477b6659f072720046a03
factual_v1,0,435b6885da78bb039373/policy_decisions.csv,193418,1e3e0dedf992ea86093f330e9a9d97fd2a2debfeca69bed6039712fa8392a9ba
factual_v1,0,435b6885da78bb039373/prediction_polling_samples.csv,3130912,4c06384ca2bfe7ddacc76969a85e460875e159a551cbf91d964763b4bf1049f6
factual_v1,0,435b6885da78bb039373/prediction_samples.csv,3850971,45b13333c5a265db535384ac3cf5fd321688c25ec827b286a22336e79b379535
factual_v1,0,435b6885da78bb039373/resolved_config.json,7753,21c643cce655addcefa142a4d7f1687d21deeeb8f0130d6391df47197a0aac21
factual_v1,0,435b6885da78bb039373/secondary_airtime_events.csv,108612,e3df2dd7a6d2808df2d9aa9f93395124b57888bdd875339360687e1abf514e5f
factual_v1,0,435b6885da78bb039373/secondary_airtime_settlements.csv,41389,cd21a8a630971eea04b982a300c7932294fe278e40013b4fbe69e1bc0eb91a9f
factual_v1,0,435b6885da78bb039373/secondary_airtime_summary.json,596,a1ab14a4008934ddd30a26f3dfb1019672c56664a650e7b3bf8101d3abeaf32d
factual_v1,0,435b6885da78bb039373/stdout.log,188,0b58d2dd88205b5ee194170d6984f85a15b904f5aad04bc503b1dca02ef3f3fd
factual_v1,0,435b6885da78bb039373/summary.json,1870,2d11b0ee7b83ba5dd44d19c0ec7b8c10ea5cead5ff4d2b0f07619768a81cd5c4
factual_v1,0,497a2b24c3b28c0f6c51/background_flows.csv,3049,af18d119b94627a0bbad58db6dc2f012251adc1a5d1b379752e961fbb8361db4
factual_v1,0,497a2b24c3b28c0f6c51/background_rate_periods.csv,324992,3aeaa6aaf47f0499e92c7c8c8fef8ff736257178c48020e2d942f63bb7f914bd
factual_v1,0,497a2b24c3b28c0f6c51/build_info.json,303,4b28f46e4b0d300dcd570965f510fb7f39e094ed0da0823105dd75e517b10146
factual_v1,0,497a2b24c3b28c0f6c51/frame_packet_outcomes.csv,156543,616a82aa61c38ae489f2ef05162fcb2da178aad254d1bf7446e0b59ece03f829
factual_v1,0,497a2b24c3b28c0f6c51/frames.csv,277117,62da36c8ba36e51043aff6ee630bfb1a4e4dc09a1c9797fb33ab29b905004473
factual_v1,0,497a2b24c3b28c0f6c51/link_intervals.csv,505,2d4b34548d3b794262509e53cbd6ea6b19e2251ed4e448c0236fd3b5e8b09b77
factual_v1,0,497a2b24c3b28c0f6c51/mac_summary.csv,224,0fece4a2a2d05b95334e2518b65aedc68811f20cdb2b6f761fb031ccbbdb28ba
factual_v1,0,497a2b24c3b28c0f6c51/mechanism_t2_actions.csv,245426,9ec9645d8c17179a681422d3c940e050c6c0d127471552360698d631a9ed962f
factual_v1,0,497a2b24c3b28c0f6c51/mechanism_t2_snapshots.csv,322403,2a779b9db649661168db520cd6d8aeef9c1215532c61715c088fc40ce6958fd9
factual_v1,0,497a2b24c3b28c0f6c51/ofdma_summary.csv,237,81b5e2b4889dd80c26f034428e19b19acc9486f9cf3477b6659f072720046a03
factual_v1,0,497a2b24c3b28c0f6c51/policy_decisions.csv,178736,221b82440a3dbe389d5eed4af0fe05230c1d4e7e47b845309f7ceb92f3935a44
factual_v1,0,497a2b24c3b28c0f6c51/prediction_polling_samples.csv,2934856,992f8c68e27d9765b9546ab5d5b76911ec8c5c8e8cc68002248dd939899dbeb9
factual_v1,0,497a2b24c3b28c0f6c51/prediction_samples.csv,3667670,01851062f4b6065244a1c8cd706f5cc3e652670ea159ebd9fd855a1980b8396e
factual_v1,0,497a2b24c3b28c0f6c51/resolved_config.json,7290,53a7ee808d79cdbc654d6c5637ce80ce865a73f04d5d353a729e5cd726c34a1f
factual_v1,0,497a2b24c3b28c0f6c51/secondary_airtime_events.csv,721258,a3a8cb816daded5c339602f843fd2659e09ff1c98f4e16601e9f7cb409f83f56
factual_v1,0,497a2b24c3b28c0f6c51/secondary_airtime_settlements.csv,112331,55b81bf94699bb045bcc8f3acda81ee676d2dcfa15b1e99b0c0a9afe66d9d907
factual_v1,0,497a2b24c3b28c0f6c51/secondary_airtime_summary.json,604,24ae900ff0ebbc2e491c051e6bc68f82de80ed10ca6f28348df0cd805c8d2129
factual_v1,0,497a2b24c3b28c0f6c51/stdout.log,188,9484c34083f53ad9c34c45127ec2fea0737332078f9d0ea7c458cd618e7f0b19
factual_v1,0,497a2b24c3b28c0f6c51/summary.json,1605,03e0fb2259c5586bc00d1f4d176028a544214397bdfe043caef56e4e6c66cd53
factual_v1,0,5340f5b623c7d8a48c91/background_flows.csv,3042,fd061df0fb17a5a95ac40117510c6f824330777c2e2c19f814149561bb1f8e1e
factual_v1,0,5340f5b623c7d8a48c91/background_rate_periods.csv,191030,564794ac5556deb6b6af0b7987671c4138b657ac97b5822737391ddd313e5bb4
factual_v1,0,5340f5b623c7d8a48c91/build_info.json,303,4b28f46e4b0d300dcd570965f510fb7f39e094ed0da0823105dd75e517b10146
factual_v1,0,5340f5b623c7d8a48c91/frame_packet_outcomes.csv,212190,88ff55ceaefee40d2d4f7c99144b65dcfd89586b3abd26e3b5171f299e77f5ba
factual_v1,0,5340f5b623c7d8a48c91/frames.csv,278285,a395140e7312493c8bde04eb4033b39d82087fda5ce41059297e8037bd2e1fd3
factual_v1,0,5340f5b623c7d8a48c91/link_intervals.csv,513,7889f9f08681843cf4ce2ae68cd496453fa1b9a7ad75ecdba2e78156945fb4ca
factual_v1,0,5340f5b623c7d8a48c91/mac_summary.csv,227,bff524b73ac235af43f10b8710864c242b7debd2eb1a95d641d09b7def3094fb
factual_v1,0,5340f5b623c7d8a48c91/mechanism_t2_actions.csv,251456,72166ce777bfb9273e861f6ebc6d58ccccd8f9324a688021f5b9068588b82666
factual_v1,0,5340f5b623c7d8a48c91/mechanism_t2_snapshots.csv,325352,cae71fd583f16b0050e59811b01ab8309131aeb36ceaee39dd2429280dc308bd
factual_v1,0,5340f5b623c7d8a48c91/ofdma_summary.csv,237,81b5e2b4889dd80c26f034428e19b19acc9486f9cf3477b6659f072720046a03
factual_v1,0,5340f5b623c7d8a48c91/policy_decisions.csv,169736,1441eae75925c47d2047ebd74df2025781a10b125d9ca96664d773d9cf10cc35
factual_v1,0,5340f5b623c7d8a48c91/prediction_polling_samples.csv,3129092,1782c695db32e792501d2616c3eca03880307a3a8dcbd74b6c6c7d84ccd42e15
factual_v1,0,5340f5b623c7d8a48c91/prediction_samples.csv,3854821,c79dc3d253924ba3e88843aac65da83dae8f598634635dbb59e687a75893517b
factual_v1,0,5340f5b623c7d8a48c91/resolved_config.json,7269,d510c004c7cf7b14fa60c18e3116eef7f02013ba41343ae82335ceb33c42a13f
factual_v1,0,5340f5b623c7d8a48c91/secondary_airtime_events.csv,290373,83edbd1615140bf175b53d2b02868f97fcfba49c763431b154ef9c831c1836d8
factual_v1,0,5340f5b623c7d8a48c91/secondary_airtime_settlements.csv,113838,3b4f179f628fda9758a5ddca609fb819f4c7cf1652f5cc73fe7f3bf3ccbf46bc
factual_v1,0,5340f5b623c7d8a48c91/secondary_airtime_summary.json,604,b243c6ab9c263b1c076c41084b2be9a73990cbe30248f4631eeda454baf57c1a
factual_v1,0,5340f5b623c7d8a48c91/stdout.log,190,82b74f72f9cab9daad66f49a6b09bde16a11eb120a7ddaa1498d772e87df191b
factual_v1,0,5340f5b623c7d8a48c91/summary.json,1588,b06ffed300f1ed027c32c0333cc434b43cc8a5b99138e7674ee4beedd616ff2e
factual_v1,0,569a03bc458c0d7491a0/background_flows.csv,3105,db50bec74c709205de18a14158f8bd98c5c7718e43ee541a50193f39b41a0006
factual_v1,0,569a03bc458c0d7491a0/background_rate_periods.csv,319210,45ae564e8105d08567e527284c34b5e0dc188c217a0d00976e22bf18038af85f
factual_v1,0,569a03bc458c0d7491a0/build_info.json,303,4b28f46e4b0d300dcd570965f510fb7f39e094ed0da0823105dd75e517b10146
factual_v1,0,569a03bc458c0d7491a0/frame_packet_outcomes.csv,130034,4f08187c5fe3bb4793a5082172fe6f1b313e6e522e7235085c3ae92fe837b000
factual_v1,0,569a03bc458c0d7491a0/frames.csv,247234,0dba6d01e42f188226c1097c4a13c4680d161631bf1e4cb2bdd4b67ee7dd4a47
factual_v1,0,569a03bc458c0d7491a0/link_intervals.csv,518,63903f046ba82cb545442bef604f1f2a0b3c0457a65bb491ad403a645c412853
factual_v1,0,569a03bc458c0d7491a0/mac_summary.csv,235,e8c5ba634f70fe0415d0602d9aa7932e7246f9db92f324436eec9b4c80ef2c4a
factual_v1,0,569a03bc458c0d7491a0/mechanism_t2_actions.csv,251456,632b6e6bb0e75fbd93416a8c1a90abcf2f66a1d57003ce4bd1fe644cc68730c7
factual_v1,0,569a03bc458c0d7491a0/mechanism_t2_snapshots.csv,362744,d071b21c4b03509d3d214aba0569b556e9c38df3a49824f06a9a38b958da792a
factual_v1,0,569a03bc458c0d7491a0/ofdma_summary.csv,237,81b5e2b4889dd80c26f034428e19b19acc9486f9cf3477b6659f072720046a03
factual_v1,0,569a03bc458c0d7491a0/policy_decisions.csv,169736,fae34a3dc5fcc88cf0c3e0aaf3e680ca79c148756a0290843354239ab9710e4b
factual_v1,0,569a03bc458c0d7491a0/prediction_polling_samples.csv,3112383,fb262a441d062b2711f3efc81f03dc5a292dead98c487574be646d31a08d3275
factual_v1,0,569a03bc458c0d7491a0/prediction_samples.csv,3910628,0a22d6b6fd30961b911614f7f5c59b13b034fc8d32ac7d66d863ab788cfa1df1
factual_v1,0,569a03bc458c0d7491a0/resolved_config.json,7261,030bf05ff373e0d01dd657f7ba97f5b6b6d6cc74444002ff70726bf6fc1be746
factual_v1,0,569a03bc458c0d7491a0/secondary_airtime_events.csv,287919,d40eae614c8a8988e8fdb06e106018fe04d67a96e19a69d0f0d23c3dc83e0a2d
factual_v1,0,569a03bc458c0d7491a0/secondary_airtime_settlements.csv,128208,2ee4e92f589aa62ad41f467b249eab3fc70084e2ff2e6451b3ee7b2e3a89827f
factual_v1,0,569a03bc458c0d7491a0/secondary_airtime_summary.json,601,6dfc9ae22a142a6a872c70dc98ca025d3636ebd817cade035ff05a001c354ad8
factual_v1,0,569a03bc458c0d7491a0/stdout.log,190,8379d04f2927ba9629cd03b865254fd3b1811b15c5dfea699f22f3b3a4f2aec5
factual_v1,0,569a03bc458c0d7491a0/summary.json,1574,249035d10587619ac6a10575eb27d00fc906f89455a7e9428ccc5bd8958911ac
factual_v1,0,5a4fa7d49cc1071bec6c/background_flows.csv,3105,4d59c2f986175d99088c756c98552b8c98ac6d0b6d7656ebeaf9828ddf2c30af
factual_v1,0,5a4fa7d49cc1071bec6c/background_rate_periods.csv,323435,59243e7356516839242076cac1277efa1814617dbc2c23fa51912d0d9ecf61ad
factual_v1,0,5a4fa7d49cc1071bec6c/build_info.json,303,4b28f46e4b0d300dcd570965f510fb7f39e094ed0da0823105dd75e517b10146
factual_v1,0,5a4fa7d49cc1071bec6c/frame_packet_outcomes.csv,142101,9367be80931e93e10e133d259274e6ede9f413295181fdde427a9d03b2b3d9d9
factual_v1,0,5a4fa7d49cc1071bec6c/frames.csv,263541,b8f9fc1d4fca21b6ba32b9e049e52f107792a64e480dd981a84f2937f2cdae8d
factual_v1,0,5a4fa7d49cc1071bec6c/link_intervals.csv,511,b83692aaebc49bcf609311e9c3c1712b5c9ae85a72af74af8f012fd9a1181aca
factual_v1,0,5a4fa7d49cc1071bec6c/mac_summary.csv,230,ec0bdbae3b6102c9d6537ea4dd59d54bdde45423489b275215d525d94d9b89f9
factual_v1,0,5a4fa7d49cc1071bec6c/mechanism_t2_actions.csv,245426,e08a47f5b6de45f0e588b38a68b8b81a991cf52deff3d1466a6aa0829cb8bb0f
factual_v1,0,5a4fa7d49cc1071bec6c/mechanism_t2_snapshots.csv,341675,bac71a5e3c099a987d42349aef4a64edbb77fea9e72c8ce0bb8ae1d24b005b1b
factual_v1,0,5a4fa7d49cc1071bec6c/ofdma_summary.csv,237,81b5e2b4889dd80c26f034428e19b19acc9486f9cf3477b6659f072720046a03
factual_v1,0,5a4fa7d49cc1071bec6c/policy_decisions.csv,178736,82ca724cf5054caaa2f2ac97102bf03d9c59fd23ebf90e341e20780647a455b9
factual_v1,0,5a4fa7d49cc1071bec6c/prediction_polling_samples.csv,2981206,e02a441781c156b5ccb93e673568f5d3e47c4b67f28303e4b87ae712fbf54d73
factual_v1,0,5a4fa7d49cc1071bec6c/prediction_samples.csv,3753740,1137181cc96c13ec1efff4dc73ed31a124b7947e86653737b252082d71ef3d9e
factual_v1,0,5a4fa7d49cc1071bec6c/resolved_config.json,7291,ec8371aedabb765462fc3b41d4f25fd3254f130ea54bd355fb4f3d6f491ca9f0
factual_v1,0,5a4fa7d49cc1071bec6c/secondary_airtime_events.csv,326058,8ba09f710ce889c898cefa1c1cbfd56b05f7584961a75daf6ad6bb4660aeaf3d
factual_v1,0,5a4fa7d49cc1071bec6c/secondary_airtime_settlements.csv,125390,8b7d9d81afba6651a5c77b3865f3773db76abe99bc85218d389b595aca52b071
factual_v1,0,5a4fa7d49cc1071bec6c/secondary_airtime_summary.json,601,4f4f5fab0590a869fd81ddad0e45ae6ae2e334e08b440fb7568835388ed1b684
factual_v1,0,5a4fa7d49cc1071bec6c/stdout.log,188,0e3336091920c2ec245efedca17e847321c30d4f8de89f7eec34b48ecafb39d8
factual_v1,0,5a4fa7d49cc1071bec6c/summary.json,1601,ee4277139f0ae947d496d93bd9429afd7876a84fa5405ab8cc36e5103f972a9e
factual_v1,0,5c57994956a18b0a83ae/background_flows.csv,3042,b5abd561343fea8b12d09c5f0f71a2b705f93e9ff448eeebaf176b3f110d4478
factual_v1,0,5c57994956a18b0a83ae/background_rate_periods.csv,191030,240deb0d9c07d4e726e5afc64807b35ccb8e3b7bc401c05cd84013be5833e53d
factual_v1,0,5c57994956a18b0a83ae/build_info.json,303,03a7aeacc3aa8ffde30bff503e612b2190ec5a37ad16a0da8e8ac8f9301a4cf1
factual_v1,0,5c57994956a18b0a83ae/frame_packet_outcomes.csv,168878,0bb61c4fc300a4ff52bccde23d6b3b57e59ad55929eafc0e55f809e839f20466
factual_v1,0,5c57994956a18b0a83ae/frames.csv,269848,3ffc9e5338cdafd3c71e08a6167db069ab53641e303ebb38811455f3352978a2
factual_v1,0,5c57994956a18b0a83ae/link_intervals.csv,509,6ca042db78eff62d71f06e301e4a60caca4565b201ec848f475cf026e0b46fdb
factual_v1,0,5c57994956a18b0a83ae/mac_summary.csv,226,9756578c97ab3308e83d26165f6f60654c305c59a93141849f7fa66e413a8012
factual_v1,0,5c57994956a18b0a83ae/mechanism_t2_actions.csv,271943,fe00cbd75f9696cadc8635bc3d1ad2c7175a0030bdd195e4808b6bc0ba8fe270
factual_v1,0,5c57994956a18b0a83ae/mechanism_t2_snapshots.csv,324628,8b5dcf1f0271e04a85ba5d31ed5451d4163490e0c2c586d18a73e258b2dde006
factual_v1,0,5c57994956a18b0a83ae/ofdma_summary.csv,237,81b5e2b4889dd80c26f034428e19b19acc9486f9cf3477b6659f072720046a03
factual_v1,0,5c57994956a18b0a83ae/policy_decisions.csv,194398,727390db6a096c03113f0474edb1d024b040e4bb176a3751b37c383fc58e2a30
factual_v1,0,5c57994956a18b0a83ae/prediction_polling_samples.csv,3106362,2ec41f4b21b0c29178f2a2bc177b4c5b63e68761d646d22935aac0100bd71a02
factual_v1,0,5c57994956a18b0a83ae/prediction_samples.csv,3830420,beabfd269b45ce27c1542288695b3dd793212783bfea048f47ac6efcbce28263
factual_v1,0,5c57994956a18b0a83ae/resolved_config.json,7442,0e5749015b156f19afb1aeec05c2a1036a162388c7bbf50829ecce07c7f2e4a4
factual_v1,0,5c57994956a18b0a83ae/secondary_airtime_events.csv,121042,7699db93de6065d689742795d3af96526572f1c4db36868baacf78f0dfd3284e
factual_v1,0,5c57994956a18b0a83ae/secondary_airtime_settlements.csv,46537,264ca7b02be5fb7f6b811d94587f54ea9b5bdf4da1039d48789f456dc39a945a
factual_v1,0,5c57994956a18b0a83ae/secondary_airtime_summary.json,604,fe29884d462b8a4f8cc28a0aa593488830553ff18536cbeec0fdd9dc06333aee
factual_v1,0,5c57994956a18b0a83ae/stdout.log,188,69485751ab546159634a0370b90c82df8797b88364bafbe175e627083e348985
factual_v1,0,5c57994956a18b0a83ae/summary.json,1562,85ac1234811eaa7d4af05f1bb28e0b4fbac7eb28d413658eab089f52218d1559
factual_v1,0,5eb3c1f4b8611422b0ef/background_flows.csv,3073,65173b67247722c5f679cc009cd17dd96dfba6650b1eaf126dbb933afd07ff74
factual_v1,0,5eb3c1f4b8611422b0ef/background_rate_periods.csv,326294,c3b32567a01ccb75e4c2038d30e01eb96bd7306f30eb860a21f0a820b29a5d54
factual_v1,0,5eb3c1f4b8611422b0ef/build_info.json,303,4b28f46e4b0d300dcd570965f510fb7f39e094ed0da0823105dd75e517b10146
factual_v1,0,5eb3c1f4b8611422b0ef/frame_packet_outcomes.csv,126447,5acdc229f31f8bb0626600ca51880e68dcd406bca28acf12404feb7473c298f0
factual_v1,0,5eb3c1f4b8611422b0ef/frames.csv,228088,d596f4e53cf5ae222483ac9a980ce9057c475dcca1148c90c1ff0cc5eab6c9d4
factual_v1,0,5eb3c1f4b8611422b0ef/link_intervals.csv,460,db43d948558c5db97371b78b7e6d941332bd1d5d55bc9fd4c421ed534abf8707
factual_v1,0,5eb3c1f4b8611422b0ef/mac_summary.csv,202,5878fb46c253d994ec8368c1db5c0d224cf160a326b19db2018b1b5fa38c1453
factual_v1,0,5eb3c1f4b8611422b0ef/mechanism_t2_actions.csv,144356,35805221052b9ff154e5bdf1123b46bd9b67c8ec5c424beb06fb7b3b980902a5
factual_v1,0,5eb3c1f4b8611422b0ef/mechanism_t2_snapshots.csv,334285,bce4b1cf5e5bd95f39a9a309f85d195ecfbc3d4c8d3943fe781355e06b2383a0
factual_v1,0,5eb3c1f4b8611422b0ef/ofdma_summary.csv,237,81b5e2b4889dd80c26f034428e19b19acc9486f9cf3477b6659f072720046a03
factual_v1,0,5eb3c1f4b8611422b0ef/policy_decisions.csv,140936,3924e3a55fc5139c82615d00babeadc1a3ffb547da77dfc6018a632323ad8359
factual_v1,0,5eb3c1f4b8611422b0ef/prediction_polling_samples.csv,2988459,52a2692253a435c26e4e077f39c9bd8553d5e2baf8a4a6487b1f5ff543d84806
factual_v1,0,5eb3c1f4b8611422b0ef/prediction_samples.csv,3706782,d8f275634fda7be7ed2b49ed44a007b5199e1d8c5f43224d40f57ecb89b15c2e
factual_v1,0,5eb3c1f4b8611422b0ef/resolved_config.json,7280,23430048fb5aa0122051830e9501ddb156adc0800c5a1b9c658e99e89aa90ba5
factual_v1,0,5eb3c1f4b8611422b0ef/stdout.log,176,59311563587b4c1bd54479d5004e182e9c6af6259bdf9bb14d17c7c947d39512
factual_v1,0,5eb3c1f4b8611422b0ef/summary.json,1839,cb4a37755a659c5e6cf958e4b9d15b0b332ead2cdd8433e87af1cb2fcf319cf9
factual_v1,0,63941501611c1a520ef4/background_flows.csv,3049,29ec8f01710b48bbcce4365bd70ecb6f1df78981b78bd24caafbdecab1022743
factual_v1,0,63941501611c1a520ef4/background_rate_periods.csv,324992,f0b2b1fecd911d34800f70dc74002829a51e695073496e33fc79dc79c5c1fe8d
factual_v1,0,63941501611c1a520ef4/build_info.json,303,03a7aeacc3aa8ffde30bff503e612b2190ec5a37ad16a0da8e8ac8f9301a4cf1
factual_v1,0,63941501611c1a520ef4/frame_packet_outcomes.csv,166328,14d7d13a2981f6cfa4b1f1d5388aab6938119bfbd830370ec6eaffed079c14f9
factual_v1,0,63941501611c1a520ef4/frames.csv,270501,bf14a7625712ab67cbd6d777ef9392192f721617728e5592bfc3983376e7a5e1
factual_v1,0,63941501611c1a520ef4/link_intervals.csv,505,375d5ec478978d539d02787977b656bb1066bc4f84f22cd68694148b88cdb813
factual_v1,0,63941501611c1a520ef4/mac_summary.csv,224,14ffa4b91f478a3b7c055a835733f740f76b87e0dbcc727a7ec1aa870506bc5d
factual_v1,0,63941501611c1a520ef4/mechanism_t2_actions.csv,269083,21dde3a69f76f9073815745c2aac3d8c9f3f401ff527a2a4202050fb2b198f67
factual_v1,0,63941501611c1a520ef4/mechanism_t2_snapshots.csv,322369,9c05145c95aba4bcb60b169b5c8d11d60649faccf16bcd1523668a151faef1a9
factual_v1,0,63941501611c1a520ef4/ofdma_summary.csv,237,81b5e2b4889dd80c26f034428e19b19acc9486f9cf3477b6659f072720046a03
factual_v1,0,63941501611c1a520ef4/policy_decisions.csv,193670,4d5f76bbccbe52a7d442451ffdf793d4b776cada985f7995122d69de99d521d8
factual_v1,0,63941501611c1a520ef4/prediction_polling_samples.csv,3079632,cfd1c50a04b450fb1089c7ea18e3c46db6e03872ee36b72db10cd46b3b7c0a22
factual_v1,0,63941501611c1a520ef4/prediction_samples.csv,3811647,3ab95e882c5d47ab26a2dee2a0779133d57202dae8828f0ba5526f6dd1e3e595
factual_v1,0,63941501611c1a520ef4/resolved_config.json,7444,a87a920b637468722ab11a464f9648ab575875bb2900f4b2d2effc94733709c9
factual_v1,0,63941501611c1a520ef4/secondary_airtime_events.csv,437141,4469fe8914f8499350047dd26015f4ff75f7e3fa2a2d4c01d07e9382c3abe494
factual_v1,0,63941501611c1a520ef4/secondary_airtime_settlements.csv,43112,8e4fba7c86533c2d409837aee665ae67b0c5ef32f51af88484c8fd108b0a7978
factual_v1,0,63941501611c1a520ef4/secondary_airtime_summary.json,604,43344514992972018f418639cc493d75354ea027fce021da528bff8bad50c497
factual_v1,0,63941501611c1a520ef4/stdout.log,188,a40c6b6a28a147497db8a7fc5b0cafde9494cec1a283910bbabb136e44c24d99
factual_v1,0,63941501611c1a520ef4/summary.json,1586,8ddecd165730f36ab8fe1ed0b10ed3e4b35dd9c641c3259a00259fa86275b206
factual_v1,0,65cb20081ec03e71b153/background_flows.csv,3105,647e8f4b0cbf4dfaebb7048f8f7e9029683fc61afd44de7ec2d2ca341efd371a
factual_v1,0,65cb20081ec03e71b153/background_rate_periods.csv,319210,b425ec98e5891745519fa1f7fb5303ca27973a9037aeb3b81b008cfcdce0609d
factual_v1,0,65cb20081ec03e71b153/build_info.json,303,4b28f46e4b0d300dcd570965f510fb7f39e094ed0da0823105dd75e517b10146
factual_v1,0,65cb20081ec03e71b153/frame_packet_outcomes.csv,129855,a4a9c6d7c5ae5dc4d277bfd53ed443e753cb06895fc31fb69b27908a9d807a56
factual_v1,0,65cb20081ec03e71b153/frames.csv,254746,7da4b351d72d8025d3414938ba0e902d43b933afcbff7b4ecdbff2cfb20c28ff
factual_v1,0,65cb20081ec03e71b153/link_intervals.csv,512,2ac41513aea61e1efd4303eda116e155fe1f7d74d85b9d65414690ad8e347513
factual_v1,0,65cb20081ec03e71b153/mac_summary.csv,231,ca8e6688a5db505bfe8f5ff7252f593dae513eaacf422748ab903b546647633f
factual_v1,0,65cb20081ec03e71b153/mechanism_t2_actions.csv,245426,a8aa3e6ccee98524f5d4f53844227351944c462d7d16a5e7885de6b9ad7eb625
factual_v1,0,65cb20081ec03e71b153/mechanism_t2_snapshots.csv,354238,1c1c773e5820400eb5654017da38efbbc5e1b05c6dee584c5a4478e8a24c282b
factual_v1,0,65cb20081ec03e71b153/ofdma_summary.csv,237,81b5e2b4889dd80c26f034428e19b19acc9486f9cf3477b6659f072720046a03
factual_v1,0,65cb20081ec03e71b153/policy_decisions.csv,178736,0fe67a1f407a96a3a45ab8b8a14f3f4e66381f30f8861d1557e84470b2f1a8d6
factual_v1,0,65cb20081ec03e71b153/prediction_polling_samples.csv,2931374,a9447a0f1b527d0ac9ef697bc27c22fb5d866b3c1eee6e773d88e6b3c0009b19
factual_v1,0,65cb20081ec03e71b153/prediction_samples.csv,3708788,7224607258be27225daea04249efcd914911c6804e64fc93ec9d389a46ba9e03
factual_v1,0,65cb20081ec03e71b153/resolved_config.json,7280,f9c8a3974b24e18b374e6ca6af63676e376b11695bafd0e3bbdec1997ed06952
factual_v1,0,65cb20081ec03e71b153/secondary_airtime_events.csv,421803,57b874464a26823bf6bcc22517dbed1ddc1c06d3a0e58d3acec618635c2a66fa
factual_v1,0,65cb20081ec03e71b153/secondary_airtime_settlements.csv,123364,7e7619962223ffe22aa91e510db073bf1871c1c099243b401183ef4bf96ece0a
factual_v1,0,65cb20081ec03e71b153/secondary_airtime_summary.json,606,6712f69f997f00e57bb2d9d9e2b9ec89ef6f0b758471c106b3de99f8cecf92e9
factual_v1,0,65cb20081ec03e71b153/stdout.log,188,04fbf7687b38395f4451ed848aa6d6e6de6594bc458d8d16e32aca6a73d28ba5
factual_v1,0,65cb20081ec03e71b153/summary.json,1610,47be568d1c4435b5224c28ccce9051351d113694022df4bd13b9ce80c118e581
factual_v1,0,66a5e13311c57d8e2750/background_flows.csv,3067,8f07f37ffa6d35a79178a100507aacf43e0965defde2fd9f801c0f90fdd0a5b3
factual_v1,0,66a5e13311c57d8e2750/background_rate_periods.csv,351013,cc018a8bb53b14d125c03c0718fd7e8f6b507997ee125a35219be7da444a871d
factual_v1,0,66a5e13311c57d8e2750/build_info.json,303,4b28f46e4b0d300dcd570965f510fb7f39e094ed0da0823105dd75e517b10146
factual_v1,0,66a5e13311c57d8e2750/frames.csv,250949,14cabdd1266decfad887123e6e795cf26dee45c0288ca05002ee4fd70a4b7294
factual_v1,0,66a5e13311c57d8e2750/link_intervals.csv,486,047dcbe66f9c59bd6e16ac93a93ff898a8912e4cf878258695acf8c975768e6e
factual_v1,0,66a5e13311c57d8e2750/mac_summary.csv,222,176dca1af540dbaa40a383666b843d4b1a4af3777dde54d3f2ae98c403e05af4
factual_v1,0,66a5e13311c57d8e2750/ofdma_summary.csv,237,81b5e2b4889dd80c26f034428e19b19acc9486f9cf3477b6659f072720046a03
factual_v1,0,66a5e13311c57d8e2750/policy_decisions.csv,140936,296137d0ff5ea4caff16f66ad8b37784f82caf0d3042f73891e30e8ad1a7c7f7
factual_v1,0,66a5e13311c57d8e2750/resolved_config.json,6875,6e1cd5fa757a85390abf2ab73c228a090ccd6b972e8d41bf64a176200889c80f
factual_v1,0,66a5e13311c57d8e2750/stdout.log,176,9844f1ab214e8ebe93da62b4dfa88ca60868d74defa024f888371ac20a535a37
factual_v1,0,66a5e13311c57d8e2750/summary.json,1839,3e0ee9d8a8de2334972b7c33b5467ced8700b4b151dc453abba351d53cb457ce
factual_v1,0,69533743b308f6605075/background_flows.csv,3067,dfeeca8c8753c23e29baed9a1f241f5be61ce07f9420650d0dbb47c2e617dc23
factual_v1,0,69533743b308f6605075/background_rate_periods.csv,365159,b021694f28acabb9da9a10e953190bfbec11fbceb69f000edccb2a6fef33631b
factual_v1,0,69533743b308f6605075/build_info.json,303,03a7aeacc3aa8ffde30bff503e612b2190ec5a37ad16a0da8e8ac8f9301a4cf1
factual_v1,0,69533743b308f6605075/frame_packet_outcomes.csv,182852,ab2df8510159ca465e5f9be18b08d48ea593f28ad352e675289ef2a498f47d85
factual_v1,0,69533743b308f6605075/frames.csv,272215,f9d44a97f8887dd3103621ade80caf3fdf28b96283f396a61f60a1ddc48e1745
factual_v1,0,69533743b308f6605075/link_intervals.csv,507,5da519d02a72c8e6a44f03eccc50f6903d0ec06a80878bb383ed5d05bbedd251
factual_v1,0,69533743b308f6605075/mac_summary.csv,224,5aa0a9d02b8ec7dd0f6a777b68aa6e9dccec63ea0db05330b26a5be157373690
factual_v1,0,69533743b308f6605075/mechanism_t2_actions.csv,268457,c39ec1be14f588ea70e9a89f20306bde65af56051d05e2075e5b127d7f3adad4
factual_v1,0,69533743b308f6605075/mechanism_t2_snapshots.csv,327668,0dfae010fa727971e2640aa08f5dc9f7aa6d23acd6b50d8bb23dd0e7f0d16e75
factual_v1,0,69533743b308f6605075/ofdma_summary.csv,237,81b5e2b4889dd80c26f034428e19b19acc9486f9cf3477b6659f072720046a03
factual_v1,0,69533743b308f6605075/policy_decisions.csv,192676,6546cc8dc215b0fa8132419987be8e88673a45eb33883686b9513d597ec523a0
factual_v1,0,69533743b308f6605075/prediction_polling_samples.csv,3147870,1c8d244b37c26062e0209f7d0a5a51969e089239c9b1266a463f49c4a3d20330
factual_v1,0,69533743b308f6605075/prediction_samples.csv,3864598,4272348cff27f2b922ebcf460e5073d67e587dbda74d5e35e0602e3802776673
factual_v1,0,69533743b308f6605075/resolved_config.json,7738,4e7c1bb97420c06eb4cf33ff3dea0734de60d000820d2f5e8192d5d9b55a36b4
factual_v1,0,69533743b308f6605075/secondary_airtime_events.csv,116310,30623590c00c0302575ffad6ade3945eecdafb94e0684b14f7ac1261795f0877
factual_v1,0,69533743b308f6605075/secondary_airtime_settlements.csv,38445,b355e140e4af82bb161cfc8fd1f0b6c4e3494326a4ce1b75bdfe0aff5897c0fb
factual_v1,0,69533743b308f6605075/secondary_airtime_summary.json,597,27cc995a0c57e9614203f28de52917b0ab9c0510d209191a5414c999c78feac4
factual_v1,0,69533743b308f6605075/stdout.log,188,721f715bd666e45d0e44629eec9f2f60c62a8ed361fd36a20ad3c6da0917b152
factual_v1,0,69533743b308f6605075/summary.json,1887,587e2e6ddd9802aa833ac909e0e964653cc8c30e64c1ff8bf4a22d2398e072b2
factual_v1,0,7062cee2d865215b429b/background_flows.csv,3067,12e04fc3e382a144066f2af9d7b9ce276cdbf2c78db1df02b06b07391ed7775f
factual_v1,0,7062cee2d865215b429b/background_rate_periods.csv,365159,db653ceaf753cf5df3ad4d404baf47304e382a2dd068a8d6ae8acb42270883ee
factual_v1,0,7062cee2d865215b429b/build_info.json,303,4b28f46e4b0d300dcd570965f510fb7f39e094ed0da0823105dd75e517b10146
factual_v1,0,7062cee2d865215b429b/frame_packet_outcomes.csv,238189,145d03f65ac6ebe2104202c9b54c10e07ddcc380f3451fa0b32930ebe8c5c32a
factual_v1,0,7062cee2d865215b429b/frames.csv,278777,822a6acca52f4b822362f8e88fb0331b23a6ed890e32f8966aaf778fd3efebe5
factual_v1,0,7062cee2d865215b429b/link_intervals.csv,511,e0dc9b6df645ebddc7e3366d888de16147d2a0396b79ff8ef0b9fd2c0aac6765
factual_v1,0,7062cee2d865215b429b/mac_summary.csv,225,6f016fc9f6ef257cf5083197d9b74b125a1e7a2ae508f58288a5c6ebe5eaeafa
factual_v1,0,7062cee2d865215b429b/mechanism_t2_actions.csv,255776,ed560e71c16c282bbde31b55ac5d368a1c227be8806a23f829aa947892452b97
factual_v1,0,7062cee2d865215b429b/mechanism_t2_snapshots.csv,328168,237b3f67b7aa982783ef550d0902e5890df33698bf321221587d0de24b3c9804
factual_v1,0,7062cee2d865215b429b/ofdma_summary.csv,237,81b5e2b4889dd80c26f034428e19b19acc9486f9cf3477b6659f072720046a03
factual_v1,0,7062cee2d865215b429b/policy_decisions.csv,169736,60d5ac6f238f0c1088554681e7dccd4f9d503664f0c784ac39e022ea76a43079
factual_v1,0,7062cee2d865215b429b/prediction_polling_samples.csv,3174021,cf0c090cb96139665be131c41738925b37e1cd1206d8d87ec223e29e192df63d
factual_v1,0,7062cee2d865215b429b/prediction_samples.csv,3892855,9048e2852cdb84fc12308623d4a2f671ef7d2f1eb31c0b44ba9424af7958cee1
factual_v1,0,7062cee2d865215b429b/resolved_config.json,7565,98e279e6b691e9fa29114f0c7e9f8faa11c0d4d5f57d479a1b1f02e76796c474
factual_v1,0,7062cee2d865215b429b/secondary_airtime_events.csv,320269,1ff21a30a7297ba8a5627b347594197e1245f336840090fb6846b227f24926e4
factual_v1,0,7062cee2d865215b429b/secondary_airtime_settlements.csv,113139,cd7a7e78dc1b291883c5e48797ddc053988e3f9f05a33ed599e50f591192868e
factual_v1,0,7062cee2d865215b429b/secondary_airtime_summary.json,596,95d0a177ebff92135e61f6355ef10c174cc73514f7b67b353e92355f9ba222b0
factual_v1,0,7062cee2d865215b429b/stdout.log,190,9a0ae4733f73d03d64c4b4662f4485e9a0913b33f31e9180e1128b7d02b39436
factual_v1,0,7062cee2d865215b429b/summary.json,1897,c30008e0a9a53bee27d13eb728421e5492ff9451649c2d03868424d3a9847116
factual_v1,0,721489ba93438d850f76/background_flows.csv,3075,b71c3d5df5435c7795aaa5389a9a5ee05261f73be66c989a571511e5791ab516
factual_v1,0,721489ba93438d850f76/background_rate_periods.csv,329886,6aa99db17d7550733b806b91789783efbb213fc58e161a55077816225d6c24a2
factual_v1,0,721489ba93438d850f76/build_info.json,303,4b28f46e4b0d300dcd570965f510fb7f39e094ed0da0823105dd75e517b10146
factual_v1,0,721489ba93438d850f76/frame_packet_outcomes.csv,136778,753727d554be3e4c3f677cbc71962f6a45efe234a0919bcf2fdce224e0632607
factual_v1,0,721489ba93438d850f76/frames.csv,233937,b536fd7e50badf6037ad23c267b119f033bf4c80f8ab641b5a1f92a227643b24
factual_v1,0,721489ba93438d850f76/link_intervals.csv,459,06f4ea6b0c8f9e3c85b70bc0d7b1fbc26d2d6e385945334b6dd685a640cd4573
factual_v1,0,721489ba93438d850f76/mac_summary.csv,200,87626b819c462f88fb7ba0545ba96684f22f49e5073b11d0cae16569c44529a1
factual_v1,0,721489ba93438d850f76/mechanism_t2_actions.csv,144356,a4bc1f22a245b87fe083fa04c6cd27faa6eef51cc8b3211f53a7298a68daa3ce
factual_v1,0,721489ba93438d850f76/mechanism_t2_snapshots.csv,325838,9cce447b8b1f0e5b69350496f77fd3a81e3a8cd7d8775fd99aac2eecfdbd97d6
factual_v1,0,721489ba93438d850f76/ofdma_summary.csv,237,81b5e2b4889dd80c26f034428e19b19acc9486f9cf3477b6659f072720046a03
factual_v1,0,721489ba93438d850f76/policy_decisions.csv,140936,88bf3d488e9f9a6f96569c5b36ff2209083b4a9eb12b82c7b642cb4b68f58e84
factual_v1,0,721489ba93438d850f76/prediction_polling_samples.csv,2983340,717c07cfbe0404ffcb6491ee9019239be51eccf940e6d46d3d02005d31c2587b
factual_v1,0,721489ba93438d850f76/prediction_samples.csv,3706748,4681ff293ea09b02bee9869b47b7aa24a37f39912249cb7afc5577ab035756e2
factual_v1,0,721489ba93438d850f76/resolved_config.json,7278,c7d00cac0d71f17e5db53565f027c74ec3ba1692e98f33874de1425705cda338
factual_v1,0,721489ba93438d850f76/stdout.log,176,98ac9624ed1a3c9c2b2c769fdc7d837c4da27825f95553f5e69bf637865d393d
factual_v1,0,721489ba93438d850f76/summary.json,1874,93f1bf666fe70f2832d879b953658bd10ce5abb14ad6e83850ce39640f5a32f7
factual_v1,0,7ca5d4c79920099495c9/background_flows.csv,3075,b1964306f9e9e2649c1378765159e13e11e8b06f51edbc7e2d4df9dce492c23a
factual_v1,0,7ca5d4c79920099495c9/background_rate_periods.csv,329886,9054fe074c7f1953d1c479dd98a6a6d96b044d8cd96af0582e0fac07ac5bc284
factual_v1,0,7ca5d4c79920099495c9/build_info.json,303,4b28f46e4b0d300dcd570965f510fb7f39e094ed0da0823105dd75e517b10146
factual_v1,0,7ca5d4c79920099495c9/frame_packet_outcomes.csv,186473,5c03474d061dbcf30a732f8a268f194e57532adf43775eeca86d86c86ff5a7f1
factual_v1,0,7ca5d4c79920099495c9/frames.csv,259149,d7bfbdb5ed05023adaa323ae5544c4d9c3b2ef7b67f66dc1497bedf087fee5a7
factual_v1,0,7ca5d4c79920099495c9/link_intervals.csv,514,b42e5938ca1414d423d43ed03b53235e35ae8cc6b1eae7d749d81781898107a6
factual_v1,0,7ca5d4c79920099495c9/mac_summary.csv,228,8d7c0fbe4d56b125af649b38a34faa3d3db349c746f952f6bd3f97f3762cb55a
factual_v1,0,7ca5d4c79920099495c9/mechanism_t2_actions.csv,144356,f63178565471e8ecf0d59048916ce54f1bedbdc9e355d3ade4a3f644a25ddb30
factual_v1,0,7ca5d4c79920099495c9/mechanism_t2_snapshots.csv,342084,6f8eb357d211afc7a178a8a76ebb1cd94824624ee3ed541a438348b267e20c22
factual_v1,0,7ca5d4c79920099495c9/ofdma_summary.csv,237,81b5e2b4889dd80c26f034428e19b19acc9486f9cf3477b6659f072720046a03
factual_v1,0,7ca5d4c79920099495c9/policy_decisions.csv,151736,035a8691dfa41e969e1013c587fad5846751c83b8524fba033ac8bf28ff18022
factual_v1,0,7ca5d4c79920099495c9/prediction_polling_samples.csv,3249934,f6a06b971f4f8daa83037c6d5b803bdc5e97962ee24120a5dc227a58820d8e22
factual_v1,0,7ca5d4c79920099495c9/prediction_samples.csv,4071139,ad23d014d1fd3f8cff74f1960fe72948753914426c8d7bf3b9961bd26a2f389a
factual_v1,0,7ca5d4c79920099495c9/resolved_config.json,7535,c4689e2b82fe1682120f007823bd49187bbef7f975d4f577f40c5bdc0f41dbd1
factual_v1,0,7ca5d4c79920099495c9/secondary_airtime_events.csv,484650,371bd56f84cca92c104d68e2804574dcf23d08b5e7bae5c927012fd5c5b30d9d
factual_v1,0,7ca5d4c79920099495c9/secondary_airtime_settlements.csv,103,108b472c3dfa7747b73e777b97962cc32dee3e1e60f83fc449c20bccb3a03828
factual_v1,0,7ca5d4c79920099495c9/secondary_airtime_summary.json,579,d2f57ba313cc2e398aee6b6744c9351d4f634ec184f523b53ce1395f94c60d52
factual_v1,0,7ca5d4c79920099495c9/stdout.log,190,6aa129dffb94f30f47efd45885dc911b5617645f4665e766098712275fe2668e
factual_v1,0,7ca5d4c79920099495c9/summary.json,1921,5e37103c160840fb5595935b0dba59f369d2ec4c3620cf6a839b8b7371b30c77
factual_v1,0,8092bb7d796f712a6558/background_flows.csv,3105,38e01fd26eba1634d9f767dfd80e48710406b2f428c2b720c897bf4e2c36cbb8
factual_v1,0,8092bb7d796f712a6558/background_rate_periods.csv,319210,63ff8d8282bc92a7b073a1d1e06540a7e4b6adda66cdca2c8c39c4472e1f7830
factual_v1,0,8092bb7d796f712a6558/build_info.json,303,4b28f46e4b0d300dcd570965f510fb7f39e094ed0da0823105dd75e517b10146
factual_v1,0,8092bb7d796f712a6558/frame_packet_outcomes.csv,128949,76a7820d61c6a93cca88309321c4dbbf4aaa09328600cb5baedbf6e81058b112
factual_v1,0,8092bb7d796f712a6558/frames.csv,227893,250b4888da4b3486a3e728055c7b22abdc1e600b448506c7141b8967b785cd0f
factual_v1,0,8092bb7d796f712a6558/link_intervals.csv,460,da5928464dc2cfad7bb3ed5203f2e8f0712f56f4521411a416c8022025b64d78
factual_v1,0,8092bb7d796f712a6558/mac_summary.csv,203,1d1c409b57f9ed6e65fe73aa96ff7149c0ee9a11e9648941925660aeeb7790c0
factual_v1,0,8092bb7d796f712a6558/mechanism_t2_actions.csv,144356,738e9da4609b77e42469c053749531424ebfdf4b871722d637c4bb5b1ac9318e
factual_v1,0,8092bb7d796f712a6558/mechanism_t2_snapshots.csv,339526,011a97d7150e2d2db1a3f89f8381aa4ae8f4e6b38553dddb00b4c29c0ef4a373
factual_v1,0,8092bb7d796f712a6558/ofdma_summary.csv,237,81b5e2b4889dd80c26f034428e19b19acc9486f9cf3477b6659f072720046a03
factual_v1,0,8092bb7d796f712a6558/policy_decisions.csv,140936,d1b1d3fc555f3793ffdb0656eb2714e250f1d5a13de91138b8e5384d99acfd86
factual_v1,0,8092bb7d796f712a6558/prediction_polling_samples.csv,2880916,62c7389af3dfe2e614d086b23f62b599852fe17d915b2ebc8ed9cc400abf89e9
factual_v1,0,8092bb7d796f712a6558/prediction_samples.csv,3590072,7ffc0ab77ab764249807bc5b5844d0058efb206c0e0ba9cdb639085fc66e51b3
factual_v1,0,8092bb7d796f712a6558/resolved_config.json,6992,eebfb362523b1abf6dbf80c5da3c6f4445b4fecb03d5585c10e8788236c4c839
factual_v1,0,8092bb7d796f712a6558/stdout.log,176,d7a4923534e35eac9fd26382bc54f776a29f88ad36323782a2c0de82ef571aa3
factual_v1,0,8092bb7d796f712a6558/summary.json,1526,adfec1ba95a035d582326249629a102985347dcd77be1d88e5b3607f73c41829
factual_v1,0,843e71fca6d91af6fcd8/background_flows.csv,3042,12395e773c263e454dd56ae9ae1ac9fd12b7e3abe7cb101094022d16c018c0f7
factual_v1,0,843e71fca6d91af6fcd8/background_rate_periods.csv,190905,bf2ef82f50dbb426c151be23282ee8f97c37bca305b825d713bb09dc85563ed4
factual_v1,0,843e71fca6d91af6fcd8/build_info.json,303,4b28f46e4b0d300dcd570965f510fb7f39e094ed0da0823105dd75e517b10146
factual_v1,0,843e71fca6d91af6fcd8/frame_packet_outcomes.csv,188670,0bb41702184b92d7412a4b9068d65bc5e1c0f6064ce80b196909bbd991c7297b
factual_v1,0,843e71fca6d91af6fcd8/frames.csv,270710,d7fb56e70c78e3b350929b7c21f112adc56f751ac6a2ad2d7699834c68a59c59
factual_v1,0,843e71fca6d91af6fcd8/link_intervals.csv,515,ef718df705fd01368a1c0036493f6094cfaa247d6b8537bb1855faea6cf47c01
factual_v1,0,843e71fca6d91af6fcd8/mac_summary.csv,229,a87205a23d6ca84fc92c67669d58c8f177061e5e0422b76f974d9b54cc814a42
factual_v1,0,843e71fca6d91af6fcd8/mechanism_t2_actions.csv,251456,d1e02af4793f8d6f7464dc05ec00603d6f48f1d917c9df3a2e3a5906d8bf2e17
factual_v1,0,843e71fca6d91af6fcd8/mechanism_t2_snapshots.csv,324230,07e50b7fbd4f1e70fc5c1aee525f73664b160dd1a3abaf56dd571dbc9caf0a9e
factual_v1,0,843e71fca6d91af6fcd8/ofdma_summary.csv,237,81b5e2b4889dd80c26f034428e19b19acc9486f9cf3477b6659f072720046a03
factual_v1,0,843e71fca6d91af6fcd8/policy_decisions.csv,169736,b6fd3c7248edddd24498536e59372bad5355acb989e4df1fd9702f4678541395
factual_v1,0,843e71fca6d91af6fcd8/prediction_polling_samples.csv,3248035,e74e8bf906dee63d499a932b666eaefa5c2877598c2f01f85dc7c71fd8620203
factual_v1,0,843e71fca6d91af6fcd8/prediction_samples.csv,4005531,75919f2f14834dc9b859d9a615f3a563eb62a98350e70e536396c6d2f7e2c400
factual_v1,0,843e71fca6d91af6fcd8/resolved_config.json,7272,8571ab88b26a2167b1b12733ce139b33443cf87995994d27a7585b7e36a8431d
factual_v1,0,843e71fca6d91af6fcd8/secondary_airtime_events.csv,709503,33e9c2c10872b43649298a7a81b0ab40c9e5dc113156c0ffa30c415b5fad07d7
factual_v1,0,843e71fca6d91af6fcd8/secondary_airtime_settlements.csv,121394,64ab56a6addeb7dc7c56e41fc6bcbac6ef9ef7a385c3b67287cd844ced0b03d8
factual_v1,0,843e71fca6d91af6fcd8/secondary_airtime_summary.json,603,317f525570d6f41f9f371754ae0d11640b06416d03864867288501cdcb42288e
factual_v1,0,843e71fca6d91af6fcd8/stdout.log,190,4a0a88f2b25f194371a28b605a952d327157cf61833a504d9834dda99d779c3d
factual_v1,0,843e71fca6d91af6fcd8/summary.json,1587,1f9f6c5364cf7b5b3cac1012bc6bd6be2ca786ce11d85017d4fcc519d27eff6a
factual_v1,0,86957cae82d3adef7746/background_flows.csv,3042,f418c07f699236d2fa5d780b86cafb4924e278db7ad64460ebf71c08215112a7
factual_v1,0,86957cae82d3adef7746/background_rate_periods.csv,190905,01d56c22bd03489fa5df2d7e0c9e6ae851706a4a63256ba34a2e5449f160022a
factual_v1,0,86957cae82d3adef7746/build_info.json,303,03a7aeacc3aa8ffde30bff503e612b2190ec5a37ad16a0da8e8ac8f9301a4cf1
factual_v1,0,86957cae82d3adef7746/frame_packet_outcomes.csv,162979,a512922a89e8e9810c22458c239aacf632d48aaf831f2f8a18a8f549cfc3b7da
factual_v1,0,86957cae82d3adef7746/frames.csv,270276,b9b764f741092649c72ddad96fba7c9d594afbccba4c0e7a19c1efe3ba36931b
factual_v1,0,86957cae82d3adef7746/link_intervals.csv,510,760d3c10018a01dcdd820fce2a527405ab1f8d62a5c83646feae59d41107f05f
factual_v1,0,86957cae82d3adef7746/mac_summary.csv,227,7750dda73b923233958933716e99333ec8342c0456465348df881ba293df2780
factual_v1,0,86957cae82d3adef7746/mechanism_t2_actions.csv,263797,d5f67cae3ce535cb950cf78bb5297ca6481a52156d601a28e8549ff308bbdbb1
factual_v1,0,86957cae82d3adef7746/mechanism_t2_snapshots.csv,319500,40e9bd9c78d9d92d8d95839df5613d812747ad7a05882e0d658d5f785c55580e
factual_v1,0,86957cae82d3adef7746/ofdma_summary.csv,237,81b5e2b4889dd80c26f034428e19b19acc9486f9cf3477b6659f072720046a03
factual_v1,0,86957cae82d3adef7746/policy_decisions.csv,191738,ee01e9e07c77641ca5e1f8fba1e6cf2ee4cd0f1bc25c4e0d2fac7c33e9e50bab
factual_v1,0,86957cae82d3adef7746/prediction_polling_samples.csv,3167456,3783fa48e501aec996d6dea7da7de61acd22e7d5a19e949bc255675c8ac1e5f3
factual_v1,0,86957cae82d3adef7746/prediction_samples.csv,3909933,6ce573693dc233de6d4c5b1cd4df12c2cca1ab034a8ff6fa412892fe2eed987b
factual_v1,0,86957cae82d3adef7746/resolved_config.json,7445,f00279ec3deb1ee769731862afe09baa15c8aec5b49df0e48fd9486c09bb418f
factual_v1,0,86957cae82d3adef7746/secondary_airtime_events.csv,250429,b16a440a3ba1b7f41009227b1b4f1a3a179fb26c40f4da037fed1029fef073d1
factual_v1,0,86957cae82d3adef7746/secondary_airtime_settlements.csv,35823,3b800410d8ed6e39110106c542e5baaf45cccc675f068226d3bda9d5fdec83cf
factual_v1,0,86957cae82d3adef7746/secondary_airtime_summary.json,599,62ecfb7a90620e904a913e72f5a6be453328319f352ab8dda81480ae5a5312fa
factual_v1,0,86957cae82d3adef7746/stdout.log,188,6fcdf3c237438d10c3ae757d87d6c96653be2a86ff0e59fde733ed75b1e5b1fd
factual_v1,0,86957cae82d3adef7746/summary.json,1594,92896bcc703d0930143d1fcff89dfe6c6ec2caff8c074017dff1e48c7969558a
factual_v1,0,8d87b67d3dbbce0ee262/background_flows.csv,3105,872f62448c51610f8d62bcba3a22fb7138b4504cffd73a9b3591f71701174aed
factual_v1,0,8d87b67d3dbbce0ee262/background_rate_periods.csv,319210,814f1cc60a1ab0cf25fac6fc16b2da07ec3e2753a6d6db0c9dca158ec2fa49d8
factual_v1,0,8d87b67d3dbbce0ee262/build_info.json,303,4b28f46e4b0d300dcd570965f510fb7f39e094ed0da0823105dd75e517b10146
factual_v1,0,8d87b67d3dbbce0ee262/frame_packet_outcomes.csv,130212,79722b29e470e2970bdfa0a907be3ab59de3fd3324e7ccd4b30a12e764e2d3c2
factual_v1,0,8d87b67d3dbbce0ee262/frames.csv,236444,204a63a47330bc750343c152890906a693330527555fd85823a59f064c4c5967
factual_v1,0,8d87b67d3dbbce0ee262/link_intervals.csv,516,4a23d83ac6cb18cbf27e69b7da5b8f0c8099f314aaa2e7681ad1b1ab4c0d169e
factual_v1,0,8d87b67d3dbbce0ee262/mac_summary.csv,233,98c47bd72cec8d91af4c46c9eff81c9f574e6bdc5344535e51a0c747c6f93ab1
factual_v1,0,8d87b67d3dbbce0ee262/mechanism_t2_actions.csv,144356,384b6b3b4639bdad0eb37f9522d0a02cb8e14fd72278a69e2506eb1ea2b066a9
factual_v1,0,8d87b67d3dbbce0ee262/mechanism_t2_snapshots.csv,371598,d641593da5d67ad5b48386fcdf0a17b02af2dddb780c2d5131ded0ecc5a1c1fc
factual_v1,0,8d87b67d3dbbce0ee262/ofdma_summary.csv,237,81b5e2b4889dd80c26f034428e19b19acc9486f9cf3477b6659f072720046a03
factual_v1,0,8d87b67d3dbbce0ee262/policy_decisions.csv,151736,96059bab572239406272b91bd994f6930c641402bad2d571a3344b1af4fd7dc2
factual_v1,0,8d87b67d3dbbce0ee262/prediction_polling_samples.csv,3111233,51372e869c1f0932f79aed8a539aa73e6ed6f0da5230760dd714ad9dd9d25061
factual_v1,0,8d87b67d3dbbce0ee262/prediction_samples.csv,3924462,b8d7241cc868808014855f97b080c50b29cd8b0f17adaff63ecf02b8546fc17d
factual_v1,0,8d87b67d3dbbce0ee262/resolved_config.json,7249,8e6a681f5dd09cba48a68148767e9b7f467cf063a5630709ef43e973fdeda64e
factual_v1,0,8d87b67d3dbbce0ee262/secondary_airtime_events.csv,277554,1b4ae5ef6b1f19cbfb402c248dfc1d171f412462887f9cb12492650616d9aae5
factual_v1,0,8d87b67d3dbbce0ee262/secondary_airtime_settlements.csv,103,108b472c3dfa7747b73e777b97962cc32dee3e1e60f83fc449c20bccb3a03828
factual_v1,0,8d87b67d3dbbce0ee262/secondary_airtime_summary.json,580,be85aca2b2728f103b6e3ab3766ccc704071b199e55498fd6633d69b3e83ce77
factual_v1,0,8d87b67d3dbbce0ee262/stdout.log,190,569aa9a1e2e16fe9a2f4e3ce3bf094fdf66592bf31eb19fa9a927d191e597759
factual_v1,0,8d87b67d3dbbce0ee262/summary.json,1603,aa1c7acf46f0850ed389ffe2b41f61747769070e49cefa576bb490b261b561a2
factual_v1,0,904e8c1175beea4117fd/background_flows.csv,3067,3ce8832fa2e8e1d45a5d3c2ca2e01e405557605924ae9765708d27b0d02fccf4
factual_v1,0,904e8c1175beea4117fd/background_rate_periods.csv,365159,e7da3db91444c8be9143b930d04395cc11c5a6e134559aea57898692f3ab49ca
factual_v1,0,904e8c1175beea4117fd/build_info.json,303,4b28f46e4b0d300dcd570965f510fb7f39e094ed0da0823105dd75e517b10146
factual_v1,0,904e8c1175beea4117fd/frame_packet_outcomes.csv,160951,14c7153fc3c4ac93f0647d7b7f1402e2e9830f2c64c35d2be6661207cb06f837
factual_v1,0,904e8c1175beea4117fd/frames.csv,241352,baaf4bf817be74cf236f5c79130afa4e4f29daccfe2f552439c399d85108a52d
factual_v1,0,904e8c1175beea4117fd/link_intervals.csv,459,1dd77c90852ad2570adc892d1d66768aacf6444d080a8e956b5767688e919699
factual_v1,0,904e8c1175beea4117fd/mac_summary.csv,200,bd5cbe54d6137254c210feb80399494b35d0710ea18d13069531067d5eedecee
factual_v1,0,904e8c1175beea4117fd/mechanism_t2_actions.csv,144356,110e245cb1c82252617264cb2265eac5f51865da7334ba03b08beea89ea46f5f
factual_v1,0,904e8c1175beea4117fd/mechanism_t2_snapshots.csv,327288,8bc3daaad3a4c84128aa9488011bd1940d59f738f7cbd1bff2fad6d9b5fa4a4d
factual_v1,0,904e8c1175beea4117fd/ofdma_summary.csv,237,81b5e2b4889dd80c26f034428e19b19acc9486f9cf3477b6659f072720046a03
factual_v1,0,904e8c1175beea4117fd/policy_decisions.csv,140936,d2df27fe010957e4065dbcda0af860ef68f3d59187e92404f7ae5d4d24b98f31
factual_v1,0,904e8c1175beea4117fd/prediction_polling_samples.csv,2983769,194fdcc6ded0f1b676c1a8977dc38994e2956f8c293d23f02ddc8ae0a10d2f12
factual_v1,0,904e8c1175beea4117fd/prediction_samples.csv,3700908,09ba9979b8e9dcb376e219537fdbe66686f2f73f9ad5e97cf4458bfb32ca57db
factual_v1,0,904e8c1175beea4117fd/resolved_config.json,7296,122f538b0d74e592c7c1af2cac20e62db8b173be0598385c0642955f245e3b3c
factual_v1,0,904e8c1175beea4117fd/stdout.log,176,c426be204f6605781dcebdeb87252659900b6d8f640f48629e69a96c8e70c072
factual_v1,0,904e8c1175beea4117fd/summary.json,1852,1dad34d7f289c1eab3c20114f05981777058663d0d5dccd7a9c7bd71150f80d8
factual_v1,0,970411cfe6615f6df875/background_flows.csv,3075,c71764803529e25f827452af56aedfe7e779a4660cbb2fdbab7acdd5690efbc7
factual_v1,0,970411cfe6615f6df875/background_rate_periods.csv,329886,d387411009602ce337e6daeeea8816e29a2292fdf8c0e47801f415dddfb5fed5
factual_v1,0,970411cfe6615f6df875/build_info.json,303,4b28f46e4b0d300dcd570965f510fb7f39e094ed0da0823105dd75e517b10146
factual_v1,0,970411cfe6615f6df875/frame_packet_outcomes.csv,183512,bd002def27538a8312129a0dfab74fea52598a26b01fe900a6a229be47b91b29
factual_v1,0,970411cfe6615f6df875/frames.csv,269109,f90380fc4d2fea70879e26537045ac0f35e4a6b25cc4518f774882ca91472009
factual_v1,0,970411cfe6615f6df875/link_intervals.csv,516,f33ffc87d8a36bc8147d5ffa7941623bb3cec5c6ff9e45a656fe1b1ac9218969
factual_v1,0,970411cfe6615f6df875/mac_summary.csv,230,dae73a4f8192dee115919f582996d68838452b110601856eb1b2085a5bc1ad6a
factual_v1,0,970411cfe6615f6df875/mechanism_t2_actions.csv,251456,6070e2347241eaeabe7a57e68ed84ab67976fc934d7e8d210c324d2659aacff7
factual_v1,0,970411cfe6615f6df875/mechanism_t2_snapshots.csv,331488,088e33d7d7892503b773a5dcdbd6cc52b68133ddd12b58323882100a92cef1f6
factual_v1,0,970411cfe6615f6df875/ofdma_summary.csv,237,81b5e2b4889dd80c26f034428e19b19acc9486f9cf3477b6659f072720046a03
factual_v1,0,970411cfe6615f6df875/policy_decisions.csv,169736,b3e292321ee2c9937aa90621bc77a4bd4b0d4b7a394e6ddf5ccac7394028d8c3
factual_v1,0,970411cfe6615f6df875/prediction_polling_samples.csv,3225985,7a53622aea2985e77e58bf4573ec9eff258a95e32ad689f41b2dd0463db35c6a
factual_v1,0,970411cfe6615f6df875/prediction_samples.csv,3969593,7687f00a9e0bd3a8afbb7aed4e356ad88a0164355ee9d4f0ff2343e8c2601d3b
factual_v1,0,970411cfe6615f6df875/resolved_config.json,7547,d7e15ff5ce7983681370b3aa451aef4b67c4a5bb1b3c484996004d71bf5cbca1
factual_v1,0,970411cfe6615f6df875/secondary_airtime_events.csv,476842,13659d4f345e3fc50e175047b121bc263189433e7ef5b48aa7ed4b6f780a2aad
factual_v1,0,970411cfe6615f6df875/secondary_airtime_settlements.csv,118856,666314354d405dd367afd73be1de466130eabf802c3be2a4d1c64f883836514b
factual_v1,0,970411cfe6615f6df875/secondary_airtime_summary.json,603,e6adb96ef563ab34ed97c1e888de22d11e304e608b5a0a573a986d69c85ad582
factual_v1,0,970411cfe6615f6df875/stdout.log,190,9c0d6a10decf8242123847965a24c52e10cf94c762e7a4e185c71764d029ba6e
factual_v1,0,970411cfe6615f6df875/summary.json,1906,3db08ea2a9e915a9cd171f51dcbce0fc07b3124f8eea56e60b38886b58a9d957
factual_v1,0,97dc434f9ebd0f1927e3/background_flows.csv,3045,f2adca87ca1327e4658f126c315e833804489a9a6d360526cb6977a40b545f50
factual_v1,0,97dc434f9ebd0f1927e3/background_rate_periods.csv,323160,ea2fbfdbd68b15e8c5b995b8149ceb3310257840a8b7ea4b392a7cbb8b3157fb
factual_v1,0,97dc434f9ebd0f1927e3/build_info.json,303,4b28f46e4b0d300dcd570965f510fb7f39e094ed0da0823105dd75e517b10146
factual_v1,0,97dc434f9ebd0f1927e3/frame_packet_outcomes.csv,164275,1877a73ea96ce3ecfcf1388b8c6d2fc9b371e45447d97d2719b8db54ed250b61
factual_v1,0,97dc434f9ebd0f1927e3/frames.csv,248615,602accc1e3a66fac8b23b3684afa2fcff3e5f6757b49dabb7f52c9bb38659110
factual_v1,0,97dc434f9ebd0f1927e3/link_intervals.csv,456,0c17f41f5bf37db187abc7590eab638792e820ce6b7502d35f02a8761087245c
factual_v1,0,97dc434f9ebd0f1927e3/mac_summary.csv,199,e0dd01a561f7ab83d588f29585a76bddb02c4cf61d1a63555553b1c2e482558b
factual_v1,0,97dc434f9ebd0f1927e3/mechanism_t2_actions.csv,144356,0b098c8bb8b249f783615c3cd285c28e3ce3ccb53640a445d4729cfda73e7a54
factual_v1,0,97dc434f9ebd0f1927e3/mechanism_t2_snapshots.csv,309294,2b8ef5fd39c61e31772041256c585cf87c8057abc4aad479ec4550ac54fd4895
factual_v1,0,97dc434f9ebd0f1927e3/ofdma_summary.csv,237,81b5e2b4889dd80c26f034428e19b19acc9486f9cf3477b6659f072720046a03
factual_v1,0,97dc434f9ebd0f1927e3/policy_decisions.csv,140936,ababd078a58bbcd063b8ab464f96e00e6ae59727ffd59eba6175bba68f0b2819
factual_v1,0,97dc434f9ebd0f1927e3/prediction_polling_samples.csv,2904012,d107f2435e612c6e29793479801212250a9ca7bff8dce0bf77307bfdded162ad
factual_v1,0,97dc434f9ebd0f1927e3/prediction_samples.csv,3642378,e76f02f526dcc3135b73292c81bb024522d0ca9c93831eb79994dbca032a50b7
factual_v1,0,97dc434f9ebd0f1927e3/resolved_config.json,6995,21a22e1bb992b09a07be456a2bc4171c41c94c8650a2872b6b9d24332cfd681c
factual_v1,0,97dc434f9ebd0f1927e3/stdout.log,176,1db522c180846c2eb305942be5abff41ef475f20c47f34bfa158901a41936e23
factual_v1,0,97dc434f9ebd0f1927e3/summary.json,1554,fabb90c92ca796f4cc100d2c15be7f4cacc5b2069804db26a3f8da6acf742b16
factual_v1,0,DESCRIPTION.rst,4150,bfa437d35fc033885441974daf8c2d332e4bdfb89cd3eea07dbdb2dc17e9e5c4
factual_v1,0,a0c5ba84a825906c376e/background_flows.csv,3073,f8edc6ca78274f5618ce5b9fdc15b5d8a171867108e15e1aac3825cfdcbdaa77
factual_v1,0,a0c5ba84a825906c376e/background_rate_periods.csv,326294,93d377eea513bc292270c35acf5de412730a4622d08cb2a0bec6435d7dc9a818
factual_v1,0,a0c5ba84a825906c376e/build_info.json,303,4b28f46e4b0d300dcd570965f510fb7f39e094ed0da0823105dd75e517b10146
factual_v1,0,a0c5ba84a825906c376e/frame_packet_outcomes.csv,180742,48fb3266cd21ce7b62ca94a7c7c8dad73a98f1d0712edb19466a8bc3df894932
factual_v1,0,a0c5ba84a825906c376e/frames.csv,268654,2b22f2db732d2b603e9479132d1375c7a5cfc71eff32eb055d14dbd318ed2523
factual_v1,0,a0c5ba84a825906c376e/link_intervals.csv,514,d57f85e12d27fe73e5e78896ea247af7aabfe399462d8d1d1e0a9f3dc3e529ab
factual_v1,0,a0c5ba84a825906c376e/mac_summary.csv,229,b67e79df3d362facd79b800c7f8976e46a9ecbad8b5e1dbb2f81ce1297726a1b
factual_v1,0,a0c5ba84a825906c376e/mechanism_t2_actions.csv,251456,ff6f3606d66e464060c8e9012557c7d1cee8cc156c4aeb1ad32e9c603eed6c6c
factual_v1,0,a0c5ba84a825906c376e/mechanism_t2_snapshots.csv,337957,eae21a746d8bc15f0d3a0bdbdd3bd2465d37097cbdf073baed87725932ed5e53
factual_v1,0,a0c5ba84a825906c376e/ofdma_summary.csv,237,81b5e2b4889dd80c26f034428e19b19acc9486f9cf3477b6659f072720046a03
factual_v1,0,a0c5ba84a825906c376e/policy_decisions.csv,169736,eb43494bbf61650b69e6746974a69e44647211a7882424ff61c0384008137d88
factual_v1,0,a0c5ba84a825906c376e/prediction_polling_samples.csv,3221073,1bc7ec212597bbf3145cf902018e0843b190dda264f01c2b71062aa3a830b1f0
factual_v1,0,a0c5ba84a825906c376e/prediction_samples.csv,3951244,b6813b7093206e100e0c3f2b0af24c4ef81ea30e59f132dc465ee0537e880049
factual_v1,0,a0c5ba84a825906c376e/resolved_config.json,7549,32847dd359d2958e8a5fe6b84121d0afc1dd3859af36166ed4152740d57eb7b5
factual_v1,0,a0c5ba84a825906c376e/secondary_airtime_events.csv,485276,26f98f3a308c584aa8c8836227ad08f6ced6f946c22cbc316f08cdcc8c1343ac
factual_v1,0,a0c5ba84a825906c376e/secondary_airtime_settlements.csv,116796,264c165c45a50224772a98c20dc11971ce5119f6672255950f7bcdfc4abf8edf
factual_v1,0,a0c5ba84a825906c376e/secondary_airtime_summary.json,604,5442645fe91d6355da91345a73cb4dc8ef7aaa79844dac2dc494dcbc9ab08734
factual_v1,0,a0c5ba84a825906c376e/stdout.log,190,9e8fa1471051f35bd0d25e219042bd81f350ea093599093f265a7b4fe30d4aa7
factual_v1,0,a0c5ba84a825906c376e/summary.json,1877,410adead98e73194befd42610a4128a03fa4a5d6aec667273671bf396adeaa5c
factual_v1,0,a3a116f91ff32a2c6f30/background_flows.csv,3042,b8e5945c38bf48c6c05292412ca04145cabca4309d4363837ba8e11afae83552
factual_v1,0,a3a116f91ff32a2c6f30/background_rate_periods.csv,190905,f1937fd0ae4c37586631f9ff4421691e33ef9d88f9b336b52a7fb77e20eea7a3
factual_v1,0,a3a116f91ff32a2c6f30/build_info.json,303,4b28f46e4b0d300dcd570965f510fb7f39e094ed0da0823105dd75e517b10146
factual_v1,0,a3a116f91ff32a2c6f30/frame_packet_outcomes.csv,188784,250dbf70343e12de30f8773227340a09bbb5e56a27dc5ca9d8756b9b458c202a
factual_v1,0,a3a116f91ff32a2c6f30/frames.csv,260200,3b4fde3be30a7ae3d8e6f69ac00e8581f4f4acadbb21f812a29e07b63c23eb17
factual_v1,0,a3a116f91ff32a2c6f30/link_intervals.csv,516,f497c18ac161eb7ba970607432330df28e8c31be1991097fe7f23eaa8a9294b7
factual_v1,0,a3a116f91ff32a2c6f30/mac_summary.csv,230,55a5da1aa51872c2d8c730d804b6f7522aab5f7f67dee7e345d715bb824ed901
factual_v1,0,a3a116f91ff32a2c6f30/mechanism_t2_actions.csv,144356,98ca3d82e1bcb0064ef8031ef6681cf41a3339a730c89eb910fcc221fc61b3dd
factual_v1,0,a3a116f91ff32a2c6f30/mechanism_t2_snapshots.csv,336191,fbcf2060fe3dd389e7c868e98ae33cb1c44d53fb01cf4d779065ee2817e947ad
factual_v1,0,a3a116f91ff32a2c6f30/ofdma_summary.csv,237,81b5e2b4889dd80c26f034428e19b19acc9486f9cf3477b6659f072720046a03
factual_v1,0,a3a116f91ff32a2c6f30/policy_decisions.csv,151736,c5872109ffb3052a1778ffc61688383add24573058f071b3679a6985fb668942
factual_v1,0,a3a116f91ff32a2c6f30/prediction_polling_samples.csv,3262672,7ad6f8ad0bb6f40a36bf75de9529cf6c28f9e793beff06d81c8bcfda7b459921
factual_v1,0,a3a116f91ff32a2c6f30/prediction_samples.csv,4081031,8d32eaff1c578cf2639043c78e9c87d18f554b8f272bc6f36a27a65e4a9628fc
factual_v1,0,a3a116f91ff32a2c6f30/resolved_config.json,7260,f52c55f192c567402e762c464e4ebdc74f045326df20fe04c62f11964b415aea
factual_v1,0,a3a116f91ff32a2c6f30/secondary_airtime_events.csv,694724,b92ecc11ec60401157efddb75ccdb902498c55146b554fd14885bfe9322e4d21
factual_v1,0,a3a116f91ff32a2c6f30/secondary_airtime_settlements.csv,103,108b472c3dfa7747b73e777b97962cc32dee3e1e60f83fc449c20bccb3a03828
factual_v1,0,a3a116f91ff32a2c6f30/secondary_airtime_summary.json,579,07b3c3126092a832fef931adea9e4764ee25c7d93306142afc60e81c9d1df1de
factual_v1,0,a3a116f91ff32a2c6f30/stdout.log,190,0af6d60663e68ff1c9a125e9f195684616913c52fa1fa11436a4ac3856a25b1c
factual_v1,0,a3a116f91ff32a2c6f30/summary.json,1587,ea80b200ae182fe12a0aece324d7acebc165cf03ecea53b608afdb9a68211156
factual_v1,0,attempt_recovery.json,3653,ad38d8f859bf1869530b134cc0565066e82cc10ed002550d1e820b202c1e9187
factual_v1,0,b06b4a8777d8d5028197/background_flows.csv,3075,6f1ca73e369a6705546fa60581d77c0c2cea97186b4bcffcf3a80a06e1bec0b0
factual_v1,0,b06b4a8777d8d5028197/background_rate_periods.csv,329886,8d5880d6072abd48f86b6d7bcd60deaa051d6471ffea106e857f680c7b44d90c
factual_v1,0,b06b4a8777d8d5028197/build_info.json,303,03a7aeacc3aa8ffde30bff503e612b2190ec5a37ad16a0da8e8ac8f9301a4cf1
factual_v1,0,b06b4a8777d8d5028197/frame_packet_outcomes.csv,159911,33780bfb28da1e02f367d09ba724468fe63ee66ba1d74743aad151d3b0bd493d
factual_v1,0,b06b4a8777d8d5028197/frames.csv,265240,4004c3f693dbe52acf10c6ba6edf66eb4c182bb4d367e3a5f435da0b5b5b7e3b
factual_v1,0,b06b4a8777d8d5028197/link_intervals.csv,511,42441f4a8a3c9cc13c4eea46b6a84c9571e6b0cca7db493adf03a135df9d9848
factual_v1,0,b06b4a8777d8d5028197/mac_summary.csv,225,22d9c12a7d4076a63f401d748e0f0e10793951cd5fdd0a5818d55454572aa532
factual_v1,0,b06b4a8777d8d5028197/mechanism_t2_actions.csv,280996,6a5dd9cabe17c353781e73ab4517bcd30233251dcf70590667a902a87615672e
factual_v1,0,b06b4a8777d8d5028197/mechanism_t2_snapshots.csv,328496,b4c5306c8329db2b15e138ac18c14adc30f41afe890beb2c2de62558aba7dc1e
factual_v1,0,b06b4a8777d8d5028197/ofdma_summary.csv,237,81b5e2b4889dd80c26f034428e19b19acc9486f9cf3477b6659f072720046a03
factual_v1,0,b06b4a8777d8d5028197/policy_decisions.csv,197506,b0b9f1001e15aa1a83574a6dc4143e7d76a56ae64815408faa1506668f4c58af
factual_v1,0,b06b4a8777d8d5028197/prediction_polling_samples.csv,3179986,dd8171a70649406493d0eb8ed2f9df0f16e3cc369ca2d10445416f93a5319195
factual_v1,0,b06b4a8777d8d5028197/prediction_samples.csv,3914879,949a8ec7b8aebf708a005c4f00f49116146104569af8957052a72614616a6235
factual_v1,0,b06b4a8777d8d5028197/resolved_config.json,7720,7aaa98239bad61921f40e792a2958900b9bcba64448659e0c79f8cffe5defe51
factual_v1,0,b06b4a8777d8d5028197/secondary_airtime_events.csv,271882,23f139367f09bb0e9b0b22508b47cb0e2539be5fc202632bd1f01dc41e8aebe8
factual_v1,0,b06b4a8777d8d5028197/secondary_airtime_settlements.csv,61622,81f91d9b90a3bcfdc1a30e85dc25ed980c95571ef01be02e247bbdf650d7dbb1
factual_v1,0,b06b4a8777d8d5028197/secondary_airtime_summary.json,596,8af795df0ee2ac07f9f7f703db508666d90ae5deee1ffac64e922247170c5269
factual_v1,0,b06b4a8777d8d5028197/stdout.log,190,1ef96e570aaf459aaccae5b1c0c04a5471af068b3cedf3567e2fdf2bde412668
factual_v1,0,b06b4a8777d8d5028197/summary.json,1932,8eb75c86d74975a53edd319356a548a6099f79da9bb14c9a8811a0767f9d586d
factual_v1,0,b21bde11294991a489ae/background_flows.csv,3101,d47703dd064c37a6cacec7bbc33e16eb641545cb5ab3063459fa6425c323cbd1
factual_v1,0,b21bde11294991a489ae/background_rate_periods.csv,319210,cd5fedd4dcf39388c3e0142f06869b9f5efbd1975f730950e4ee59579ab26d58
factual_v1,0,b21bde11294991a489ae/build_info.json,303,03a7aeacc3aa8ffde30bff503e612b2190ec5a37ad16a0da8e8ac8f9301a4cf1
factual_v1,0,b21bde11294991a489ae/frame_packet_outcomes.csv,132284,5b46d247bd504ae6f6547b0d17b247eabd5a3b55b8ff106ce95dafde0db154e4
factual_v1,0,b21bde11294991a489ae/frames.csv,255194,a34206788adbaa7de424724e7c46039b5de42ee633f04ffbd198e6893e6d0586
factual_v1,0,b21bde11294991a489ae/link_intervals.csv,516,9f41fc2e9e28832c1c423b00a91409e46a9eb81361873fbd8d96a313666998e0
factual_v1,0,b21bde11294991a489ae/mac_summary.csv,232,9a9e363b1a0bbc52de960cfc41fe0d88e389f453fec90a5202d4413d4f98700c
factual_v1,0,b21bde11294991a489ae/mechanism_t2_actions.csv,289837,54960f6caffa3473d6aee2a9b00f2bc90ec9b0c43cb042e4bac3b252fce16d90
factual_v1,0,b21bde11294991a489ae/mechanism_t2_snapshots.csv,355350,6c59e0b8080436297757cbba54cc1b4eac05c7f9bac5e6d1e18b3a2935feba1d
factual_v1,0,b21bde11294991a489ae/ofdma_summary.csv,237,81b5e2b4889dd80c26f034428e19b19acc9486f9cf3477b6659f072720046a03
factual_v1,0,b21bde11294991a489ae/policy_decisions.csv,200516,1e97c10dc1d89a5cf7d701ac32f8862c3f8ac1325d9441151a5ddd97e5f6263c
factual_v1,0,b21bde11294991a489ae/prediction_polling_samples.csv,3149216,5333d9a864fc8592597d68667c2fb3462d930e5d1fd2346f3cbdbee8e4856c0d
factual_v1,0,b21bde11294991a489ae/prediction_samples.csv,3924368,8e21eef2f54f88b487cad3b47a70753027383157d989ece24d43ae8d91e9372e
factual_v1,0,b21bde11294991a489ae/resolved_config.json,7434,2af837f72ed9228ac43ac642308eed205becaa6c3c83271cee7be69c6b6c4952
factual_v1,0,b21bde11294991a489ae/secondary_airtime_events.csv,468375,64d646ecf4e322231945daa41e593f094751319c394c3026084ea2bb85dec1fd
factual_v1,0,b21bde11294991a489ae/secondary_airtime_settlements.csv,82013,fcb85be7b97fafb24e67f6bfacddb9be8eb6901a0dd024133f6dd83a5aee37dc
factual_v1,0,b21bde11294991a489ae/secondary_airtime_summary.json,605,6bb1c0272be6e084f8c4aae5bfd65ebc42b1cd28311f5bb0689a1ff625a14a24
factual_v1,0,b21bde11294991a489ae/stdout.log,190,5ac9242b556106a97ea9577d6cb2a932ae674f79d7ba5e801b46592b0ac42fb9
factual_v1,0,b21bde11294991a489ae/summary.json,1592,621add43fa48fff0f94f356c6b75c1f684c6fc4e8df4ee5f84aa4ec34bdfebec
factual_v1,0,b4260815dbce8deb7c0a/background_flows.csv,3045,3fd2a695ac51a1c4230758c115975a9d5886c27d74a4095a68fd0f9b5827cf7f
factual_v1,0,b4260815dbce8deb7c0a/background_rate_periods.csv,323160,e66bc09269fc39a31eccc70046d11aeaaa0b2c43793fdd6ce07859107cbd88ac
factual_v1,0,b4260815dbce8deb7c0a/build_info.json,303,03a7aeacc3aa8ffde30bff503e612b2190ec5a37ad16a0da8e8ac8f9301a4cf1
factual_v1,0,b4260815dbce8deb7c0a/frame_packet_outcomes.csv,173491,4ffae0dabbd145f6c06fd42536edd398df66a3e8f9bcdf06979047ba090136cd
factual_v1,0,b4260815dbce8deb7c0a/frames.csv,276487,d82822671bb15903f07c6d11b9c550b1df94a53f4a4c32af030c34f0f3b7a586
factual_v1,0,b4260815dbce8deb7c0a/link_intervals.csv,503,6ccdcbeda6a2230097c6bac56b7a2b58dbd525d579adb181245a4419a8c30a2c
factual_v1,0,b4260815dbce8deb7c0a/mac_summary.csv,223,98b1b35996f1b1032f0d7507170a2af8a5d6ee0661d832690062ce27789ca065
factual_v1,0,b4260815dbce8deb7c0a/mechanism_t2_actions.csv,252372,299a7b4b7d0f0cd605eeb58544ff3fd999e02b59123b21d93d0ff7e61d5dea46
factual_v1,0,b4260815dbce8deb7c0a/mechanism_t2_snapshots.csv,309310,8773cb4f2a573af01dde50dd61c8ec0ba5710742cb09233ab3cff33295f8e09a
factual_v1,0,b4260815dbce8deb7c0a/ofdma_summary.csv,237,81b5e2b4889dd80c26f034428e19b19acc9486f9cf3477b6659f072720046a03
factual_v1,0,b4260815dbce8deb7c0a/policy_decisions.csv,187832,150a5ad26031bacc13707faaf912856b5dc851f323a6b8ed2a07e138a56d478f
factual_v1,0,b4260815dbce8deb7c0a/prediction_polling_samples.csv,3048733,f6742dd38a40878c959b5244c12a9e76f82268103fbfe74944756c26e9375d6d
factual_v1,0,b4260815dbce8deb7c0a/prediction_samples.csv,3786254,5f482fa6d714b4cb5bca1dc8b3d73ee8ca842e3960e8b89b7f9e5d3f68a024cf
factual_v1,0,b4260815dbce8deb7c0a/resolved_config.json,7437,e97acf1c3b3aeceb744301b761fe2f652e0322d593deed6f1edc9d18186f6285
factual_v1,0,b4260815dbce8deb7c0a/secondary_airtime_events.csv,49584,00e2cfbe4f47f680d6fb8c3ced6cb79a733de2cd8c1c994831783e1a3b00133a
factual_v1,0,b4260815dbce8deb7c0a/secondary_airtime_settlements.csv,16499,6c733d9cd79c39d0b0230a235cacac1fbedb59b81ddacd1cccb6da49170cacbb
factual_v1,0,b4260815dbce8deb7c0a/secondary_airtime_summary.json,603,e9aee885553f36f2dac2014e8e8e3fd72b5384e56f248fef30a036d61c6cc88e
factual_v1,0,b4260815dbce8deb7c0a/stdout.log,188,dceef8c7df4188a87c8bebd342e9b61c78f8ec2115ac8e8da5b153d5fea6b52b
factual_v1,0,b4260815dbce8deb7c0a/summary.json,1591,fe170cf17d25b7f35332cb991601efa2bf0989f23742e47ac219899880b8cb4f
factual_v1,0,b7fa1c4fa1fae5fca360/background_flows.csv,3075,8b5eab4e1fd5e722bd75f0c016c876b5d6b7803ec61af8782ab553b8abdcf45e
factual_v1,0,b7fa1c4fa1fae5fca360/background_rate_periods.csv,329886,7149c3bf33c14e9c57f5336e0ca8cef01e919e78762fccc873bbe67be67ab912
factual_v1,0,b7fa1c4fa1fae5fca360/build_info.json,303,4b28f46e4b0d300dcd570965f510fb7f39e094ed0da0823105dd75e517b10146
factual_v1,0,b7fa1c4fa1fae5fca360/frames.csv,243606,974615f393e1818bf2eba8f5d1c12706eb18aa47ee587fb17e312726b18cfaf0
factual_v1,0,b7fa1c4fa1fae5fca360/link_intervals.csv,488,c5399117c90cd9fe36c9d35b4f12cf083afa3be5d4b762da6347b1f9387464ed
factual_v1,0,b7fa1c4fa1fae5fca360/mac_summary.csv,223,79084afd8b4fe7e6a66811e6f4b87468bd22e4b032392dca6a8e84c9e7d8f1e3
factual_v1,0,b7fa1c4fa1fae5fca360/ofdma_summary.csv,237,81b5e2b4889dd80c26f034428e19b19acc9486f9cf3477b6659f072720046a03
factual_v1,0,b7fa1c4fa1fae5fca360/policy_decisions.csv,140936,8e186d5ae2d1bd0388ee718fabd9050a6bf1a73241c74525c66461431e6396fc
factual_v1,0,b7fa1c4fa1fae5fca360/resolved_config.json,6842,71497894d279ebdad5937e964ef5d9c1fd6cb9265499cb1d14bc1510bc72b2b6
factual_v1,0,b7fa1c4fa1fae5fca360/stdout.log,176,ad1940b653f7104eed16173636763eee4781897214e1843da33b7e3576746e20
factual_v1,0,b7fa1c4fa1fae5fca360/summary.json,1874,39667f2aa6cb1804cef325051cbca497748413999c0ed7ef62bcd71dd9325943
factual_v1,0,bdda6e0d6cfd01f2e64d/background_flows.csv,3042,74a5427dbe6ce692103478fce20bf5179e4310729b524dcc2596934971f34434
factual_v1,0,bdda6e0d6cfd01f2e64d/background_rate_periods.csv,190905,33f4b9a6cd56ead3406042378e47ab782a93baed3d3a2fc4106115268642d4a9
factual_v1,0,bdda6e0d6cfd01f2e64d/build_info.json,303,4b28f46e4b0d300dcd570965f510fb7f39e094ed0da0823105dd75e517b10146
factual_v1,0,bdda6e0d6cfd01f2e64d/frame_packet_outcomes.csv,153426,eb7aa235182bd7579db89bccae637ff83e6e9a91b92bc88e7fea9740bd6cd7e0
factual_v1,0,bdda6e0d6cfd01f2e64d/frames.csv,242644,80a54f1a6e12b7cbd77a2edf860f6b71e98832cd1bb14f8e43effd6cb8fa7c1f
factual_v1,0,bdda6e0d6cfd01f2e64d/link_intervals.csv,460,0f5a3e7e130bb97ece22ef8641a613ba2dd084622a7e22ad0493beae70f12d6a
factual_v1,0,bdda6e0d6cfd01f2e64d/mac_summary.csv,201,0ccd4c4d38fc074725fc68647ef5cc606a017ceb128c5a0e9a25273e915ccdaf
factual_v1,0,bdda6e0d6cfd01f2e64d/mechanism_t2_actions.csv,144356,0493a814569318c89aaf19d6423f29dc4ff0e5e38e2a38a2111ce52ae336c6a7
factual_v1,0,bdda6e0d6cfd01f2e64d/mechanism_t2_snapshots.csv,316460,8416eee91cb8eeaf81e17396fb746e6455dd9f6a1ed61becfbf1f8ad92178116
factual_v1,0,bdda6e0d6cfd01f2e64d/ofdma_summary.csv,237,81b5e2b4889dd80c26f034428e19b19acc9486f9cf3477b6659f072720046a03
factual_v1,0,bdda6e0d6cfd01f2e64d/policy_decisions.csv,140936,999d3d80727c93476770ce78a0dca312a2e5950c040a9afc3092df117ede62e4
factual_v1,0,bdda6e0d6cfd01f2e64d/prediction_polling_samples.csv,2973049,db66a527b7694dfccf1bba2a0054799586f6cd59fa1226aa7f7ed2f4a02a3114
factual_v1,0,bdda6e0d6cfd01f2e64d/prediction_samples.csv,3701599,1c57043f9e7ac43f23682d402ab9de56f12c1bf53413b0d07d3e2ff8ea101a77
factual_v1,0,bdda6e0d6cfd01f2e64d/resolved_config.json,7003,b34738fc6627a0baca8c35076d49f10cfa8426ebbb1e93f6eeaa377f0859d444
factual_v1,0,bdda6e0d6cfd01f2e64d/stdout.log,176,bba8fc4e2d5637cc61451cac804efa3940d78c5034ce88187a9e55bc70cf393e
factual_v1,0,bdda6e0d6cfd01f2e64d/summary.json,1553,3c19719341f1e8a3badb7250669f41e46659b7b9752a0d8d266083cd7421ce14
factual_v1,0,c54ead6d747f05812595/background_flows.csv,3049,37d28356215915e686dc1b2908443213f2d228c536e11778b9b86d33f000da25
factual_v1,0,c54ead6d747f05812595/background_rate_periods.csv,324992,246591268ab202effd7336cd4f8c66c3be9754e692b354c31ab6106684244276
factual_v1,0,c54ead6d747f05812595/build_info.json,303,4b28f46e4b0d300dcd570965f510fb7f39e094ed0da0823105dd75e517b10146
factual_v1,0,c54ead6d747f05812595/frame_packet_outcomes.csv,148672,2b60daedfd395956bb69a97bb8d1d7c97f20ae036ca6380252ca0d3d82dc3bf4
factual_v1,0,c54ead6d747f05812595/frames.csv,239980,1ecf2a800e1131d2a89dd3e30f4258879ceaf0a2e99f51bfb66eda2733727002
factual_v1,0,c54ead6d747f05812595/link_intervals.csv,457,f4e102761223cdbfec011b8d3b9e0aae44a58a80e844b47d0da5d5eb447276a4
factual_v1,0,c54ead6d747f05812595/mac_summary.csv,200,5cc5d2c40210722bd2bc733263e0ac4603b4cee2d4ac24efe10f2a4cfaabf83b
factual_v1,0,c54ead6d747f05812595/mechanism_t2_actions.csv,144356,b82d301a5944570c8520e198aa4c25831d484d5df5ba2f33bae980bd70ef9f01
factual_v1,0,c54ead6d747f05812595/mechanism_t2_snapshots.csv,321191,fec7bea96525b6054684c090eb69376c7445573ddc987b9ce463ba15797fc9ca
factual_v1,0,c54ead6d747f05812595/ofdma_summary.csv,237,81b5e2b4889dd80c26f034428e19b19acc9486f9cf3477b6659f072720046a03
factual_v1,0,c54ead6d747f05812595/policy_decisions.csv,140936,5848036694e757118af77aa12cb5faef6a907daef5db6f378f318e58bc47fefa
factual_v1,0,c54ead6d747f05812595/prediction_polling_samples.csv,2885772,228245b28112be8a20f18372610a9e1bc991cb70bbddea99b726315236a397b8
factual_v1,0,c54ead6d747f05812595/prediction_samples.csv,3613871,49922d5cf88772becdc657b8ac7051281d51383aca103921a769320617881f18
factual_v1,0,c54ead6d747f05812595/resolved_config.json,7002,7790cbb441441479d013a4e1fa6d83676de0be87ab310fde7557634e9d780a21
factual_v1,0,c54ead6d747f05812595/stdout.log,176,57d8a83f91f4d5c14dd79fa7286667209ebe75f1358c8ea90f85329806850c94
factual_v1,0,c54ead6d747f05812595/summary.json,1556,9f77b444ebc17f4031459a55e383757fdf6c29defca558a3eaacb5d3074300a9
factual_v1,0,c6d30af6a238f8bb9892/background_flows.csv,3049,4d14a94ac5a22c3ebcb289cb4ff2768aa8c42a82f61fb5523b21175e2ffe8b7a
factual_v1,0,c6d30af6a238f8bb9892/background_rate_periods.csv,324992,eb16c91102359df7210c307ca034628f007de113b65312f94f033f278513a847
factual_v1,0,c6d30af6a238f8bb9892/build_info.json,303,4b28f46e4b0d300dcd570965f510fb7f39e094ed0da0823105dd75e517b10146
factual_v1,0,c6d30af6a238f8bb9892/frame_packet_outcomes.csv,205155,942c5b45ad8873a85ef2db6bb418f8bc9295c4f43f4509584afd1eece612c35c
factual_v1,0,c6d30af6a238f8bb9892/frames.csv,274675,2c136c64bb6d20dd576e1d4b9a1e6b65a5eaebf9db395c3c260a683f72e18076
factual_v1,0,c6d30af6a238f8bb9892/link_intervals.csv,510,6c242c9e1c173670a269ace748bda13f3e11a65df5331e8eb8c4715bdc572a80
factual_v1,0,c6d30af6a238f8bb9892/mac_summary.csv,226,8436c9a347a4cb27058de81f34d628914f203f2b2071c4a543168d54a61bad71
factual_v1,0,c6d30af6a238f8bb9892/mechanism_t2_actions.csv,251456,e76ca4a380ac6efaeae441049466d0a7758e55bf90e6a09093bb5da50f331cec
factual_v1,0,c6d30af6a238f8bb9892/mechanism_t2_snapshots.csv,324095,d8aed97386a9f14481368980201445c48e6b0c344a4de7a65de45bb2193a66b6
factual_v1,0,c6d30af6a238f8bb9892/ofdma_summary.csv,237,81b5e2b4889dd80c26f034428e19b19acc9486f9cf3477b6659f072720046a03
factual_v1,0,c6d30af6a238f8bb9892/policy_decisions.csv,169736,bed2a957c220d1c975774f4314472628e5001c2e26a8d0e446b742b2d74d51bd
factual_v1,0,c6d30af6a238f8bb9892/prediction_polling_samples.csv,3159272,72089ee4d1672580f205406981f41e7ddd596eb2fd16dfb0cd34a9b95c88b97f
factual_v1,0,c6d30af6a238f8bb9892/prediction_samples.csv,3891591,209df25b9c6c88710ba974192f99f419b6354bdaf3d47a1d501765bcee9b60ea
factual_v1,0,c6d30af6a238f8bb9892/resolved_config.json,7271,2e5d8ae0d5f454ee688d8a347db61907dc1658cc48f38266e3035a300b7cd925
factual_v1,0,c6d30af6a238f8bb9892/secondary_airtime_events.csv,1137617,df585bde5669e88fb47ec2afa10aa92c05839584000c923fffe5186436f13259
factual_v1,0,c6d30af6a238f8bb9892/secondary_airtime_settlements.csv,115294,180df85eaf1431faa8e3bc10a5b6f972d26dd79eb1a2ce371eb0752f3a9bb466
factual_v1,0,c6d30af6a238f8bb9892/secondary_airtime_summary.json,598,0f74abcf7ba1f162f504ca498abba3dc563e6e6c1627a8b299a2e212034e8fee
factual_v1,0,c6d30af6a238f8bb9892/stdout.log,190,1a3face303879cab54228104b8b5be27feefdf03504f722beaa878ef9b532eda
factual_v1,0,c6d30af6a238f8bb9892/summary.json,1600,b6eb1490322b218a4b88224cbea46283f49069d9351dc4100ff4b5a1c6689298
factual_v1,0,cfe15cf9f2c5bc93dba5/background_flows.csv,3049,6776b027796d870ac3d53ce04376b7e6813e4b1b1e53a0db69a4ff79bacb87ae
factual_v1,0,cfe15cf9f2c5bc93dba5/background_rate_periods.csv,324992,cf9634c7197711750636e9934153596e5956ef7f6b6f875a0e4152ba7713a9a1
factual_v1,0,cfe15cf9f2c5bc93dba5/build_info.json,303,4b28f46e4b0d300dcd570965f510fb7f39e094ed0da0823105dd75e517b10146
factual_v1,0,cfe15cf9f2c5bc93dba5/frames.csv,243657,a0c0477618b493eaad99488419d53ce22adc2e58ee368d9d89d7097cb7c83a53
factual_v1,0,cfe15cf9f2c5bc93dba5/link_intervals.csv,489,58d8681c52a3f414c3260a7e8cafa8d73916f899ca59fd8f7c71a38aa4ec2b68
factual_v1,0,cfe15cf9f2c5bc93dba5/mac_summary.csv,227,304839009aa17546b326b229198df0301e2a314980743d7b330f993d78fc6e76
factual_v1,0,cfe15cf9f2c5bc93dba5/ofdma_summary.csv,237,81b5e2b4889dd80c26f034428e19b19acc9486f9cf3477b6659f072720046a03
factual_v1,0,cfe15cf9f2c5bc93dba5/policy_decisions.csv,140936,281a453c630c2e14497bc935c3093a1363fc1cbe595c2a91f4329aef5601b2ca
factual_v1,0,cfe15cf9f2c5bc93dba5/resolved_config.json,6551,b8d8b92188d69e9a234a8ffe26f8763f9c3a568d8b036df09e9f0ba94af1e92a
factual_v1,0,cfe15cf9f2c5bc93dba5/stdout.log,176,956c703fcbf92be637c918c8a433c6527b7e0f1afbee23be6d04c5899f6e0cfd
factual_v1,0,cfe15cf9f2c5bc93dba5/summary.json,1550,80e7c6e1cb64539bf106a2d6c0d8cac4ba3af857fbcecccabaa7457399eaf56a
factual_v1,0,d87259d4d53f6cadf5e0/background_flows.csv,3075,9eebba7c07cc453816cacb6fdf47eec73cd90393f2b5b0e68bcc43d5cf584c7d
factual_v1,0,d87259d4d53f6cadf5e0/background_rate_periods.csv,329886,9710c844fb959da3f082e664b190060fac7d06ea32a02827e55bd128ea0ef0dc
factual_v1,0,d87259d4d53f6cadf5e0/build_info.json,303,4b28f46e4b0d300dcd570965f510fb7f39e094ed0da0823105dd75e517b10146
factual_v1,0,d87259d4d53f6cadf5e0/frame_packet_outcomes.csv,143762,a43c8ca02abc9ccf84f006afdb29e8e0e5c28a4f05b9c0a3d632d9bd8e3730de
factual_v1,0,d87259d4d53f6cadf5e0/frames.csv,267402,65f0a55bf3192226070dc24a39edb7d49767a8cdb9521e71e3067dbcad25dbba
factual_v1,0,d87259d4d53f6cadf5e0/link_intervals.csv,506,ddcb62324fd983f8aed252d9f8527a94b31c9b8a4b42583d9068951be0043b14
factual_v1,0,d87259d4d53f6cadf5e0/mac_summary.csv,223,fbb35b5db4c32d1a11739411a8227eb1f2d55110160decdf690c3a19c328990a
factual_v1,0,d87259d4d53f6cadf5e0/mechanism_t2_actions.csv,245426,36b417f8983bbef79a2f61edbb766886a89d86d88a2c68449c36a25c473146d4
factual_v1,0,d87259d4d53f6cadf5e0/mechanism_t2_snapshots.csv,327942,2d394064322d61eb382e39e27efec56126c35e079324a3e55725b9f3ec4a60c8
factual_v1,0,d87259d4d53f6cadf5e0/ofdma_summary.csv,237,81b5e2b4889dd80c26f034428e19b19acc9486f9cf3477b6659f072720046a03
factual_v1,0,d87259d4d53f6cadf5e0/policy_decisions.csv,178736,78572a2753a807ba6aa9c423e35e20628bc541d687aa9c3d47a336855c66a162
factual_v1,0,d87259d4d53f6cadf5e0/prediction_polling_samples.csv,3030642,71c1bb0717757d24310bdeee8ef79b630886caf4e295a5a3e91d35f1c01bdd91
factual_v1,0,d87259d4d53f6cadf5e0/prediction_samples.csv,3765563,fcd108f0783c90b377e0046786aa6849b800bf0fe667519b165b70e5e83cc6ac
factual_v1,0,d87259d4d53f6cadf5e0/resolved_config.json,7566,0d47a33e2979851f2bb24c854b7f8dd94fc806a941999e04ecca04a3c94dca98
factual_v1,0,d87259d4d53f6cadf5e0/secondary_airtime_events.csv,374262,7e17944f67a75fa1ec78dca84c374eaa0944c9953f2a1dec2e34ef0497ed9345
factual_v1,0,d87259d4d53f6cadf5e0/secondary_airtime_settlements.csv,113976,82a5c93fa6e84f51d7e758d97a6857a1ef210a07e63c8ebb1a6912da08ec0625
factual_v1,0,d87259d4d53f6cadf5e0/secondary_airtime_summary.json,604,28adfc5aa7bf7186f64e72d17a4cd921bb8517fb5786f465a27f044fc60063d7
factual_v1,0,d87259d4d53f6cadf5e0/stdout.log,188,e70cf29a43f25f169763fe9501b589a43b3449af07391b218a78720328f9998d
factual_v1,0,d87259d4d53f6cadf5e0/summary.json,1935,2ff41c115d4f1cadef20d80a2bee639aa5b48fc09d7024b7b66be4959f1a798b
factual_v1,0,d9427b930f0b83b70bdd/background_flows.csv,3067,43ee50e9a9b3645d68edeed3c2fc15d303ddb14fcc5737df720f3ef1eae570d7
factual_v1,0,d9427b930f0b83b70bdd/background_rate_periods.csv,365159,3f9a8625e86b1558c0fa84805a6e34f32f280b383fc9fc926a70b1a8541d70f3
factual_v1,0,d9427b930f0b83b70bdd/build_info.json,303,4b28f46e4b0d300dcd570965f510fb7f39e094ed0da0823105dd75e517b10146
factual_v1,0,d9427b930f0b83b70bdd/frame_packet_outcomes.csv,238538,76b75ad520e9e87d83d59d5fcd4251e531a36a100b4b1bfcaa254e6a2ff73fbc
factual_v1,0,d9427b930f0b83b70bdd/frames.csv,268382,a66498d25bbab9e9d94a9448ef5d132f45b026ae9b28824c1628049210c614a4
factual_v1,0,d9427b930f0b83b70bdd/link_intervals.csv,511,50901f499d7b9bef6e3ff0751df886a0334ea034af5bf411d9a91059820577fd
factual_v1,0,d9427b930f0b83b70bdd/mac_summary.csv,225,2c89ed6ce30ae20846ed1ecf4f6f162668d7fd445e6f7d7d6da268423f6dd555
factual_v1,0,d9427b930f0b83b70bdd/mechanism_t2_actions.csv,144356,bb2b7a45a417328d45e05d2d6d326347a87ef5bc3339e1040d73ab6200c76a57
factual_v1,0,d9427b930f0b83b70bdd/mechanism_t2_snapshots.csv,338784,a2bf7fd80787232c61ab822a811f907e0fb1c4b820c7f49dd7e5d6b3cbae6f01
factual_v1,0,d9427b930f0b83b70bdd/ofdma_summary.csv,237,81b5e2b4889dd80c26f034428e19b19acc9486f9cf3477b6659f072720046a03
factual_v1,0,d9427b930f0b83b70bdd/policy_decisions.csv,151736,4ce96d6c4e2ce3a43ded55f229cee4845b90607ca88aae2f30c9abfb92e997f4
factual_v1,0,d9427b930f0b83b70bdd/prediction_polling_samples.csv,3221144,ef0f5ace6870c16d9842c81323cabbde7d83ba526b932c2723641c16a9c71202
factual_v1,0,d9427b930f0b83b70bdd/prediction_samples.csv,4035011,59238f55774da99b472433af21bf938de170bdf0370ca15728b03a1c03f2db4a
factual_v1,0,d9427b930f0b83b70bdd/resolved_config.json,7553,120f680f45f9e895ce2b936238fdf486ffaed1eb60768a2d4245c8d9d29607f5
factual_v1,0,d9427b930f0b83b70bdd/secondary_airtime_events.csv,336518,904d5f6de37c961aff0b79525ed84251d8f1f6be48d25b670b960f031214026a
factual_v1,0,d9427b930f0b83b70bdd/secondary_airtime_settlements.csv,103,108b472c3dfa7747b73e777b97962cc32dee3e1e60f83fc449c20bccb3a03828
factual_v1,0,d9427b930f0b83b70bdd/secondary_airtime_summary.json,580,f8764541579cb41e87d67506eb744506568fa3ac5f8c669f8179f9666aa8f14c
factual_v1,0,d9427b930f0b83b70bdd/stdout.log,190,8ac4d59a224ab142d0eeb461afa9f5b2d1dacf1cc9ee31faef9d9531281cc79e
factual_v1,0,d9427b930f0b83b70bdd/summary.json,1879,7acbe0c83d458b3f38c0b0b30a484c5f733f926c839fcae7770d5b1bbed8056e
factual_v1,0,dc81935090dc242af15e/background_flows.csv,3073,7ee3c166c7324d9b6ddae379791473646746170ae14b47b38ba1ad84c8373448
factual_v1,0,dc81935090dc242af15e/background_rate_periods.csv,326294,28a2a4015c5e2627c9e8842d66a42c5951350aa3521d6545474f61bc8206b18c
factual_v1,0,dc81935090dc242af15e/build_info.json,303,4b28f46e4b0d300dcd570965f510fb7f39e094ed0da0823105dd75e517b10146
factual_v1,0,dc81935090dc242af15e/frames.csv,243106,5a3459f75bcebdd13c188bb053ce1763bf17cd91cc7bd42e190ef3d7118e2e60
factual_v1,0,dc81935090dc242af15e/link_intervals.csv,491,3fa6b2e7edd168f1ffc09469640d801fc88916444a7c8009efe077fb1fdd3ff7
factual_v1,0,dc81935090dc242af15e/mac_summary.csv,226,4ba77cb75a3890063fc4a098eaa4edf475666894f01593244dfd61fc83d9106a
factual_v1,0,dc81935090dc242af15e/ofdma_summary.csv,237,81b5e2b4889dd80c26f034428e19b19acc9486f9cf3477b6659f072720046a03
factual_v1,0,dc81935090dc242af15e/policy_decisions.csv,140936,44495b85690c0861f01f3a6fae82da430b4823a68d031444fcd4d457325b203b
factual_v1,0,dc81935090dc242af15e/resolved_config.json,6844,8afb7025fcbcee659a016adfd72b43f913ce68658a69f7e73d6b2f22bdf294de
factual_v1,0,dc81935090dc242af15e/stdout.log,176,72266bb34a6cfa3c17a302597a15b11d9ac3991647b92ce123d8692ef896a879
factual_v1,0,dc81935090dc242af15e/summary.json,1875,ee01279dc7ba8e8f43527e7e440a9e987d4eb6cbe041361b1601a1efa5c3363b
factual_v1,0,de89093dbce44b4cb96d/background_flows.csv,3105,d3ad3e976e7bebb3dc2432c67b40739dce99d443ed078fc6ec6dfc8b17e751ec
factual_v1,0,de89093dbce44b4cb96d/background_rate_periods.csv,323435,1df56ce20d3c201ad65d4c44088575147f13ef8f83010672c7a3a9e96ee6f648
factual_v1,0,de89093dbce44b4cb96d/build_info.json,303,4b28f46e4b0d300dcd570965f510fb7f39e094ed0da0823105dd75e517b10146
factual_v1,0,de89093dbce44b4cb96d/frame_packet_outcomes.csv,144448,0c1e6af84fdf5ae247b72a1b648f4540a223677f4be3b4cefb90231e608631de
factual_v1,0,de89093dbce44b4cb96d/frames.csv,255095,0783133ba0aa7c6c2d743f48c244232fc23a0e4922cc06f87b635360e55386e7
factual_v1,0,de89093dbce44b4cb96d/link_intervals.csv,516,f6a5247d2a92687ce6749507e5a1e57ea4729e5b1866206ba30e811dbda24e3c
factual_v1,0,de89093dbce44b4cb96d/mac_summary.csv,232,6297fd3e5faf9956504664a63c0859d647f14e7ce38d1d21fe6e91f2dfdb75df
factual_v1,0,de89093dbce44b4cb96d/mechanism_t2_actions.csv,251456,9fe26dda7f917b727d249ca51f71edc257718db0e9519ca6f33dbbff710845bb
factual_v1,0,de89093dbce44b4cb96d/mechanism_t2_snapshots.csv,349863,a3baca25cd6a7e95976b68e2cc8fd562d896bc13b3b2ff5434a1ec9be23a9bd3
factual_v1,0,de89093dbce44b4cb96d/ofdma_summary.csv,237,81b5e2b4889dd80c26f034428e19b19acc9486f9cf3477b6659f072720046a03
factual_v1,0,de89093dbce44b4cb96d/policy_decisions.csv,169736,1c8d3f8c1278d639d2f68d00707d4538fd16afcd701c6f385ded5bb0abcb352a
factual_v1,0,de89093dbce44b4cb96d/prediction_polling_samples.csv,3177510,7a655e67c58d2cc253d5ae35508cd3d2618fd734a4f230e6ece800f9cf3e4920
factual_v1,0,de89093dbce44b4cb96d/prediction_samples.csv,3973455,6a75cccf1bb9db77e33bc25b64ff396e88ffe0f398b91952fb4e3cb9b3dc1c07
factual_v1,0,de89093dbce44b4cb96d/resolved_config.json,7272,fde0ac2d12a6b95955f1b90a2b9e4cf15efc5ffb00d9273b19237bc2c94939dc
factual_v1,0,de89093dbce44b4cb96d/secondary_airtime_events.csv,302002,8c5ef2beab78d68582d0dfe9982e6110575f8263a560ee3443d06f0e8eb34171
factual_v1,0,de89093dbce44b4cb96d/secondary_airtime_settlements.csv,127882,b237fa6a565c95fa63b94246b6b7e978262981e0ae523130a1fdd8c5303dbe7e
factual_v1,0,de89093dbce44b4cb96d/secondary_airtime_summary.json,606,c386eef265dfde12931b0329b3145c4930439b6b151595af765baa68dad8466c
factual_v1,0,de89093dbce44b4cb96d/stdout.log,190,9ce29c9fb47fae3cb99d83588d9efce45f39c0f25cc0eb9e8e0ec2e15ce0d703
factual_v1,0,de89093dbce44b4cb96d/summary.json,1603,21eb9c9753a6a86629529735f6a662e8b5022ef1ae5585d4373e84eceb79c884
factual_v1,0,e31f762a877481035a12/background_flows.csv,3067,7e73363b7f069afe52da6e459c82c8285c7da1c63d9fe3d8183a332f4cd0e1ef
factual_v1,0,e31f762a877481035a12/background_rate_periods.csv,365159,8890b66061122364992fd6796a123e6d136f11679cfda03d8cdcf1280bdeab30
factual_v1,0,e31f762a877481035a12/build_info.json,303,4b28f46e4b0d300dcd570965f510fb7f39e094ed0da0823105dd75e517b10146
factual_v1,0,e31f762a877481035a12/frames.csv,249521,2966de14dff776a4b27cf28c4cbf93eebd3f19bdbe135646fb9764c5e6aa59f2
factual_v1,0,e31f762a877481035a12/link_intervals.csv,488,7f4aff9070c5c5c6531fa57a19863dd72c20f3190e7529189bd75a70c5c5c348
factual_v1,0,e31f762a877481035a12/mac_summary.csv,223,12f4ba67e0db5e90285c4d0d5b68bf1a48c3cf13bc88d3bae16b7499ae6f2219
factual_v1,0,e31f762a877481035a12/ofdma_summary.csv,237,81b5e2b4889dd80c26f034428e19b19acc9486f9cf3477b6659f072720046a03
factual_v1,0,e31f762a877481035a12/policy_decisions.csv,140936,0aa34545f31024d532f389fb738fdaf4147830102aa8a4f4a8ca50a0c62a27b6
factual_v1,0,e31f762a877481035a12/resolved_config.json,6860,7b532705c163eba3159dee3964783ea4ea6ebf1f7cabfec1802bebf0e8772646
factual_v1,0,e31f762a877481035a12/stdout.log,176,9aca00a1dd5ff01edf10ebdf2ca1b92abc1b281a0764a8146484b5184c363aa7
factual_v1,0,e31f762a877481035a12/summary.json,1827,8daa2f965e55b15a41be16be35ab396cdde8ffb8c4aa46a69fa6b412a84e67ce
factual_v1,0,ea74058b04e22b871bdd/background_flows.csv,3067,42de102f8811bff256cd052865438bb73d419050a7975f174124227e190c31f1
factual_v1,0,ea74058b04e22b871bdd/background_rate_periods.csv,351013,b69caf54c85829fa081094687dc8ef45dbf114e14c95a7e87478f1bbe3146bc2
factual_v1,0,ea74058b04e22b871bdd/build_info.json,303,4b28f46e4b0d300dcd570965f510fb7f39e094ed0da0823105dd75e517b10146
factual_v1,0,ea74058b04e22b871bdd/frame_packet_outcomes.csv,166864,c6756f0a2b2e8f67e2793050ad0d02ac01f0cc7dd0ea6604f970a285224dd03d
factual_v1,0,ea74058b04e22b871bdd/frames.csv,278166,dd5f6337b0f2b7e5441d76318966c150630c1d3a7aea52f0e775e000707f79c8
factual_v1,0,ea74058b04e22b871bdd/link_intervals.csv,504,65e4133a520e40dcfe1ab568ecbd254637033be526850ea1cee44fcf4d220589
factual_v1,0,ea74058b04e22b871bdd/mac_summary.csv,223,a02672ed8b30f2c309c9069ff28265937ccf694e91e5b09f42ea5af37e95c3a4
factual_v1,0,ea74058b04e22b871bdd/mechanism_t2_actions.csv,245336,aec289e7fa39cb7e52b94f0269e6912f4418d04a58fbaf556f80af42f6b17afb
factual_v1,0,ea74058b04e22b871bdd/mechanism_t2_snapshots.csv,328641,4a24d9390b90792fe228038094b10616ad7d79895e84405163b29ddd7d111687
factual_v1,0,ea74058b04e22b871bdd/ofdma_summary.csv,237,81b5e2b4889dd80c26f034428e19b19acc9486f9cf3477b6659f072720046a03
factual_v1,0,ea74058b04e22b871bdd/policy_decisions.csv,178736,5e10a3b11ba32a0806f8195ec4724c8be960ac03753ffcca3b9e456a5db95e42
factual_v1,0,ea74058b04e22b871bdd/prediction_polling_samples.csv,3010641,abe1b5c279c29023318d2faf56761f9e2261177b9230fa67950ad40db5adab9d
factual_v1,0,ea74058b04e22b871bdd/prediction_samples.csv,3732174,2d3f6dfe0536462e0deb1cd280a9b0008a7325d6a6c6eb949d587c211ce55c1a
factual_v1,0,ea74058b04e22b871bdd/resolved_config.json,7599,48b9c6bd5e45b1767a23bd90ad36f41f903d20eb153752453fb5c4cca816ab6f
factual_v1,0,ea74058b04e22b871bdd/secondary_airtime_events.csv,245021,278a2750a7e63e39de9b12971c36e73812b169b225ede74d5822c4224778a51d
factual_v1,0,ea74058b04e22b871bdd/secondary_airtime_settlements.csv,110455,71acc5d3536613d7db3886965c36a5785ad8482b7711ffddc37e85f9d10dfdf2
factual_v1,0,ea74058b04e22b871bdd/secondary_airtime_summary.json,603,49dc398e9261a1809d20d34cc6f4a272555827645487b39747d0d6e0ab37a0b2
factual_v1,0,ea74058b04e22b871bdd/stdout.log,188,91a0f5497bfef7c75376f66dd48e7c30e789d5ecc02dca112bdff4cc431dfb8d
factual_v1,0,ea74058b04e22b871bdd/summary.json,1886,6832f49944af6ef70945fa1960fa8a83f250908ccf43b7d6899280c4cbd2059e
factual_v1,0,ef7c57ddeb5a2a6cfea0/background_flows.csv,3040,f8f9750d86a236d8aa9acabdb841475c3b7d321afe40e8d99e186841d5d26f6f
factual_v1,0,ef7c57ddeb5a2a6cfea0/background_rate_periods.csv,191030,ab0525ba7acfd3fa200fc4fa6bb556415077b94289c28a2e79ea14beabbf2cf5
factual_v1,0,ef7c57ddeb5a2a6cfea0/build_info.json,303,4b28f46e4b0d300dcd570965f510fb7f39e094ed0da0823105dd75e517b10146
factual_v1,0,ef7c57ddeb5a2a6cfea0/frames.csv,249968,f4a0e615efb5faeea5a3e9b6d5202c08bc059daa9a75106323fb71cf69b5a780
factual_v1,0,ef7c57ddeb5a2a6cfea0/link_intervals.csv,490,ed07326cc4c741cb1b22a65fba4cf040e82db8ad430705901abec8ea48eab59f
factual_v1,0,ef7c57ddeb5a2a6cfea0/mac_summary.csv,225,5a9b3bf1266df88331e4841a35f840cd2ebaeb7df32f03b6a962613d80c9bfdd
factual_v1,0,ef7c57ddeb5a2a6cfea0/ofdma_summary.csv,237,81b5e2b4889dd80c26f034428e19b19acc9486f9cf3477b6659f072720046a03
factual_v1,0,ef7c57ddeb5a2a6cfea0/policy_decisions.csv,140936,7a32a3e1fc5212ab0e74e0af4b80b3f3f99565dc88c8cbfa9521d5c980888edb
factual_v1,0,ef7c57ddeb5a2a6cfea0/resolved_config.json,6549,fde69d6ccf205c5b440b713d1006bbd18c84695ed38c828d80796f30f20e1799
factual_v1,0,ef7c57ddeb5a2a6cfea0/stdout.log,176,419a8c17a8b5a6c4b2e6f447715dbfa79a6da8ab8ebd8a8b62f573fc216dc01f
factual_v1,0,ef7c57ddeb5a2a6cfea0/summary.json,1556,a836010797f1af6d683c990cf463b3e14b180d82f1cee20f73498bd0f73d8a81
factual_v1,0,experiment_manifest.json,251839,1f09bc43379edf7212517e4b811e1bcb6f2d62b004d035f47039098da0861e19
factual_v1,0,f05675ad202342dff1dc/background_flows.csv,3067,9554c5b4e4cd227c6754aac91cf3a46bd332c708ec80ac35dd494cf6c00a380b
factual_v1,0,f05675ad202342dff1dc/background_rate_periods.csv,365159,73f4c2e50d4d3f8b98a0f4a11db47001b3fa87ed041cba5a9aa7a02a60ec115e
factual_v1,0,f05675ad202342dff1dc/build_info.json,303,4b28f46e4b0d300dcd570965f510fb7f39e094ed0da0823105dd75e517b10146
factual_v1,0,f05675ad202342dff1dc/frame_packet_outcomes.csv,169343,9c8568167587bcd72c51a347d2ad9f1e39beaf0fdddcd4c31231b0f75fae1354
factual_v1,0,f05675ad202342dff1dc/frames.csv,279436,40696c64324afcaa76b3b3e50831fc5fdbe4f915f3c1931009ae361450803821
factual_v1,0,f05675ad202342dff1dc/link_intervals.csv,507,5ff3c0efdf929487375dcac7a24d507f50982598998393106848c61fa9f2b40f
factual_v1,0,f05675ad202342dff1dc/mac_summary.csv,225,87878fdafc00274df99067b06c835f05492021acdb11ab7a2ae854c9e47c94b7
factual_v1,0,f05675ad202342dff1dc/mechanism_t2_actions.csv,245336,263a53d9cb5c2a33c4fb0caa42002286944b60a1ef2f0f1317497c02d68f771b
factual_v1,0,f05675ad202342dff1dc/mechanism_t2_snapshots.csv,327702,62d7aa225695c3858759aaf16e1211ae3da025fe1f24c62619570d1c93235cda
factual_v1,0,f05675ad202342dff1dc/ofdma_summary.csv,237,81b5e2b4889dd80c26f034428e19b19acc9486f9cf3477b6659f072720046a03
factual_v1,0,f05675ad202342dff1dc/policy_decisions.csv,178736,7a1a0ece576f692d24f023b71617b2967adc3be501690667ba133a65578f46bf
factual_v1,0,f05675ad202342dff1dc/prediction_polling_samples.csv,3022801,464cbddb4446c18bcfe41ac56dbdff4c4204f155fbe47d94254a301000c43de3
factual_v1,0,f05675ad202342dff1dc/prediction_samples.csv,3741760,2d99d5f5fcdf39aa19fea695b88cb39167e56ef143eba9522c6a7e68027fc94d
factual_v1,0,f05675ad202342dff1dc/resolved_config.json,7584,6013585e166109116728c506c95ae71738900d79f16052f3c24630d5721d98f5
factual_v1,0,f05675ad202342dff1dc/secondary_airtime_events.csv,269170,5ca28d61d3d122a7cce668a4150d4bc271bbac8342ebe4b6780d98dd03922291
factual_v1,0,f05675ad202342dff1dc/secondary_airtime_settlements.csv,111128,84052ae1bbce160a368a69c3492ad98cd32de72bdcf7e8dd0ce21a6029124bb0
factual_v1,0,f05675ad202342dff1dc/secondary_airtime_summary.json,595,9bdaab4d188d9836a6971ebdf95dcb0a1f7ef89aec7df0be67666905de011246
factual_v1,0,f05675ad202342dff1dc/stdout.log,188,fe15bf5aeaee989fb803cca782290bdfd946139f1a64f1a32dc196b0e3e9524c
factual_v1,0,f05675ad202342dff1dc/summary.json,1897,26b94a2c21f1a82a624781b53420e40fd322b7ad2f99d53c6a1221b79f31c617
factual_v1,0,f0bd4fc7300ef47dcbe2/background_flows.csv,3067,b8f8f144f9ab84e680f515da69adf18b7020372723287c36977fb165ae8ce003
factual_v1,0,f0bd4fc7300ef47dcbe2/background_rate_periods.csv,351013,f6adff756f3f0758b99e351edb97159d710173f0a39ebdc7a880636116f5e271
factual_v1,0,f0bd4fc7300ef47dcbe2/build_info.json,303,4b28f46e4b0d300dcd570965f510fb7f39e094ed0da0823105dd75e517b10146
factual_v1,0,f0bd4fc7300ef47dcbe2/frame_packet_outcomes.csv,238456,fc2c24d50f5b8bb96cf6590d5dbdc016865ea40b4a0aaf26d3cecfeff6298dc5
factual_v1,0,f0bd4fc7300ef47dcbe2/frames.csv,279340,cc9292ffda8352bbc90ca735f9a2f7b93f5fc7db4c9a7307543dd7f811b30fe3
factual_v1,0,f0bd4fc7300ef47dcbe2/link_intervals.csv,511,c132525bd1039ffeea9f337f795fb7bcd5a0f7a72ed02116a47a02177cd66dd7
factual_v1,0,f0bd4fc7300ef47dcbe2/mac_summary.csv,226,b8c7601c3137c909ccd933c1faf8e4c8b7feeca5f6b48e30f30e68b63486de31
factual_v1,0,f0bd4fc7300ef47dcbe2/mechanism_t2_actions.csv,255776,d11165bd79b443d96d825a1bfc5405f6d0cefb3cc7f62931f77ac21e87904426
factual_v1,0,f0bd4fc7300ef47dcbe2/mechanism_t2_snapshots.csv,328891,9309046746eb182c576a2bd10f90c90384594c190658ec83e00cfd55d6a81d0c
factual_v1,0,f0bd4fc7300ef47dcbe2/ofdma_summary.csv,237,81b5e2b4889dd80c26f034428e19b19acc9486f9cf3477b6659f072720046a03
factual_v1,0,f0bd4fc7300ef47dcbe2/policy_decisions.csv,169736,f491be88ec634fa087ce3626a256aa811da4b0be84f0a1a672bf3bb14a314571
factual_v1,0,f0bd4fc7300ef47dcbe2/prediction_polling_samples.csv,3154185,6efb5691f9cd287fbb58cdd6b78079d24bc482cb689869204344aa77ccad4bb7
factual_v1,0,f0bd4fc7300ef47dcbe2/prediction_samples.csv,3871236,7c876f06ad39429a58d39f784f21f4486149fdf1eb7b0b90b21b6b7144d6e7d1
factual_v1,0,f0bd4fc7300ef47dcbe2/resolved_config.json,7580,ae6347772f9fab490494ce455fcc6e08ab17967091d07283388f26a0bbdf0955
factual_v1,0,f0bd4fc7300ef47dcbe2/secondary_airtime_events.csv,292712,5abd041662b537c5ac2cb85feb52bd7fafa52c7988890e8eef5cc02a4a4f155c
factual_v1,0,f0bd4fc7300ef47dcbe2/secondary_airtime_settlements.csv,112464,6579ad3639ac3cc3e1ec4f891845e9d0177629f408c3bac568bb01c719accd5e
factual_v1,0,f0bd4fc7300ef47dcbe2/secondary_airtime_summary.json,599,0b0ffe47de7c1372ebff5a3375362f2c91166c4048d698f1a169bc546117e33c
factual_v1,0,f0bd4fc7300ef47dcbe2/stdout.log,190,f44032fa6d11f0258918d2745e4a044f0d329a51136ef9edda96b29eebb5aa66
factual_v1,0,f0bd4fc7300ef47dcbe2/summary.json,1880,c2a90ae809d6b52d705e9b7f930adf96e9568026b43fde6e835a10dadda3c913
factual_v1,0,f625b367dfb8b349415c/background_flows.csv,3067,970e8707b096c797bc60aa8170ee140f58cbc9bc661e999fe69e450d86e22f65
factual_v1,0,f625b367dfb8b349415c/background_rate_periods.csv,351013,52e939e50d502eb36ebf0a165c8b9ed09a0f12303f1c7e71b188f2a2ef4b8f33
factual_v1,0,f625b367dfb8b349415c/build_info.json,303,4b28f46e4b0d300dcd570965f510fb7f39e094ed0da0823105dd75e517b10146
factual_v1,0,f625b367dfb8b349415c/frame_packet_outcomes.csv,238765,81a92c2b1d9fee69b2d48c88e62e5e51ce3f72c34b77538e4784907853e1788a
factual_v1,0,f625b367dfb8b349415c/frames.csv,269014,90f7988ea4611531697aeb4ab989d960a07ef7c283e43f0efe3b0e69c85c0348
factual_v1,0,f625b367dfb8b349415c/link_intervals.csv,511,bd0af518f5d0c38329c0000b1e57ed1f4c57f372a221ab9b2c0242ccf76b830d
factual_v1,0,f625b367dfb8b349415c/mac_summary.csv,226,054675804f417a09639e7a1ed1a3d4cbba9a5db4497a43c037cf513ba39bbcb3
factual_v1,0,f625b367dfb8b349415c/mechanism_t2_actions.csv,144356,1901b7ca68bce65826c06e96c7b599689535a3cbc03a74787d0337ea40cc4147
factual_v1,0,f625b367dfb8b349415c/mechanism_t2_snapshots.csv,337989,9f88785fe149ae7d2dec5d7f9d979a2387775bc35beeb04fbf67cac2b1271fbb
factual_v1,0,f625b367dfb8b349415c/ofdma_summary.csv,237,81b5e2b4889dd80c26f034428e19b19acc9486f9cf3477b6659f072720046a03
factual_v1,0,f625b367dfb8b349415c/policy_decisions.csv,151736,d5c9f3760e4e1b0ccf0d0fefca223a6a1c3fc93cc0dca5c8336b042b0ce61149
factual_v1,0,f625b367dfb8b349415c/prediction_polling_samples.csv,3204237,14b35d1d63b3c6196b613e65ffb036e023160e76bebb37ce85987815cd6d513a
factual_v1,0,f625b367dfb8b349415c/prediction_samples.csv,4032523,e7ee4c728b424ec6916e5a090089d0ed13c0a3e5986299452a73d1b2ba37beeb
factual_v1,0,f625b367dfb8b349415c/resolved_config.json,7568,cfae1038cb99b2eac7257441457b1876935eb802973ef069406763c518eca1cb
factual_v1,0,f625b367dfb8b349415c/secondary_airtime_events.csv,297348,5535639ccd578d07300cb53c8b704861be4912f5ce240a6a08f42cc5e615850f
factual_v1,0,f625b367dfb8b349415c/secondary_airtime_settlements.csv,103,108b472c3dfa7747b73e777b97962cc32dee3e1e60f83fc449c20bccb3a03828
factual_v1,0,f625b367dfb8b349415c/secondary_airtime_summary.json,580,e89c45b009595675a061f92b53158db7449c7466288a47e2e218ac0ed848ab4a
factual_v1,0,f625b367dfb8b349415c/stdout.log,190,c5e766dfcb0a05d4051330be542256fb33b4ea0236db3b4a422a44dc4dd06b84
factual_v1,0,f625b367dfb8b349415c/summary.json,1882,a2e8f20e0e7ad90470fa0450a2fc9eec8bb1a298d7c15d40061671e0ffb7fcfa
factual_v1,0,f690b81c92bdbb18f3e0/background_flows.csv,3045,cffbb5cc04c898aeceb12d8c9b3a14ca425bfd4e15fc83f91f11eb1d9c562782
factual_v1,0,f690b81c92bdbb18f3e0/background_rate_periods.csv,323160,e6c33a583012fbe01ad6365d36cfcaf692d12585a5f06f2a2717253c5c0f415d
factual_v1,0,f690b81c92bdbb18f3e0/build_info.json,303,4b28f46e4b0d300dcd570965f510fb7f39e094ed0da0823105dd75e517b10146
factual_v1,0,f690b81c92bdbb18f3e0/frames.csv,251506,1a1262ac4ffa5e32cdecb3de063f667eecf1ce121839b91c7221da77c4db85ba
factual_v1,0,f690b81c92bdbb18f3e0/link_intervals.csv,486,09745ddff3f4dbb39ea3effc05161820ef437e71b450a8ee7c151eaf04721abe
factual_v1,0,f690b81c92bdbb18f3e0/mac_summary.csv,223,12a6f51434a5222e810ce32719e9f790191d5a08a8438fcb7df1b9d349e5bec5
factual_v1,0,f690b81c92bdbb18f3e0/ofdma_summary.csv,237,81b5e2b4889dd80c26f034428e19b19acc9486f9cf3477b6659f072720046a03
factual_v1,0,f690b81c92bdbb18f3e0/policy_decisions.csv,140936,cb2837de9a7771b1765091a73b7343d85b09f03ccc56142a946c1f422ebcacdf
factual_v1,0,f690b81c92bdbb18f3e0/resolved_config.json,6544,e049209d942e2d939a3b494410b068feb169357000fd7a10d9b633d3331b3105
factual_v1,0,f690b81c92bdbb18f3e0/stdout.log,176,f53e16ac6e5a4fd6ec01b5070dafdef02c4d3154b3ab0d83950313e6f1b0a1f4
factual_v1,0,f690b81c92bdbb18f3e0/summary.json,1522,b8bebded260ce2383a8fa09f4e656de7ac8de20e6a829ed956ac52facd9e0a9d
factual_v1,0,f6d5ec87a10b42c95c8f/background_flows.csv,3049,e82d03f423aa596ab6f088734cf703e744840ada61c83fb75146540817ed3d5c
factual_v1,0,f6d5ec87a10b42c95c8f/background_rate_periods.csv,324992,e75d4413898de3c3b845c8f981aab32dac50eee440b2046edabfa5f382666194
factual_v1,0,f6d5ec87a10b42c95c8f/build_info.json,303,4b28f46e4b0d300dcd570965f510fb7f39e094ed0da0823105dd75e517b10146
factual_v1,0,f6d5ec87a10b42c95c8f/frame_packet_outcomes.csv,206461,ab704aeb3d7cfea502f330d9792a647fbda758d657af31c9a01779052335657b
factual_v1,0,f6d5ec87a10b42c95c8f/frames.csv,263879,4e95f904d11c6ce41469fad9cbb293a46e103c0b23708ea9b4f6b8f6c8f0c241
factual_v1,0,f6d5ec87a10b42c95c8f/link_intervals.csv,510,cca4892a1ad189ed6a84de31dcb890752ad4859094aa4224ae557630aa0828d3
factual_v1,0,f6d5ec87a10b42c95c8f/mac_summary.csv,226,03e8addd7b5f46e43580eedcaa0b25681dc730f6c371ae618412444837feb60a
factual_v1,0,f6d5ec87a10b42c95c8f/mechanism_t2_actions.csv,144356,647314237e8192c24923d3de272c114a17b3dafd871a4c35666c4d176829c5cf
factual_v1,0,f6d5ec87a10b42c95c8f/mechanism_t2_snapshots.csv,335343,ff7e24aa2b391bebc0a12f7f060402d0061916aad39d076d0ddc23e9e57bbd8a
factual_v1,0,f6d5ec87a10b42c95c8f/ofdma_summary.csv,237,81b5e2b4889dd80c26f034428e19b19acc9486f9cf3477b6659f072720046a03
factual_v1,0,f6d5ec87a10b42c95c8f/policy_decisions.csv,151736,6c20ccaef0ac54d65aceb3cd395f7a25a4ed1e1b3c44fd058b730960236aa317
factual_v1,0,f6d5ec87a10b42c95c8f/prediction_polling_samples.csv,3212445,ec9d0ebb4046b961d3452b2efa94a4cb33765863000e8730b82cfea78fcd7864
factual_v1,0,f6d5ec87a10b42c95c8f/prediction_samples.csv,4082335,9512ffd0d7b33895da50bf0d48a38e45fcdc74590f39097e2b1538f1ff6628d2
factual_v1,0,f6d5ec87a10b42c95c8f/resolved_config.json,7259,d43c16b296cb814fb93a6f4d356ddafaa733ec1bcc4e9d27566e1a6bfc16ce5a
factual_v1,0,f6d5ec87a10b42c95c8f/secondary_airtime_events.csv,1145096,ab6ac512894f87d3eb9df49497a9b31783df0ead92d8abbcd1929d9207ec0de9
factual_v1,0,f6d5ec87a10b42c95c8f/secondary_airtime_settlements.csv,103,108b472c3dfa7747b73e777b97962cc32dee3e1e60f83fc449c20bccb3a03828
factual_v1,0,f6d5ec87a10b42c95c8f/secondary_airtime_summary.json,573,0cac37438eae322cc6bd49cc344fa5c7303204c36770fe7984a5aac42d61fdae
factual_v1,0,f6d5ec87a10b42c95c8f/stdout.log,190,bcdcb92376b688d76d92765c42521b4379ffbac84ba6a6f6c98d329fbb9cfed4
factual_v1,0,f6d5ec87a10b42c95c8f/summary.json,1601,4efee026d5647cd2b3825a533568e8f75a5ec95333f1720c2692349264eac23e
factual_v1,0,f99098b4099146c46cf0/background_flows.csv,3042,35711065250763d2bfff97c7916e389e48f7cf8785fb25ccdc091291fb868947
factual_v1,0,f99098b4099146c46cf0/background_rate_periods.csv,191030,a217baa8f244d9211ad692fe3cf667a2490ab9443990295d802381f48a463cc6
factual_v1,0,f99098b4099146c46cf0/build_info.json,303,4b28f46e4b0d300dcd570965f510fb7f39e094ed0da0823105dd75e517b10146
factual_v1,0,f99098b4099146c46cf0/frame_packet_outcomes.csv,145477,7aaed1f5393a5bf32065be557606257fe55a15f4e805e4b94112182131c84c07
factual_v1,0,f99098b4099146c46cf0/frames.csv,238260,e59a4db2394eff0a399d65d1a6beda782609f25ffccd24124355345461b8c79e
factual_v1,0,f99098b4099146c46cf0/link_intervals.csv,461,b919199fb7c2fa39860b5ead2d46b5294a40c7578cd10d465a5b5e6218920d23
factual_v1,0,f99098b4099146c46cf0/mac_summary.csv,202,df153bc89429582e7ae8b24b38d3b428ebf0bec498b814fd94777bda145cc5ff
factual_v1,0,f99098b4099146c46cf0/mechanism_t2_actions.csv,144356,d69831e3480454d2929223134504939deceb9af4bc7f8d56b590e11f0558fd81
factual_v1,0,f99098b4099146c46cf0/mechanism_t2_snapshots.csv,323822,bdcc18fce774af4f19331d10df95b0965aaaace409b96843ece0b2cd72397a81
factual_v1,0,f99098b4099146c46cf0/ofdma_summary.csv,237,81b5e2b4889dd80c26f034428e19b19acc9486f9cf3477b6659f072720046a03
factual_v1,0,f99098b4099146c46cf0/policy_decisions.csv,140936,a42c6de089f912be0696a7637a6927196416beba85cf569b0c1c8fe311008c2d
factual_v1,0,f99098b4099146c46cf0/prediction_polling_samples.csv,2944311,79c287388f9512477e1c6232bdc5a22dee30252f9a3aa450514d312b5d475fe3
factual_v1,0,f99098b4099146c46cf0/prediction_samples.csv,3666627,d352a6fb26c9dd6be9e1ca3f55b04bcb4ffb1b4900fcdd1534b4f9a03c958b9c
factual_v1,0,f99098b4099146c46cf0/resolved_config.json,7000,144e23af0aaa2a8a55ddcccd63d15d5b3e15b4f4b463e3121ed5c16c1e485ddd
factual_v1,0,f99098b4099146c46cf0/stdout.log,176,63cfca6d76120ad8024241b70588ad5605a89ad963a1c2ea73d8a64a0ae93f5a
factual_v1,0,f99098b4099146c46cf0/summary.json,1557,0e90b9c879af062409daabc0bf4538ee11e6d269ea384b88b002499af33bbcfe
factual_v1,0,fa58653d01fb638be19d/background_flows.csv,3067,2da9394eb0238825e2733196e3e76aa624f4338500fb5728c0e3f80fe2d1911d
factual_v1,0,fa58653d01fb638be19d/background_rate_periods.csv,351013,6b95db88068278a349b05c9b7126f779c6bd811eebe723c3d6fb6f741943e9ea
factual_v1,0,fa58653d01fb638be19d/build_info.json,303,4b28f46e4b0d300dcd570965f510fb7f39e094ed0da0823105dd75e517b10146
factual_v1,0,fa58653d01fb638be19d/frame_packet_outcomes.csv,158313,c166149bbfc296ed94e4a591a89f8607f8c740fc3a18ed884d1effe1c47699fb
factual_v1,0,fa58653d01fb638be19d/frames.csv,240269,9a0a68422c9dd1f360e45772e9c714ae37b31202f27158a652ca10e098857ffd
factual_v1,0,fa58653d01fb638be19d/link_intervals.csv,459,19d6a68f119ef7e89b38356caf93023edec7fc64626b6068d28ece03323215b0
factual_v1,0,fa58653d01fb638be19d/mac_summary.csv,201,b96ddc8e319232cb1b4a10b8be72c6f036f6af8ef3eb1cdedaf378b988069f29
factual_v1,0,fa58653d01fb638be19d/mechanism_t2_actions.csv,144356,ca918c49b6e42a3b7156542ad000cfed5e9715e53f585a28238f1442b3e8df54
factual_v1,0,fa58653d01fb638be19d/mechanism_t2_snapshots.csv,328557,0f5eaa49daf25d1f36e9a1cff94a0620f505662932e62f5dcc3b888285fd7976
factual_v1,0,fa58653d01fb638be19d/ofdma_summary.csv,237,81b5e2b4889dd80c26f034428e19b19acc9486f9cf3477b6659f072720046a03
factual_v1,0,fa58653d01fb638be19d/policy_decisions.csv,140936,fa419e5c2d607db4a9301b9680d342ff5114a9bd211a05315a8304c3388168c1
factual_v1,0,fa58653d01fb638be19d/prediction_polling_samples.csv,2974312,83c226f1bf7c0e22c2e5d89225967df4c894fee85f13f3c92619db70924d8e63
factual_v1,0,fa58653d01fb638be19d/prediction_samples.csv,3695135,20c6e0bda976d7c2e2827edf876ac26a173356675fccc04673684ad311eb0e55
factual_v1,0,fa58653d01fb638be19d/resolved_config.json,7311,60561f0e60f4f48dc246a46566bb4dfc47b5c052a0eec4093c2b6e6ced4f83fd
factual_v1,0,fa58653d01fb638be19d/stdout.log,176,cc3186998699626cf3919c8291ca961bf52b9f3ca3e255d68e8b11cb99f9db15
factual_v1,0,fa58653d01fb638be19d/summary.json,1836,bbe2227ac71cc796ed7720de3e19468cef4c0623738e3af95534b41b9856996e
factual_v1,0,fd4a0ff25d2d9878de0f/background_flows.csv,3105,bfcf9fd88ed5ef0b221261927de7ce1e7c3a5ba12bb79c6f42a5d09c7f19e149
factual_v1,0,fd4a0ff25d2d9878de0f/background_rate_periods.csv,323435,d0ace53164ea5c1b7ca0fbfb83d33f37710bea6e2e8c49361b850c10e41c8bdf
factual_v1,0,fd4a0ff25d2d9878de0f/build_info.json,303,4b28f46e4b0d300dcd570965f510fb7f39e094ed0da0823105dd75e517b10146
factual_v1,0,fd4a0ff25d2d9878de0f/frame_packet_outcomes.csv,145200,e61ea80c0b2b50a648b65de488e9589f5e5302c5aa467c871d782cef315f74c4
factual_v1,0,fd4a0ff25d2d9878de0f/frames.csv,244560,90add6492e3ea7950a2fa65c9c0a5fe8bfaa808d07da26919808cc67629835ea
factual_v1,0,fd4a0ff25d2d9878de0f/link_intervals.csv,516,4be8adc5c68e015495471a7afb4dee42ae79ea5fec0bd90fd0586ccb09d1592c
factual_v1,0,fd4a0ff25d2d9878de0f/mac_summary.csv,232,5be6da946dc55c6c23dbc68bbb1b90034ba9154abccd87057738cc5644caec75
factual_v1,0,fd4a0ff25d2d9878de0f/mechanism_t2_actions.csv,144356,025307edac09e061a82e85e0567e15144dba44621e648e1224293146b943647b
factual_v1,0,fd4a0ff25d2d9878de0f/mechanism_t2_snapshots.csv,358651,5fc98a94de982c174c31ed5bca745927d185e6ba6e6fd2e7d872e89f71f344fd
factual_v1,0,fd4a0ff25d2d9878de0f/ofdma_summary.csv,237,81b5e2b4889dd80c26f034428e19b19acc9486f9cf3477b6659f072720046a03
factual_v1,0,fd4a0ff25d2d9878de0f/policy_decisions.csv,151736,a6424b192ea48c48f05381c213e53db12e87dfa285502415bd7e23f1a30462d5
factual_v1,0,fd4a0ff25d2d9878de0f/prediction_polling_samples.csv,3180544,f91be68fd50e746ccf46c181bf87449867d75fbbad7574a9b2a7dc18ceabc004
factual_v1,0,fd4a0ff25d2d9878de0f/prediction_samples.csv,3996370,b0d0a7a5e29bcaae26ec14d1bc5047dc24af816453f3fcf2671dc93e2243a5ea
factual_v1,0,fd4a0ff25d2d9878de0f/resolved_config.json,7260,f8fb73c00fa9236e54f92980b2a2d8965733ad17e6bd792018d16d23180789a5
factual_v1,0,fd4a0ff25d2d9878de0f/secondary_airtime_events.csv,309536,d1c8e07ce42bded7faab71cbb0010a2a73427094d9ee1801cd755fb021002722
factual_v1,0,fd4a0ff25d2d9878de0f/secondary_airtime_settlements.csv,103,108b472c3dfa7747b73e777b97962cc32dee3e1e60f83fc449c20bccb3a03828
factual_v1,0,fd4a0ff25d2d9878de0f/secondary_airtime_summary.json,575,304ddb4e0dfae1498c1c5fe9f9023f339ba5656e159c4a6a242ad444e55b4e29
factual_v1,0,fd4a0ff25d2d9878de0f/stdout.log,190,3465ef48ea5d82e71823ce0593997ee861dc7e43b7d16c60f69f4cd1253b1c50
factual_v1,0,fd4a0ff25d2d9878de0f/summary.json,1597,b8c25b7e8ade96a0c82df626b2f2bc8354c72d8efd267d7c0ed4a0e0e794e518
factual_v1,0,fea6902f615f46e12ade/background_flows.csv,3045,f3d60da6a00385130e6ff20ba2cb9d44760e79108b9c5e5a059f3dda8c842d3d
factual_v1,0,fea6902f615f46e12ade/background_rate_periods.csv,323160,792250e3c133ee5812f82f65eb3efc57d30ad95c2af1bc6abfb0f8c4b665d717
factual_v1,0,fea6902f615f46e12ade/build_info.json,303,4b28f46e4b0d300dcd570965f510fb7f39e094ed0da0823105dd75e517b10146
factual_v1,0,fea6902f615f46e12ade/frame_packet_outcomes.csv,237647,52f3a16c140a25b484158328a59867d501bd9b32eb1ae3907339c0301f1895a2
factual_v1,0,fea6902f615f46e12ade/frames.csv,282255,fed6e0e703e6eebed9438eee0f3e185fcef49cc557e1f457ab28353dc2993ffe
factual_v1,0,fea6902f615f46e12ade/link_intervals.csv,507,6cd2409543232aba94f9222b44809a39fba87a712df8cc60a839177069de6f73
factual_v1,0,fea6902f615f46e12ade/mac_summary.csv,223,c3da597cfa310d0fb1a3b1740526ae3e2ad237560311d65d1404b7a14a8bc977
factual_v1,0,fea6902f615f46e12ade/mechanism_t2_actions.csv,251456,63fbdfb30494bdc769b373dc2fab63aded07e034f961e7f290b92cc071835c20
factual_v1,0,fea6902f615f46e12ade/mechanism_t2_snapshots.csv,309352,211ffaa5eda8a9ba18153265df910ab0c4bfdc5ee34334a91b25b0fe1c896abf
factual_v1,0,fea6902f615f46e12ade/ofdma_summary.csv,237,81b5e2b4889dd80c26f034428e19b19acc9486f9cf3477b6659f072720046a03
factual_v1,0,fea6902f615f46e12ade/policy_decisions.csv,169736,eca44be687770befb78ba079452641b379824f96c818852233fef7f79f9cfe5a
factual_v1,0,fea6902f615f46e12ade/prediction_polling_samples.csv,3075402,c5599211b6a5a35cba0c31c7a2a7b10071f35484e0e8ee01eb740fa7dcf24fb7
factual_v1,0,fea6902f615f46e12ade/prediction_samples.csv,3811018,0a1af0d4a56bba261614f714765803333ab034f15babef2c5dc06c232e47f950
factual_v1,0,fea6902f615f46e12ade/resolved_config.json,7264,6c7ba8f375786c096da6d2716aa5d160348ac6b666f69f321c169b191060b599
factual_v1,0,fea6902f615f46e12ade/secondary_airtime_events.csv,353974,1f2f174e73a825e17dfe4066d2b936a0e4d74d762640c81dc955ab1d0c02a00d
factual_v1,0,fea6902f615f46e12ade/secondary_airtime_settlements.csv,111950,cfb042575ac0f72162756859871c92fbed9fc0349975048ac254d5a10badb0ab
factual_v1,0,fea6902f615f46e12ade/secondary_airtime_summary.json,602,6e181d1fbb6155e29e9358d2681cdd7702e442365ddb6f5cb44c6d52b4d3f520
factual_v1,0,fea6902f615f46e12ade/stdout.log,190,3ee2e87daa0417774e4b573de535e723dbdb7c965a1931db15884c7a04503527
factual_v1,0,fea6902f615f46e12ade/summary.json,1593,92960fe8d37c182210c99455296442cd7dc794b87f964bb740dbcf8b68ced6be
factual_v1,1,.0f9a4aca1106bf989450.stdout-4565.tmp,0,e3b0c44298fc1c149afbf4c8996fb92427ae41e4649b934ca495991b7852b855
factual_v1,1,.13d83c2da1a42e6ce33b.stdout-4565.tmp,0,e3b0c44298fc1c149afbf4c8996fb92427ae41e4649b934ca495991b7852b855
factual_v1,1,.1740893cf300795a037a.stdout-4565.tmp,0,e3b0c44298fc1c149afbf4c8996fb92427ae41e4649b934ca495991b7852b855
factual_v1,1,.19f4975b10d6381d50ff.stdout-4565.tmp,0,e3b0c44298fc1c149afbf4c8996fb92427ae41e4649b934ca495991b7852b855
factual_v1,1,.1c3c747d8c58f6555127.stdout-4565.tmp,0,e3b0c44298fc1c149afbf4c8996fb92427ae41e4649b934ca495991b7852b855
factual_v1,1,.20a6f11d03d5e66b2272.stdout-4565.tmp,0,e3b0c44298fc1c149afbf4c8996fb92427ae41e4649b934ca495991b7852b855
factual_v1,1,.299475f7312cfbd6b8c4.stdout-4565.tmp,0,e3b0c44298fc1c149afbf4c8996fb92427ae41e4649b934ca495991b7852b855
factual_v1,1,.355841dc8377302f9c26.stdout-4565.tmp,0,e3b0c44298fc1c149afbf4c8996fb92427ae41e4649b934ca495991b7852b855
factual_v1,1,.3ebc556408ba9dbf6fdc.stdout-4565.tmp,0,e3b0c44298fc1c149afbf4c8996fb92427ae41e4649b934ca495991b7852b855
factual_v1,1,.44efb9d82164d36064b7.stdout-4565.tmp,0,e3b0c44298fc1c149afbf4c8996fb92427ae41e4649b934ca495991b7852b855
factual_v1,1,.453451c6a00a92f2f1a0.stdout-4565.tmp,0,e3b0c44298fc1c149afbf4c8996fb92427ae41e4649b934ca495991b7852b855
factual_v1,1,.455b9a663e159c1cc43c.stdout-4565.tmp,0,e3b0c44298fc1c149afbf4c8996fb92427ae41e4649b934ca495991b7852b855
factual_v1,1,.483ecb02cb9ff000d68f.stdout-4565.tmp,0,e3b0c44298fc1c149afbf4c8996fb92427ae41e4649b934ca495991b7852b855
factual_v1,1,.4a74b0077f4356266765.stdout-4565.tmp,0,e3b0c44298fc1c149afbf4c8996fb92427ae41e4649b934ca495991b7852b855
factual_v1,1,.51016ab269ac17427848.stdout-4565.tmp,0,e3b0c44298fc1c149afbf4c8996fb92427ae41e4649b934ca495991b7852b855
factual_v1,1,.5d4a7fb92c2600f6d99a.stdout-4565.tmp,0,e3b0c44298fc1c149afbf4c8996fb92427ae41e4649b934ca495991b7852b855
factual_v1,1,.5efb04043132b9081d00.stdout-4565.tmp,0,e3b0c44298fc1c149afbf4c8996fb92427ae41e4649b934ca495991b7852b855
factual_v1,1,.60f97a66adc8ed71b206.stdout-4565.tmp,0,e3b0c44298fc1c149afbf4c8996fb92427ae41e4649b934ca495991b7852b855
factual_v1,1,.6381459a40b6724b500b.stdout-4565.tmp,0,e3b0c44298fc1c149afbf4c8996fb92427ae41e4649b934ca495991b7852b855
factual_v1,1,.64f2510133ba2a731e82.stdout-4565.tmp,0,e3b0c44298fc1c149afbf4c8996fb92427ae41e4649b934ca495991b7852b855
factual_v1,1,.656950349378a58ef23b.stdout-4565.tmp,0,e3b0c44298fc1c149afbf4c8996fb92427ae41e4649b934ca495991b7852b855
factual_v1,1,.6bfc3ea68e8f8e382da3.stdout-4565.tmp,0,e3b0c44298fc1c149afbf4c8996fb92427ae41e4649b934ca495991b7852b855
factual_v1,1,.6d2cd50b759b22e0c059.stdout-4565.tmp,0,e3b0c44298fc1c149afbf4c8996fb92427ae41e4649b934ca495991b7852b855
factual_v1,1,.6e2b80009b334cbfd96c.stdout-4565.tmp,0,e3b0c44298fc1c149afbf4c8996fb92427ae41e4649b934ca495991b7852b855
factual_v1,1,.719796daad8d029d22d4.stdout-4565.tmp,0,e3b0c44298fc1c149afbf4c8996fb92427ae41e4649b934ca495991b7852b855
factual_v1,1,.750ce535c39c8e1daa65.stdout-4565.tmp,0,e3b0c44298fc1c149afbf4c8996fb92427ae41e4649b934ca495991b7852b855
factual_v1,1,.80c7ba5214e2b4594100.stdout-4565.tmp,0,e3b0c44298fc1c149afbf4c8996fb92427ae41e4649b934ca495991b7852b855
factual_v1,1,.8ad985887a8d6a391a69.stdout-4565.tmp,0,e3b0c44298fc1c149afbf4c8996fb92427ae41e4649b934ca495991b7852b855
factual_v1,1,.8c592b4f180b5685fe86.stdout-4565.tmp,0,e3b0c44298fc1c149afbf4c8996fb92427ae41e4649b934ca495991b7852b855
factual_v1,1,.8dca2d0a4c58dadb3908.stdout-4565.tmp,0,e3b0c44298fc1c149afbf4c8996fb92427ae41e4649b934ca495991b7852b855
factual_v1,1,.97cbe73b9fe6fdc4bcaa.stdout-4565.tmp,0,e3b0c44298fc1c149afbf4c8996fb92427ae41e4649b934ca495991b7852b855
factual_v1,1,.a4f8f0992bdf667a45f0.stdout-4565.tmp,0,e3b0c44298fc1c149afbf4c8996fb92427ae41e4649b934ca495991b7852b855
factual_v1,1,.a9cdc283c9b21ebbf781.stdout-4565.tmp,0,e3b0c44298fc1c149afbf4c8996fb92427ae41e4649b934ca495991b7852b855
factual_v1,1,.aa77ac8fdc446cff675f.stdout-4565.tmp,0,e3b0c44298fc1c149afbf4c8996fb92427ae41e4649b934ca495991b7852b855
factual_v1,1,.b0cca6688a84f4eed8f1.stdout-4565.tmp,0,e3b0c44298fc1c149afbf4c8996fb92427ae41e4649b934ca495991b7852b855
factual_v1,1,.b369405eead6ee8029f6.stdout-4565.tmp,0,e3b0c44298fc1c149afbf4c8996fb92427ae41e4649b934ca495991b7852b855
factual_v1,1,.c069f9453eb7c1faa5a2.stdout-4565.tmp,0,e3b0c44298fc1c149afbf4c8996fb92427ae41e4649b934ca495991b7852b855
factual_v1,1,.c211e6b81cd71553211b.stdout-4565.tmp,0,e3b0c44298fc1c149afbf4c8996fb92427ae41e4649b934ca495991b7852b855
factual_v1,1,.d02ab6d2399ee81d074d.stdout-4565.tmp,0,e3b0c44298fc1c149afbf4c8996fb92427ae41e4649b934ca495991b7852b855
factual_v1,1,.d1c50c857d4c52df9953.stdout-4565.tmp,0,e3b0c44298fc1c149afbf4c8996fb92427ae41e4649b934ca495991b7852b855
factual_v1,1,.d2109e671d08399157f6.stdout-4565.tmp,0,e3b0c44298fc1c149afbf4c8996fb92427ae41e4649b934ca495991b7852b855
factual_v1,1,.d2dc10a4ab60b4dd8010.stdout-4565.tmp,0,e3b0c44298fc1c149afbf4c8996fb92427ae41e4649b934ca495991b7852b855
factual_v1,1,.d37666a9980c5ca6c75a.stdout-4565.tmp,0,e3b0c44298fc1c149afbf4c8996fb92427ae41e4649b934ca495991b7852b855
factual_v1,1,.d9e0f5ba7d721365e672.stdout-4565.tmp,0,e3b0c44298fc1c149afbf4c8996fb92427ae41e4649b934ca495991b7852b855
factual_v1,1,.dfd79d5baeadee858986.stdout-4565.tmp,0,e3b0c44298fc1c149afbf4c8996fb92427ae41e4649b934ca495991b7852b855
factual_v1,1,.e30592005d488a277357.stdout-4565.tmp,0,e3b0c44298fc1c149afbf4c8996fb92427ae41e4649b934ca495991b7852b855
factual_v1,1,.e9ce7efcb977e9d08963.stdout-4565.tmp,0,e3b0c44298fc1c149afbf4c8996fb92427ae41e4649b934ca495991b7852b855
factual_v1,1,.eee12f31b8740e7e3493.stdout-4565.tmp,0,e3b0c44298fc1c149afbf4c8996fb92427ae41e4649b934ca495991b7852b855
factual_v1,1,.efb83fb7bd56280e0698.stdout-4565.tmp,0,e3b0c44298fc1c149afbf4c8996fb92427ae41e4649b934ca495991b7852b855
factual_v1,1,.f8bd7dac09cdae744f57.stdout-4565.tmp,0,e3b0c44298fc1c149afbf4c8996fb92427ae41e4649b934ca495991b7852b855
factual_v1,1,0c73b2075f627cb07eb3/background_flows.csv,3047,0d83d24ae55f00f21a3461a8cf0b55b6c667bed3581813415f6f533ddd08a89a
factual_v1,1,0c73b2075f627cb07eb3/background_rate_periods.csv,323036,c380f269347a89689a635610cef441a1366124e05b09264ecb13c1a5eb9b07f9
factual_v1,1,0c73b2075f627cb07eb3/build_info.json,301,f445c7ace53c0f0af5d25d1ea3a945d4c9e07fc822190865659261af191a63d3
factual_v1,1,0c73b2075f627cb07eb3/frame_packet_outcomes.csv,173011,33c257a1494717d6b44b41bcc6eb120c1833a534838b0c81a281efbff37b40a4
factual_v1,1,0c73b2075f627cb07eb3/frames.csv,276029,8cb455c05ea855b6879e054f736e883aa189e7d23e15734df3d68a50c7f3af04
factual_v1,1,0c73b2075f627cb07eb3/link_intervals.csv,504,18f806924382fe5d0984fd02063179eb147a4b1cfa862a2c2e9e21151a1df000
factual_v1,1,0c73b2075f627cb07eb3/mac_summary.csv,224,fd29ff3916d44e5c145f7964884175061139202fbb09200cf876a2975efd58d7
factual_v1,1,0c73b2075f627cb07eb3/mechanism_t2_actions.csv,254493,4cb4b50602b391bd940d8017279eb13f7b376953495cd03f4d18a4126f729b7e
factual_v1,1,0c73b2075f627cb07eb3/mechanism_t2_snapshots.csv,317765,0a370be4e0c1f4d1d2ad0ada550bc69caf74539b2c7964247ea07b1b22cd1061
factual_v1,1,0c73b2075f627cb07eb3/ofdma_summary.csv,237,81b5e2b4889dd80c26f034428e19b19acc9486f9cf3477b6659f072720046a03
factual_v1,1,0c73b2075f627cb07eb3/policy_decisions.csv,188602,90313f972269430f9060c76df3438a1bf5fc58f2efc16abc3eb5c7f8527d544b
factual_v1,1,0c73b2075f627cb07eb3/prediction_polling_samples.csv,3059582,53c52a0c3e436e2cbc9cd38e76fc095a2c62e26e7aeb166de92ca64d0b74f59e
factual_v1,1,0c73b2075f627cb07eb3/prediction_samples.csv,3786452,c2a7fe98770c4390976186b1f9b50c6e5b7b958542c2aa04f24445f2f2e37904
factual_v1,1,0c73b2075f627cb07eb3/resolved_config.json,7432,1fcceb1306df286565099393a02f89f875aec3996a4097b65aadf1e1afce372a
factual_v1,1,0c73b2075f627cb07eb3/secondary_airtime_events.csv,119582,ad00c257bac1617e2aad1c3d80e9b67cc266804dee00b4d8bec74586470b3520
factual_v1,1,0c73b2075f627cb07eb3/secondary_airtime_settlements.csv,19917,511ffd7f662d5f18e20477bd9131c7bcb656756210316630e644147a0f0ed748
factual_v1,1,0c73b2075f627cb07eb3/secondary_airtime_summary.json,603,5bc1d11b5617358432b4ee8c11cc03865e5e7d2ac837df6c850c8fedf4486a9c
factual_v1,1,0c73b2075f627cb07eb3/stdout.log,188,8471d1f1e202e737d951741839e8d6390394068303bdd2b5c818e09d55869d65
factual_v1,1,0c73b2075f627cb07eb3/summary.json,1581,c221fe70e6d930586ecdb8db5259383839a552aab5c03da6791d9c3fa1e2d952
factual_v1,1,0f9a4aca1106bf989450/background_flows.csv,3047,ecae4edda440e4c25f440e96754d0610e991567f41a3b6c9f8d4a91adab2ca19
factual_v1,1,0f9a4aca1106bf989450/background_rate_periods.csv,323036,0e35340315613705323c3503850202121b12588921aeb317c1c0b95391c95198
factual_v1,1,0f9a4aca1106bf989450/build_info.json,301,bb8ab3d251201c4132aa4ad9b94f6f32b8418f7bff7ba1bb441387150a0a4ede
factual_v1,1,0f9a4aca1106bf989450/frame_packet_outcomes.csv,232637,6b0e8c45f08ae7550c3307e6e0711556b98574bc614109d476e0ecf9c847157f
factual_v1,1,0f9a4aca1106bf989450/frames.csv,270484,3a345efed2b202eabac9723f06e3c2e5a4330ffffc9b88b4f33842a1010c3125
factual_v1,1,0f9a4aca1106bf989450/link_intervals.csv,513,7703999e0bfedf68ebd76a6b06e2842315a159c1910f8cae65e76abd07214ed0
factual_v1,1,0f9a4aca1106bf989450/mac_summary.csv,229,0fbc942193437f895c1c54695b2c616c11681f56fff38db9e3ba766c29ccf3ea
factual_v1,1,0f9a4aca1106bf989450/mechanism_t2_actions.csv,144356,afe8dc13cfa232c70b58cf1118613be4f0ed8149534c8c8a69e44cf550f45781
factual_v1,1,0f9a4aca1106bf989450/mechanism_t2_snapshots.csv,327255,80cfb8504be371016bd548b98578c0aa0e23c3e3a853d466af74fb9fac04bbcf
factual_v1,1,0f9a4aca1106bf989450/ofdma_summary.csv,237,81b5e2b4889dd80c26f034428e19b19acc9486f9cf3477b6659f072720046a03
factual_v1,1,0f9a4aca1106bf989450/policy_decisions.csv,151736,7c5acbab687711d61b15913f9bd6deb884087ddb3fe0007dc66ebd2bc3a1d7a0
factual_v1,1,0f9a4aca1106bf989450/prediction_polling_samples.csv,3173597,b3f584365b41a7d705ffbaa26a277419da4d0a76a0cb8cb96d8cbe176f246188
factual_v1,1,0f9a4aca1106bf989450/prediction_samples.csv,4067603,14b63975ac7a8222558e2291847574a551b2c3291d4fe7d01cb5653a2ab56a96
factual_v1,1,0f9a4aca1106bf989450/resolved_config.json,7247,73f2f0bc41194f2de3c4a69756ba82e3c4915ac507202128b3864f4e11b49335
factual_v1,1,0f9a4aca1106bf989450/secondary_airtime_events.csv,684696,82391c60a0fc0caa871d32eeff8019ef641a2bb18da706037b82fb5cfc258723
factual_v1,1,0f9a4aca1106bf989450/secondary_airtime_settlements.csv,103,108b472c3dfa7747b73e777b97962cc32dee3e1e60f83fc449c20bccb3a03828
factual_v1,1,0f9a4aca1106bf989450/secondary_airtime_summary.json,580,b05ae728d7c4975acf75e688961c6418a8347b938d36f6f668d5be28cd302027
factual_v1,1,0f9a4aca1106bf989450/stdout.log,190,51d75907c057ced80f8f58815f3db601b4cdb035b6da79b78961d0417257b9cf
factual_v1,1,0f9a4aca1106bf989450/summary.json,1562,bbd878e5c803aa4979251da361c07a1d552fa2e06b2dce880e7fda0d934b523e
factual_v1,1,13d83c2da1a42e6ce33b/background_flows.csv,3043,a20d039576e8c3f8074524e4aa6e15e5a92a27b34300251182f48aa877589669
factual_v1,1,13d83c2da1a42e6ce33b/background_rate_periods.csv,190123,53972a1d045075839433ef48698f5d2b21e371f4dffb58a1aa42ab55ccd3fbd0
factual_v1,1,13d83c2da1a42e6ce33b/build_info.json,301,cc5731067901c4ca037824d6f0f6b8fc72a8466bec47e35c11ac9e5f93493803
factual_v1,1,13d83c2da1a42e6ce33b/frame_packet_outcomes.csv,219591,d622c960adf766e1b302c72df1a433435c788fc617c5d994d37a6dc0ef312e94
factual_v1,1,13d83c2da1a42e6ce33b/frames.csv,268853,7e4f22c7ff4508405cdbb67360816a0608cf7043b02c66c2bc99df3bf1c82767
factual_v1,1,13d83c2da1a42e6ce33b/link_intervals.csv,513,3d6f4092ee96a5272131cdc4ae7b607427de594b690104ebf8dc4dde54fe7dae
factual_v1,1,13d83c2da1a42e6ce33b/mac_summary.csv,227,133ff4d7fa75f35722bc3485d56ab6b1e4dbcf475811ab6ab5b135e653601948
factual_v1,1,13d83c2da1a42e6ce33b/mechanism_t2_actions.csv,144356,dfbc0b17fbc7dc0fab78b73405ab8bd38f4025bfe349f93d77ddea6c362019d5
factual_v1,1,13d83c2da1a42e6ce33b/mechanism_t2_snapshots.csv,329550,76f1bc494af2458c514d0705205c59ffbac14ff33690e53ba098b29f794696b8
factual_v1,1,13d83c2da1a42e6ce33b/ofdma_summary.csv,237,81b5e2b4889dd80c26f034428e19b19acc9486f9cf3477b6659f072720046a03
factual_v1,1,13d83c2da1a42e6ce33b/policy_decisions.csv,151736,63a52b102fa390297cfa74b1b15ce798030db5ec41458aa9f7cc988e8896d63d
factual_v1,1,13d83c2da1a42e6ce33b/prediction_polling_samples.csv,3193244,229dfe4a023675c8aa8faddc9818ac179dab940d9a171b4eda96f9668779b4fb
factual_v1,1,13d83c2da1a42e6ce33b/prediction_samples.csv,4011816,5c38a508913625ca223adb583fd0ee4d4204d18988041285c72a43290d334490
factual_v1,1,13d83c2da1a42e6ce33b/resolved_config.json,7250,7cb2b0766c56bb55d225edde947da8bf872b76ad032336c160d46bc24be4ebfd
factual_v1,1,13d83c2da1a42e6ce33b/secondary_airtime_events.csv,381371,e54dc5c03724040bb9702eec2301f6b8748fc82082312230f6359deccb8e7fb8
factual_v1,1,13d83c2da1a42e6ce33b/secondary_airtime_settlements.csv,103,108b472c3dfa7747b73e777b97962cc32dee3e1e60f83fc449c20bccb3a03828
factual_v1,1,13d83c2da1a42e6ce33b/secondary_airtime_summary.json,580,b18a742eb381937cc3c1b7f1ed00a0d8cbd1876b7bc87d6311c4d51628821624
factual_v1,1,13d83c2da1a42e6ce33b/stdout.log,190,825f3406072c3e4969baa90ce8e4539a543ac336014cd22c396855f4e9af50ac
factual_v1,1,13d83c2da1a42e6ce33b/summary.json,1592,67ee38bdfec06f68b4d228132e29ea1c438acb11fadb1558064c68d8444cb3cf
factual_v1,1,1740893cf300795a037a/background_flows.csv,3043,bed2a0e81fe859e37786339ecf53b3d8ee1b066640e018491692d0968ab1421e
factual_v1,1,1740893cf300795a037a/background_rate_periods.csv,186258,a245ded8316ebe6b985e4caa1be86d6ba9c619a1935c536567e4ca4d2a4b1316
factual_v1,1,1740893cf300795a037a/build_info.json,301,cc5731067901c4ca037824d6f0f6b8fc72a8466bec47e35c11ac9e5f93493803
factual_v1,1,1740893cf300795a037a/frame_packet_outcomes.csv,149438,d3a75a1253e09db33d7edc50db82ca8d60db212ab09f9178201d5c7bdf14a6e3
factual_v1,1,1740893cf300795a037a/frames.csv,255618,c81c3e427e9ed8014be7116eea68c493b1e265f7c7339c3db818d1ee15d97d1a
factual_v1,1,1740893cf300795a037a/link_intervals.csv,517,7671391df3fe6fc25d4ef772df4dbc3518d1e8f6eb229ef19c23b176c7db3e64
factual_v1,1,1740893cf300795a037a/mac_summary.csv,231,de4c5a055fafae540ed54f0089d88f3c8aada9e263641aadfd612a8c69344db1
factual_v1,1,1740893cf300795a037a/mechanism_t2_actions.csv,251456,68ecb609c7369a6b5e2c17bdc0ba2d2d593ca162284e57843fb4baac5a400322
factual_v1,1,1740893cf300795a037a/mechanism_t2_snapshots.csv,337701,0525fcfefc46e57b87e898b53b1036de9f5c39f77038bc12755bd9db31172c8c
factual_v1,1,1740893cf300795a037a/ofdma_summary.csv,237,81b5e2b4889dd80c26f034428e19b19acc9486f9cf3477b6659f072720046a03
factual_v1,1,1740893cf300795a037a/policy_decisions.csv,169736,002eb8e96d8f3129065eafaee65219e9d22df1c2960671bf51950630b19be4df
factual_v1,1,1740893cf300795a037a/prediction_polling_samples.csv,3349012,31f3cd0cab82e7c165563cbfa9aa4741246c8bf6c18795613838c2f99bfcc404
factual_v1,1,1740893cf300795a037a/prediction_samples.csv,4120036,86bdc8a0b1e91e232615244be0c5226932877350f337fc0a196b1f8bbc4de46f
factual_v1,1,1740893cf300795a037a/resolved_config.json,7278,633e1f468b4aa8a58de74bb24d0b8d7e458bf4c832c129c86f6b27a222405219
factual_v1,1,1740893cf300795a037a/secondary_airtime_events.csv,954407,20cbf06d75c9a5bc17c5513eb5e2bcaa7044b19fadbca5c1e9921fde8a60731c
factual_v1,1,1740893cf300795a037a/secondary_airtime_settlements.csv,124015,904138b429a31938679c8c173b5fb7b55eb3360817f988175f1c96cc2e4fecdd
factual_v1,1,1740893cf300795a037a/secondary_airtime_summary.json,599,7f5c371e82b86fde2a6829976bfd3248b45180832a2fc9c918a8fc7b3b9cbc83
factual_v1,1,1740893cf300795a037a/stdout.log,190,e9369dacc0027c57238f983f1bd183b962ee644dcef80818338c77503ae2f8c6
factual_v1,1,1740893cf300795a037a/summary.json,1597,dd426e12aeac30fce6d3724367a254da1ee1f9a7dc04e0a80e39d61856091813
factual_v1,1,19f4975b10d6381d50ff/background_flows.csv,3077,2265c54555e8d3323f7be304ccb2a8a4cc0c67467069a35f40d88d0689d84d9e
factual_v1,1,19f4975b10d6381d50ff/background_rate_periods.csv,332375,6d67258aec2404b5e22361bc37ab8a8d9a3e656f72b6cefcd757246141fc2263
factual_v1,1,19f4975b10d6381d50ff/build_info.json,301,cc5731067901c4ca037824d6f0f6b8fc72a8466bec47e35c11ac9e5f93493803
factual_v1,1,19f4975b10d6381d50ff/frame_packet_outcomes.csv,134111,6d69455384bde4e9e9f600b431281c81bc981cc7c39a931476635f0be133a22d
factual_v1,1,19f4975b10d6381d50ff/frames.csv,232469,b6bd94c1586d518f25901dac8b9e4eddd118fedba4e050b201ce507c441677a4
factual_v1,1,19f4975b10d6381d50ff/link_intervals.csv,460,2a49c9118a8813f9362a352ffb48397ee6269d039b6442a9cc77cd9f1a647192
factual_v1,1,19f4975b10d6381d50ff/mac_summary.csv,202,bbae86d448122a52a2ea9967551b1730ae38ed66b551ecaf4f5fd1fc2329d98c
factual_v1,1,19f4975b10d6381d50ff/mechanism_t2_actions.csv,144356,c186cec5e6520c9f31315de348db2cfcc28caa737341f013776c9f9b40157575
factual_v1,1,19f4975b10d6381d50ff/mechanism_t2_snapshots.csv,332968,b19389cb75b1c7eb03f1b3961f4599ca399a48dd813dce5c4163c0107954adf0
factual_v1,1,19f4975b10d6381d50ff/ofdma_summary.csv,237,81b5e2b4889dd80c26f034428e19b19acc9486f9cf3477b6659f072720046a03
factual_v1,1,19f4975b10d6381d50ff/policy_decisions.csv,140936,fc053fbbecb731f7ec55f865398025aefa4b4658e4d06e637b04be139cf8c483
factual_v1,1,19f4975b10d6381d50ff/prediction_polling_samples.csv,2974779,b409521c86af923df75efbfc55b18de845d90ddebcaee686ea8be8b1b5a2d5f1
factual_v1,1,19f4975b10d6381d50ff/prediction_samples.csv,3688322,57a9010f0f8188bfd9e3971c5fdc49452985917eb6419215982003e1e37a5a7e
factual_v1,1,19f4975b10d6381d50ff/resolved_config.json,7272,d960c6025170e0b8bcaea1be0e382e14589662fc0edf4703aadd5bc4b4f68d33
factual_v1,1,19f4975b10d6381d50ff/stdout.log,176,c74ae7ff1245118e618062b3f16fcecf02ce4ecc2b934283d41e611b99d7f3fe
factual_v1,1,19f4975b10d6381d50ff/summary.json,1869,590b040bd768d511979dadc8b5224105f9d01451a342cc17587987712e76ea03
factual_v1,1,1c3c747d8c58f6555127/background_flows.csv,3047,27e10690fbc689e475ec903d1b7a232b0b57cde2c04d3fbb3bb87d6a6eb83809
factual_v1,1,1c3c747d8c58f6555127/background_rate_periods.csv,323036,d54d27fa0a6ece1afd53a855082984f1e97b2557a3f72655c5e2563f0854a17d
factual_v1,1,1c3c747d8c58f6555127/build_info.json,301,bb8ab3d251201c4132aa4ad9b94f6f32b8418f7bff7ba1bb441387150a0a4ede
factual_v1,1,1c3c747d8c58f6555127/frame_packet_outcomes.csv,233206,ce4edacc375d0c80e3b533859f6e615f8269d0a5754d73873f0e2053cc8b9b0c
factual_v1,1,1c3c747d8c58f6555127/frames.csv,281219,a500703e9b787cf8c55e08d00ec166d3f588b80f99b4f9b978be427b22d86de6
factual_v1,1,1c3c747d8c58f6555127/link_intervals.csv,514,649268f17a79d5fafa3072fe453629d5c066370f303896937f9aa250a4250e33
factual_v1,1,1c3c747d8c58f6555127/mac_summary.csv,230,e428bffff294cb0f7061f511d1c9d34cd51cef63948f17fe99e9b91c3dbee95e
factual_v1,1,1c3c747d8c58f6555127/mechanism_t2_actions.csv,251456,2113ef3cd43c3ee8051626b9eea0aca715898cab7ee3b3971d6813ed392af50d
factual_v1,1,1c3c747d8c58f6555127/mechanism_t2_snapshots.csv,318035,785408a962c8250fe5e18bb6b581c547826829811e70bc9fd623a2422950ad7f
factual_v1,1,1c3c747d8c58f6555127/ofdma_summary.csv,237,81b5e2b4889dd80c26f034428e19b19acc9486f9cf3477b6659f072720046a03
factual_v1,1,1c3c747d8c58f6555127/policy_decisions.csv,169736,308bd41e4014df0a4fc2655a74d8bfd2c87d320b0dc06ce5d882fb5fd431927f
factual_v1,1,1c3c747d8c58f6555127/prediction_polling_samples.csv,3103391,c48f26afd03415a9c671c68b17b67d245d87b3cf3160a13c89c0b2f9f5ad6b36
factual_v1,1,1c3c747d8c58f6555127/prediction_samples.csv,3827466,7445be6a6a04141f1d6027ce6eebd70c0d8fe5e794351bbed157c9a6229247cc
factual_v1,1,1c3c747d8c58f6555127/resolved_config.json,7259,5837447e3e315ae1f57da3a9c0da084882835661f135535255cdfd49edb179a9
factual_v1,1,1c3c747d8c58f6555127/secondary_airtime_events.csv,690284,61561fd5b81fb1891866077f319e27f3ae62f9d2a3c29e7c265157655b311fb7
factual_v1,1,1c3c747d8c58f6555127/secondary_airtime_settlements.csv,112360,065ef5207f38220a1fcef04a657f10c8bec141bdeb7fff900d1543e688ca60d8
factual_v1,1,1c3c747d8c58f6555127/secondary_airtime_summary.json,604,97d8eafe732274d835e4a7cbe6ea5d3c815cb9cdaea4c3a62050e84d9719ea50
factual_v1,1,1c3c747d8c58f6555127/stdout.log,190,468cac9083323a577738cf67bfa3725eb8c18cfb282a0268b4d7c6f4154f29d9
factual_v1,1,1c3c747d8c58f6555127/summary.json,1589,9afdbc0c6bddf6bb98c8fbd5af7687a3b896ebc6a8345cab4fe20f7b1cb3d309
factual_v1,1,20a6f11d03d5e66b2272/background_flows.csv,3049,f9004e09ec64b00cd3882949ed4d6d0fbc9589b96354f51bb76caf0742e1516d
factual_v1,1,20a6f11d03d5e66b2272/background_rate_periods.csv,322988,5a95f659a078504154d28b1962f25aa493bf1de58129415e62ecd510a32b6d0e
factual_v1,1,20a6f11d03d5e66b2272/build_info.json,301,bb8ab3d251201c4132aa4ad9b94f6f32b8418f7bff7ba1bb441387150a0a4ede
factual_v1,1,20a6f11d03d5e66b2272/frame_packet_outcomes.csv,214589,aa94714384e7aaeed6017c321e3d5b79f996e029cc6737ab0124a6e5d657c378
factual_v1,1,20a6f11d03d5e66b2272/frames.csv,277650,75ca37229ae69cd3286a4a24b35d57918909f3bff080259e2ac07c2b77c66def
factual_v1,1,20a6f11d03d5e66b2272/link_intervals.csv,509,338c0293876c25ae3161cab53125e0a8df09eef448a7916ffe29ea6d27311575
factual_v1,1,20a6f11d03d5e66b2272/mac_summary.csv,226,6a730a83212c711ef0a37a4d783a8f393c5d7feff274e17dbfca69babc019d84
factual_v1,1,20a6f11d03d5e66b2272/mechanism_t2_actions.csv,251456,b98e4867e109523c642419d46020af4d8c738c7a125d87b2589e28aec2dbc892
factual_v1,1,20a6f11d03d5e66b2272/mechanism_t2_snapshots.csv,325140,2d6a953e2b67dadb350c422041bddba77cf573a3462a8a5e08f52e92d1bb96f4
factual_v1,1,20a6f11d03d5e66b2272/ofdma_summary.csv,237,81b5e2b4889dd80c26f034428e19b19acc9486f9cf3477b6659f072720046a03
factual_v1,1,20a6f11d03d5e66b2272/policy_decisions.csv,169736,aa2a32c942b076e4748370e1a48fc01c99585a0011d742a67b034390d9e480f0
factual_v1,1,20a6f11d03d5e66b2272/prediction_polling_samples.csv,3084619,865f04dd5ba487f8fbc443bbfa9337412e5b73bff37294aae5b09a2d3228ebde
factual_v1,1,20a6f11d03d5e66b2272/prediction_samples.csv,3815080,d3a4932dd810b4a7d9fb5f096f832cdf80233174c82d6c123c9f9d103d923331
factual_v1,1,20a6f11d03d5e66b2272/resolved_config.json,7278,e9c107bcf477be9a14c32ba59a6a320ff8d722690c2a4b00605daab52cf86111
factual_v1,1,20a6f11d03d5e66b2272/secondary_airtime_events.csv,874475,f10aff196fefda2c62f5dcdbe15c050c968ad7fc8ca383854720965c3113b77e
factual_v1,1,20a6f11d03d5e66b2272/secondary_airtime_settlements.csv,112632,630a3dc5889d1784a2961f4238dc1a31696acbae909458a92a09f97d7d5c7a2d
factual_v1,1,20a6f11d03d5e66b2272/secondary_airtime_summary.json,599,9841bc3df73d42ee65acdcd37b4f90350fafa12877e71362e08bfb895ffd60ba
factual_v1,1,20a6f11d03d5e66b2272/stdout.log,190,5c8320e7db9402a266a5372860ac6f5e5d3c735b255b90e3207cda862a4103f2
factual_v1,1,20a6f11d03d5e66b2272/summary.json,1601,84acc4447f24d22c3a636b74f4e0ae3a052a6a16f1d8ef15fe24cc11f5161dd3
factual_v1,1,299475f7312cfbd6b8c4/background_flows.csv,3077,9315fe47f280459b8c169570c64c2f2172eff19dc5b8e75fd9331693219f51aa
factual_v1,1,299475f7312cfbd6b8c4/background_rate_periods.csv,332375,41498354452d87e7a1a3153785a5a806aa76d51fff842f1bdc874dcf330eaad9
factual_v1,1,299475f7312cfbd6b8c4/build_info.json,301,cc5731067901c4ca037824d6f0f6b8fc72a8466bec47e35c11ac9e5f93493803
factual_v1,1,299475f7312cfbd6b8c4/frame_packet_outcomes.csv,139860,9699651b50e225d75ec7893d9a14f6f138433d3ffa78ad3eb104f5b78b8bda86
factual_v1,1,299475f7312cfbd6b8c4/frames.csv,263872,84708f2d0bf7cb07cf8ccf8d4cd7fa5f64544d6d30419862cf6b147155e37f3a
factual_v1,1,299475f7312cfbd6b8c4/link_intervals.csv,512,39ac5f8a7659c1b27c122629890b9bac4cda2a88beeb28952a421476e125adc3
factual_v1,1,299475f7312cfbd6b8c4/mac_summary.csv,230,945754adb2113aadd8a2965cb8092e34d897fdcb36dbfb7c0017e8445d4dcf4c
factual_v1,1,299475f7312cfbd6b8c4/mechanism_t2_actions.csv,245426,187bfcf22ee1b7c0a75945dad1f2c2efa0a623504853752e8dc335db0765b582
factual_v1,1,299475f7312cfbd6b8c4/mechanism_t2_snapshots.csv,337004,63e56a737071b5e12cc8ba9673ff989b7d62fae1ee682cc2ac3ac956d3ded21a
factual_v1,1,299475f7312cfbd6b8c4/ofdma_summary.csv,237,81b5e2b4889dd80c26f034428e19b19acc9486f9cf3477b6659f072720046a03
factual_v1,1,299475f7312cfbd6b8c4/policy_decisions.csv,178736,1b8b0df888551058dc6da85261f0f343e65cae666c25ba49c389c19abcf21912
factual_v1,1,299475f7312cfbd6b8c4/prediction_polling_samples.csv,3028953,b6b29e29ea6a59d15865f61d7bf3d52e561ad610dc5638226cf7fd23039dc535
factual_v1,1,299475f7312cfbd6b8c4/prediction_samples.csv,3762723,9e3aa9fae8322903ab72ec6ed57099fa8057b723f4d44f37a7e9665c3de66d6b
factual_v1,1,299475f7312cfbd6b8c4/resolved_config.json,7560,62dfa1dbca2dcb05031c14055630357f9eb4755a44364c2cfb3a150bb6775b0a
factual_v1,1,299475f7312cfbd6b8c4/secondary_airtime_events.csv,541530,6d14783c3a44b185261bb8d3c0780508b356d2a72f3df8347db2f37ce2f13231
factual_v1,1,299475f7312cfbd6b8c4/secondary_airtime_settlements.csv,116653,0820d1c2d3c9717a8613a995b47a76e8dc0552fbeeee06cb486f633d14c5085c
factual_v1,1,299475f7312cfbd6b8c4/secondary_airtime_summary.json,599,9d709697dd1758430e1dfdc9089cd9c05e79e2e20e3a4a88d2404a31ac70b662
factual_v1,1,299475f7312cfbd6b8c4/stdout.log,188,def6fe76d34c149e329ebd52f86d2570268fa0dc9d1beb39ab76d5f7d9850160
factual_v1,1,299475f7312cfbd6b8c4/summary.json,1928,900ed9748013655ed2393760c5027ea028478e85daa370ecf0126cdbf8d75e23
factual_v1,1,355841dc8377302f9c26/background_flows.csv,3067,5aa38a949a8bb546a2bce3a4b9751f5fb1ccb4c080682179ab9083122a5119e1
factual_v1,1,355841dc8377302f9c26/background_rate_periods.csv,352207,9cb6736f18eacf7ccecb5c759283638b114a42583724b845947af4a286c1582a
factual_v1,1,355841dc8377302f9c26/build_info.json,301,cc5731067901c4ca037824d6f0f6b8fc72a8466bec47e35c11ac9e5f93493803
factual_v1,1,355841dc8377302f9c26/frame_packet_outcomes.csv,238944,966e2677fa0db811acde2b9fef66e6f601ecbf5166136abf76b1b3be95ab82aa
factual_v1,1,355841dc8377302f9c26/frames.csv,279016,321dee5f1cd34229e883cf9a35a381d51ee5a1193d5854a0acdc9593634c555e
factual_v1,1,355841dc8377302f9c26/link_intervals.csv,512,53289cc9a50a701ff16cfda8a5639ed4a9af09df47e0d0c844a17f7e285334d2
factual_v1,1,355841dc8377302f9c26/mac_summary.csv,226,0251edd629b01868a12c6fcf1148981f0843843fec7324db8e29e57c8602545d
factual_v1,1,355841dc8377302f9c26/mechanism_t2_actions.csv,255776,3cdd13fc820e2f3182386af95eab3faa0591ed0486ab21640eed3a25b61fe9f2
factual_v1,1,355841dc8377302f9c26/mechanism_t2_snapshots.csv,329090,3733174bf537f88a0c2134da84482b0ce506d0fdafbeb93a32ab3b4bd15b37f2
factual_v1,1,355841dc8377302f9c26/ofdma_summary.csv,237,81b5e2b4889dd80c26f034428e19b19acc9486f9cf3477b6659f072720046a03
factual_v1,1,355841dc8377302f9c26/policy_decisions.csv,169736,426f067b3b6fc6057e3c176f8956998f19c4d93d222b02da60b5a178638b0fae
factual_v1,1,355841dc8377302f9c26/prediction_polling_samples.csv,3203381,28ba1372d11d2e14ede9c1746726f3ebbdbd7243cabcdf7d250dab2606239a7e
factual_v1,1,355841dc8377302f9c26/prediction_samples.csv,3918072,dc5b2c9712a3d285f42776f226f720daaf6b018552571371f1c7db23b024f10c
factual_v1,1,355841dc8377302f9c26/resolved_config.json,7570,86ede0ebae63362201be764fb128018cc4af9eaa391128267c3aa01b131c8b8b
factual_v1,1,355841dc8377302f9c26/secondary_airtime_events.csv,592309,65ac51e7fee08a3850faa11d6370ace39e3b53c42e01ef2ae0e4551a69f09555
factual_v1,1,355841dc8377302f9c26/secondary_airtime_settlements.csv,114650,d8eed0775fd811d28590596a7c0ebfec7a115d837c44e6950051570e72136923
factual_v1,1,355841dc8377302f9c26/secondary_airtime_summary.json,599,f04527549b6fb81110ad60c09af40d53ccd2f45faadc7281bbabb5f5c01b8a1b
factual_v1,1,355841dc8377302f9c26/stdout.log,190,39d7027b8e96c56e62bf7483ce9a095b02b93041770b669c38e2c96628dc22fc
factual_v1,1,355841dc8377302f9c26/summary.json,1889,6751f72a2f57ca5f84e961d2a75fa3ae419d8a2242de4bd030521ddb10ef11b6
factual_v1,1,39dd02a23cf65102af72/background_flows.csv,3067,a9d0a1f78522223aaf044b830e0e9daecb972bb74bb95f3dfacae301cab63375
factual_v1,1,39dd02a23cf65102af72/background_rate_periods.csv,352207,385d293649c84809611341edbd93b641dee39c1f14f71acc404ec1c163c6dacc
factual_v1,1,39dd02a23cf65102af72/build_info.json,301,f445c7ace53c0f0af5d25d1ea3a945d4c9e07fc822190865659261af191a63d3
factual_v1,1,39dd02a23cf65102af72/frame_packet_outcomes.csv,182669,20b333b8e8cf911708f6310dc6cfd8dfe012500067d0f3471163ea221b2a6fa9
factual_v1,1,39dd02a23cf65102af72/frames.csv,273530,4fc36787dea770d74b334ae24d0f0f07a853db5a55dda3037f73739a774c8a8c
factual_v1,1,39dd02a23cf65102af72/link_intervals.csv,505,beacd5d64c6ebb475e6b72c74530027abb13f316dff5ae0a4f18a6d5724504d4
factual_v1,1,39dd02a23cf65102af72/mac_summary.csv,223,566b3b95cc2096f6edb7717f0cd84b73813b50c59d3a591c280ecd3c673d8907
factual_v1,1,39dd02a23cf65102af72/mechanism_t2_actions.csv,261758,8dc4ff05b8272a18b20d423660a0bf754acde1a4e93cd80af3b6858ed4471402
factual_v1,1,39dd02a23cf65102af72/mechanism_t2_snapshots.csv,327860,b5ae31f12692438aa0007e28f233c4d9426181538c2e507ae1662eb5dae505ec
factual_v1,1,39dd02a23cf65102af72/ofdma_summary.csv,237,81b5e2b4889dd80c26f034428e19b19acc9486f9cf3477b6659f072720046a03
factual_v1,1,39dd02a23cf65102af72/policy_decisions.csv,190688,9988941ad6ed49a0899c8aa64aed75c6cc742dc30f0465e74cfe9fe7aa3604b2
factual_v1,1,39dd02a23cf65102af72/prediction_polling_samples.csv,3138741,22c5955f045e755fad7398739f85d130478f421ef41eb59a3f897bff9447cb35
factual_v1,1,39dd02a23cf65102af72/prediction_samples.csv,3852708,4a2fa93525cc9ccdaea31f9858965c396d9481c90cc98334f0a624994b62f478
factual_v1,1,39dd02a23cf65102af72/resolved_config.json,7743,cad78a2c607c06bc8ad44480a1f5d270df52a89fb46c182e2681e57c89e30082
factual_v1,1,39dd02a23cf65102af72/secondary_airtime_events.csv,165217,e9f270f595706b4e8c2400e0da2d9a713eb15ae041c45c51014ef630e9664da9
factual_v1,1,39dd02a23cf65102af72/secondary_airtime_settlements.csv,29795,943581d83438cdb6277d8ed6d99e28392a31b45a2a57bd2f9482e0697f2feee7
factual_v1,1,39dd02a23cf65102af72/secondary_airtime_summary.json,603,05a280bd23300e9771b8d84933c369a4b836ea8c56f15789e75f4c16a7043961
factual_v1,1,39dd02a23cf65102af72/stdout.log,188,721554c6e82cea7b6f471fcb9391ec19020a3ed9d6c9c2f4d35421f219f2ce91
factual_v1,1,39dd02a23cf65102af72/summary.json,1876,520e4ef4385c89a5ba4cc89ef6a10a118ec63f5439c9b4a858502bf848fae210
factual_v1,1,3ebc556408ba9dbf6fdc/background_flows.csv,3096,d766e8e6199f369af3b7e7c3080bcdcccaaa0fe7e269b8a59559655072a01198
factual_v1,1,3ebc556408ba9dbf6fdc/background_rate_periods.csv,324392,9e3c7d04de23e9d4212cbdc46670fcd4e30465a00b22e077df1906eef19c4116
factual_v1,1,3ebc556408ba9dbf6fdc/build_info.json,301,bb8ab3d251201c4132aa4ad9b94f6f32b8418f7bff7ba1bb441387150a0a4ede
factual_v1,1,3ebc556408ba9dbf6fdc/frame_packet_outcomes.csv,169054,7cca7f85e8877e96ae0a3d26a12e893feef66b3a3e4d0e86b06e29f104bfedfd
factual_v1,1,3ebc556408ba9dbf6fdc/frames.csv,264118,03755a0e71dc740dcf24932c2af6f58b54e632f4342ab183268abd4d4eee5745
factual_v1,1,3ebc556408ba9dbf6fdc/link_intervals.csv,519,0d7905594a71266e3540598ce11e6a29d7462fd2815c46ff388576ef29158262
factual_v1,1,3ebc556408ba9dbf6fdc/mac_summary.csv,234,bd4671d98c21fe3f7f5e73910e02f23d9a2b87d2e13fa70c3d1898a02e1ce914
factual_v1,1,3ebc556408ba9dbf6fdc/mechanism_t2_actions.csv,251456,1b4c45b50274e7575695d44eb9e3410832b48907d3b42de6fb7c6577f38578ac
factual_v1,1,3ebc556408ba9dbf6fdc/mechanism_t2_snapshots.csv,329707,4d9f109d6a571694d1f35d2b62f90174d6e01bd0c2bbf5504e763ca87dd5ccea
factual_v1,1,3ebc556408ba9dbf6fdc/ofdma_summary.csv,237,81b5e2b4889dd80c26f034428e19b19acc9486f9cf3477b6659f072720046a03
factual_v1,1,3ebc556408ba9dbf6fdc/policy_decisions.csv,169736,2a39d5f3d0e13a045bddcd46edf8f7d4ea991a67ce31cd101bb366e69c3c2f52
factual_v1,1,3ebc556408ba9dbf6fdc/prediction_polling_samples.csv,3230019,5f6ed1ecdc24ca355a991a159b6f702c65cdbcef5f490df70408f70adbad610e
factual_v1,1,3ebc556408ba9dbf6fdc/prediction_samples.csv,4025851,d206784f9e7cb82835a303c1fe39981be1214ebe3c8687b1c88c53535b7fb609
factual_v1,1,3ebc556408ba9dbf6fdc/resolved_config.json,7268,4a2ca66442319c769657d8fde593bd01b47f9c544e6688e554ade3df3d307632
factual_v1,1,3ebc556408ba9dbf6fdc/secondary_airtime_events.csv,322150,52a9b538a60cbdd148c39af729d4fd429d1bd46ea99d7b2aab030723770efb53
factual_v1,1,3ebc556408ba9dbf6fdc/secondary_airtime_settlements.csv,126114,fad272398c3d9a5ef4d87cc4f033a0d892d85e91323406d13751bdb992930610
factual_v1,1,3ebc556408ba9dbf6fdc/secondary_airtime_summary.json,600,e99cb93622343098f704c30f31d472e27061f782b1bf900912f002c0d764b3f4
factual_v1,1,3ebc556408ba9dbf6fdc/stdout.log,190,c7ddb099fbfa2a05ddc7a131b465d18e278c1b74bfdb158256741da44a08741b
factual_v1,1,3ebc556408ba9dbf6fdc/summary.json,1592,5612053ae1cee24886f48da638924dee834202e407bcd81f2eb62187172c3ebe
factual_v1,1,44efb9d82164d36064b7/background_flows.csv,3105,75e4dcd24a2a74e605c8800cedff71dfb7e1602c1e5e2f4c6efb8132e40ac751
factual_v1,1,44efb9d82164d36064b7/background_rate_periods.csv,322298,71f80032d33ae538e3f0c171c31ee5eaa57a0ed6fa73adc17ca66e947e5895c7
factual_v1,1,44efb9d82164d36064b7/build_info.json,301,bb8ab3d251201c4132aa4ad9b94f6f32b8418f7bff7ba1bb441387150a0a4ede
factual_v1,1,44efb9d82164d36064b7/frames.csv,224856,3cd188843e0108ab5ef8e4c46b23f44e2ca6596c93dc736e45f0b3fab5f9915c
factual_v1,1,44efb9d82164d36064b7/link_intervals.csv,489,b1e232c5b926da12fc7bf1c56bb3ea8f0af8032ce27d1d0f9189686ab90d78c5
factual_v1,1,44efb9d82164d36064b7/mac_summary.csv,226,3a44646b1387cfe0a8e3755de3b0bb55e66ee50bf8d31b7472dd34f30c101a33
factual_v1,1,44efb9d82164d36064b7/ofdma_summary.csv,237,81b5e2b4889dd80c26f034428e19b19acc9486f9cf3477b6659f072720046a03
factual_v1,1,44efb9d82164d36064b7/policy_decisions.csv,140936,cb336827d65e9b030436473b520389a8bc3aecc771be08c82c82317327401c06
factual_v1,1,44efb9d82164d36064b7/resolved_config.json,6564,745f868345f7d2272f0b7206f018f39f1c35135325a63215319676e6673f2538
factual_v1,1,44efb9d82164d36064b7/stdout.log,176,36f428706e0367f1475ddced7fef59fde5b71c3e6f38327fde9b575280f03448
factual_v1,1,44efb9d82164d36064b7/summary.json,1560,591ac70ff405c85a645750fd315c0530dd0a5d818f130a9c796d5609074b15c8
factual_v1,1,453451c6a00a92f2f1a0/background_flows.csv,3043,9adab37cf6b7121cfd6cf8057a7617bb23e6499291bca88d2a9b1db6c82da0a7
factual_v1,1,453451c6a00a92f2f1a0/background_rate_periods.csv,186258,0c74fe416c6cb508eb2d85bfbf68696a16ce353ceb2907d5878c6753677c4eba
factual_v1,1,453451c6a00a92f2f1a0/build_info.json,301,bb8ab3d251201c4132aa4ad9b94f6f32b8418f7bff7ba1bb441387150a0a4ede
factual_v1,1,453451c6a00a92f2f1a0/frame_packet_outcomes.csv,130991,88f7551374288e8141185d079043c51dbfe62c6d47cd6d7b033133206fa913b8
factual_v1,1,453451c6a00a92f2f1a0/frames.csv,255856,8038448d550d6eeb591eed82ca4b07bbd9ef5d9d1bb32f690b792f0e47b8867a
factual_v1,1,453451c6a00a92f2f1a0/link_intervals.csv,512,1ebe11b80a596c4208013372dfc8655861600e02dec158bc03549614f9bc3394
factual_v1,1,453451c6a00a92f2f1a0/mac_summary.csv,229,ced3c8726ab83d6b371c5756f03e499ab3938530162e8d3e9966fab8cc00907e
factual_v1,1,453451c6a00a92f2f1a0/mechanism_t2_actions.csv,245426,1cbdfc7162f0182bc523d788a20b257b1ed118aaa52e9aad2f7504bb461389c1
factual_v1,1,453451c6a00a92f2f1a0/mechanism_t2_snapshots.csv,334155,679cdd205f8a5c5c16fc6ae6df38909a8161afffea2273f01e6b3f19bf5f0c75
factual_v1,1,453451c6a00a92f2f1a0/ofdma_summary.csv,237,81b5e2b4889dd80c26f034428e19b19acc9486f9cf3477b6659f072720046a03
factual_v1,1,453451c6a00a92f2f1a0/policy_decisions.csv,178736,dcf9a49e959ee7fe67a1678e5c91b9edffbc195c822925d3e8a74918e5477d05
factual_v1,1,453451c6a00a92f2f1a0/prediction_polling_samples.csv,3107681,4204ed8498df47a0edbb3d88683ef7664cb041da8763ca2106fbeb9aa2647418
factual_v1,1,453451c6a00a92f2f1a0/prediction_samples.csv,3875479,202ce5e77b2acedc053dc8ca188fa6b1b40dd9ded234d2127b1f0de745333147
factual_v1,1,453451c6a00a92f2f1a0/resolved_config.json,7297,8175861579d5dc40dbd9e96aa9758c2cbc72b6cb99ed0386cfb4213570de02b9
factual_v1,1,453451c6a00a92f2f1a0/secondary_airtime_events.csv,955061,ef0a6121c625888a9bcedc076885096285b10556cfc5130b816be74bf3343f44
factual_v1,1,453451c6a00a92f2f1a0/secondary_airtime_settlements.csv,120142,817e21b24a135c5365c545fc7af11a5da30a241d382474e95205ef1719de0d54
factual_v1,1,453451c6a00a92f2f1a0/secondary_airtime_summary.json,604,81dc534883f8e88b6ead2e4fa7cbf42c12ee5c37e865e03826abb9b4a65fb3d1
factual_v1,1,453451c6a00a92f2f1a0/stdout.log,188,c0bd6415e28d5e48385b07640089112f50b1e1a549cf69c152ef741ea0cde087
factual_v1,1,453451c6a00a92f2f1a0/summary.json,1612,1f58b352eef4a781ac66de2d044f6158d58d7cf4c19e9b0b40985ea6afb9383e
factual_v1,1,455b9a663e159c1cc43c/background_flows.csv,3049,537481dcd1c0890e6d1ff610c47b3e1ca69c678c59ea4112fc66f4e176111a5c
factual_v1,1,455b9a663e159c1cc43c/background_rate_periods.csv,322988,5f5de32a6f5d80bd74ca2be695187fc54d1a78fd7e83916c9e60b77b60f4cf0f
factual_v1,1,455b9a663e159c1cc43c/build_info.json,301,bb8ab3d251201c4132aa4ad9b94f6f32b8418f7bff7ba1bb441387150a0a4ede
factual_v1,1,455b9a663e159c1cc43c/frame_packet_outcomes.csv,144812,73ceea981444ed86064345e7450b7a9291b30e1877cf67d5cbe5cde1b7c5bb86
factual_v1,1,455b9a663e159c1cc43c/frames.csv,238205,95c6d654f7a8331b8d9905bb51636c31e64c883d336ffa6699ff8143dc83a5cd
factual_v1,1,455b9a663e159c1cc43c/link_intervals.csv,456,c26747f996f04d26240a782b272be8a0615e78a3c9b99d211848253cf7e0447a
factual_v1,1,455b9a663e159c1cc43c/mac_summary.csv,200,9fca901c85eff5c867a5e21161b45c9b10d914ad19e3cbb1f29b2e80586ca19f
factual_v1,1,455b9a663e159c1cc43c/mechanism_t2_actions.csv,144356,57d61d66bc4656f5e5a8056a19fa243dc85164486359d9df5783c66eb9876a24
factual_v1,1,455b9a663e159c1cc43c/mechanism_t2_snapshots.csv,324642,4d74a1eb17d035df3d263cbd61b6e2f8dce4209b7aa3274e3565ab64792e0c92
factual_v1,1,455b9a663e159c1cc43c/ofdma_summary.csv,237,81b5e2b4889dd80c26f034428e19b19acc9486f9cf3477b6659f072720046a03
factual_v1,1,455b9a663e159c1cc43c/policy_decisions.csv,140936,9f67f0a44dfb0d2ecb31094cfdba2697cf3657ee865f66a7b6ffe223fccbd598
factual_v1,1,455b9a663e159c1cc43c/prediction_polling_samples.csv,2863208,bbcd065ff49e209d474028c512176e313c188663a5044169f884a7a921c54e8d
factual_v1,1,455b9a663e159c1cc43c/prediction_samples.csv,3597509,e847d6365a5295c1d36ee7f165915507b3a342b91ccc08e5550a53e8902cc73b
factual_v1,1,455b9a663e159c1cc43c/resolved_config.json,7009,1abf28556bfdc52e59422faaab6bdcca57f565d603b38f8fe78fec76a5971410
factual_v1,1,455b9a663e159c1cc43c/stdout.log,176,aa87e7161c7cd4ca66db8b46577d738a1f09945efd9608afe8dfe294ff9fca54
factual_v1,1,455b9a663e159c1cc43c/summary.json,1559,82b3ac6300bf44bb38813e29baaa89e77312829efd9e5b31d7f5cf8c7728c121
factual_v1,1,483ecb02cb9ff000d68f/background_flows.csv,3105,772876f92a26d87a4b81bf84c04ed85136ffef2a86b54c8206a0dbc8d32bf439
factual_v1,1,483ecb02cb9ff000d68f/background_rate_periods.csv,322298,2225504eab053fbf09998b139900c9f89555242343680009df764d4980616ad6
factual_v1,1,483ecb02cb9ff000d68f/build_info.json,301,bb8ab3d251201c4132aa4ad9b94f6f32b8418f7bff7ba1bb441387150a0a4ede
factual_v1,1,483ecb02cb9ff000d68f/frame_packet_outcomes.csv,121485,877b61b17d895bde1f1c204375a231f7dba9262d1c61552b0f33c7815e7593a8
factual_v1,1,483ecb02cb9ff000d68f/frames.csv,232164,eb5e71e542cfd3a6f7b760bd99674921254571da4a241784b9606a4cc2c8169f
factual_v1,1,483ecb02cb9ff000d68f/link_intervals.csv,515,4442e68b0d0e73277e47bccef24b79ce93ad22b2e87f7bcb32e846aa81f16cfc
factual_v1,1,483ecb02cb9ff000d68f/mac_summary.csv,231,8bc80817e8aed869b1521240185344c5c87ceb8478eb074e1d6c26f35e1efcfa
factual_v1,1,483ecb02cb9ff000d68f/mechanism_t2_actions.csv,144356,09dfd079c8576042ecd0ca25251610b10fe475a7c74108c61390e73bf93e064f
factual_v1,1,483ecb02cb9ff000d68f/mechanism_t2_snapshots.csv,370015,5fd6b206711b665ceccf46c21ee76cdf388688f098d1767eb42174119a0e07fc
factual_v1,1,483ecb02cb9ff000d68f/ofdma_summary.csv,237,81b5e2b4889dd80c26f034428e19b19acc9486f9cf3477b6659f072720046a03
factual_v1,1,483ecb02cb9ff000d68f/policy_decisions.csv,151736,c9b39df568209422814dd95e6bb3a4c364367392bf6f2530709d020a9fe0e8c7
factual_v1,1,483ecb02cb9ff000d68f/prediction_polling_samples.csv,3185492,0c90197d529d6f3b68c55432bc0a5205f0c89949d2654cc9d9f23daef981651b
factual_v1,1,483ecb02cb9ff000d68f/prediction_samples.csv,4007317,3e49f06c9a3af9ad63a4c29d46b35253171785d7cc86c498afb0afd53f0e3aae
factual_v1,1,483ecb02cb9ff000d68f/resolved_config.json,7272,aff4bf8e519db7a33805ac4fe1ce96b7dde92f1fe80a663589f60369e1c3eeaf
factual_v1,1,483ecb02cb9ff000d68f/secondary_airtime_events.csv,358811,5c4de4c7fe30411ca6b9273f0b180a190ed984b685bc7d3ef7691b213050e72a
factual_v1,1,483ecb02cb9ff000d68f/secondary_airtime_settlements.csv,103,108b472c3dfa7747b73e777b97962cc32dee3e1e60f83fc449c20bccb3a03828
factual_v1,1,483ecb02cb9ff000d68f/secondary_airtime_summary.json,575,d1a0cf582c695a9870d6cf410354977d9699cf7fc4cbf8dcc14107c1b5c08ded
factual_v1,1,483ecb02cb9ff000d68f/stdout.log,190,c44ffde499911a5ee386f84b37b79ac3feb4a378ac1ca34193fbe2f99c745da7
factual_v1,1,483ecb02cb9ff000d68f/summary.json,1595,3845d3e3ac019176b32b664dfa83448a0d28a39e3381f7d0342c675a01c3be3f
factual_v1,1,4a74b0077f4356266765/background_flows.csv,3067,dc87c96fcbf0abaadfc2bf0efb676a31d0106c24e6f95cce20926535c2129c31
factual_v1,1,4a74b0077f4356266765/background_rate_periods.csv,352207,3e786f01749c53a2b373f8385d60987d76fdf669c6e73a5cc6a1797f9fd7624c
factual_v1,1,4a74b0077f4356266765/build_info.json,301,cc5731067901c4ca037824d6f0f6b8fc72a8466bec47e35c11ac9e5f93493803
factual_v1,1,4a74b0077f4356266765/frame_packet_outcomes.csv,176110,c46397148c5fb7e66affab5a058fe3b46b6dfa3e6068990625e96faee6bb4bea
factual_v1,1,4a74b0077f4356266765/frames.csv,282871,bd85e3a1d2425e60a00f5ab84227cc19d940a14b3d3eee5596c4b3a9257da83f
factual_v1,1,4a74b0077f4356266765/link_intervals.csv,506,1f9736db486669d1305cc70dd26246d5fdea70913d87704cd2d50b1457ef273e
factual_v1,1,4a74b0077f4356266765/mac_summary.csv,224,9660d713587d651d5456a0b98ccdc31e20bed6e5a79cbcdc1b211e8a88162ec1
factual_v1,1,4a74b0077f4356266765/mechanism_t2_actions.csv,245336,3466a8670228f81110e276d5321e8c35448c1d283fc7d0a99b6ab73863e5e7db
factual_v1,1,4a74b0077f4356266765/mechanism_t2_snapshots.csv,328144,fec298db0a104a1f1aa6f443591473972f320d43d28341a0a0d7cc57f04b76d8
factual_v1,1,4a74b0077f4356266765/ofdma_summary.csv,237,81b5e2b4889dd80c26f034428e19b19acc9486f9cf3477b6659f072720046a03
factual_v1,1,4a74b0077f4356266765/policy_decisions.csv,178736,e8b22954abce22faae8182e8cecbd85145e981c06603e21d72d99397a68c3681
factual_v1,1,4a74b0077f4356266765/prediction_polling_samples.csv,3011509,861ee99dc1088a6467436e9ca2cc6d35a36601294704af14d83c953da824f3ca
factual_v1,1,4a74b0077f4356266765/prediction_samples.csv,3727311,270c757ebfaa665885a9b9ea7b9e5936086a73808e95a229d480cf5a473ac355
factual_v1,1,4a74b0077f4356266765/resolved_config.json,7589,799c3e46a75e34a88eeb97fd1fc26e3fdbc2e6bbca8dedc94559ae46bc103f9d
factual_v1,1,4a74b0077f4356266765/secondary_airtime_events.csv,385762,521721889d133d2f35c1e157ab179f9e4f17a1517f356fdc91139b963ec5cb43
factual_v1,1,4a74b0077f4356266765/secondary_airtime_settlements.csv,111955,4b0d98e12d121ad2ebf4e351e0d3a61e70c855b8f8a2ba6214d3d6c8d8f17c13
factual_v1,1,4a74b0077f4356266765/secondary_airtime_summary.json,599,76d910b8e6429b235a702a1b65cbc7e3a8aefe2178008ba87d939d8b714959c6
factual_v1,1,4a74b0077f4356266765/stdout.log,188,035aa26954d417ba328fc3cf9522fb9888d5c06bf39e3d8cbd73c1a2095ba552
factual_v1,1,4a74b0077f4356266765/summary.json,1863,a9d6a7d1d225d9915a62d388e83d68eabdfe7330c742b9a233f5e32783c45b2f
factual_v1,1,4f25d2579ecf25dbc501/background_flows.csv,3043,fa9683d1813aca366eb10308c84b22c58dcda609ad7cfd231b4892a88bae85b0
factual_v1,1,4f25d2579ecf25dbc501/background_rate_periods.csv,186258,de3063a9eb7fc2eff9da2d0dad72e55b0ecfd1d59b18c21dd0cbb0fd8438c5ca
factual_v1,1,4f25d2579ecf25dbc501/build_info.json,301,f445c7ace53c0f0af5d25d1ea3a945d4c9e07fc822190865659261af191a63d3
factual_v1,1,4f25d2579ecf25dbc501/frame_packet_outcomes.csv,140522,21a3fe8e295f86307b64c4405330cf29df53841a3fb3fa3d98b1037260045818
factual_v1,1,4f25d2579ecf25dbc501/frames.csv,257638,753a4468eb28ec8fda3004bbdd8e90d94392af6b7f82670ec417dc472c5dbcad
factual_v1,1,4f25d2579ecf25dbc501/link_intervals.csv,517,705c84bbb6144089367dbc7e15d07fcf405dab5fe1d1f7cf614c91a393729932
factual_v1,1,4f25d2579ecf25dbc501/mac_summary.csv,231,ebd17e471759436d3dc0eee4a4974b1f15c120510a715fa6bf611f5edf3fae74
factual_v1,1,4f25d2579ecf25dbc501/mechanism_t2_actions.csv,290909,ecdee68950e277c78c6d3f85a8d72e754111d72c8e0317cce3269c7897380bcc
factual_v1,1,4f25d2579ecf25dbc501/mechanism_t2_snapshots.csv,334947,3b6d1cd671c40ee737e3d2450c56b11e9740bb8d7580314a368892e0d033e1c0
factual_v1,1,4f25d2579ecf25dbc501/ofdma_summary.csv,237,81b5e2b4889dd80c26f034428e19b19acc9486f9cf3477b6659f072720046a03
factual_v1,1,4f25d2579ecf25dbc501/policy_decisions.csv,200880,41226d4562c3bc7850a0898c5d853e504a3cb88e3da3fb81fa95844f88dfda10
factual_v1,1,4f25d2579ecf25dbc501/prediction_polling_samples.csv,3308523,67478c8695d7c04e3ea489bdff615b7ebfa8b64b878baaae56798f7d2035f8bb
factual_v1,1,4f25d2579ecf25dbc501/prediction_samples.csv,4071265,b023a198ff77d8bcd013f583074e46ebd9c220f74ffdc6bd0a8f662ffb5da5d5
factual_v1,1,4f25d2579ecf25dbc501/resolved_config.json,7451,644a1abb1406dd476a2c060b7019940d5593810a51adf3ca6d94987a53de44f7
factual_v1,1,4f25d2579ecf25dbc501/secondary_airtime_events.csv,718822,da781f01dc8465f51bb669ccd862683affbb78afc0681175adc7039fb53a9866
factual_v1,1,4f25d2579ecf25dbc501/secondary_airtime_settlements.csv,81126,49f8167a5e0350e0f55da2ca82a1c014aa15b77f74f809795e01e0fcf2efcb3b
factual_v1,1,4f25d2579ecf25dbc501/secondary_airtime_summary.json,603,0ace704ade5a01de46fd92421e2490eb9facd0f94ba2b62cc6ea9bb1d0a8a827
factual_v1,1,4f25d2579ecf25dbc501/stdout.log,190,c46b0ddf962e167232c080124e437c27173c5308305e4453c82a6cd48227eb72
factual_v1,1,4f25d2579ecf25dbc501/summary.json,1608,2552136329c8b8e681ba5afa18ab4b123d87f8bc6bac639eedd1bd723affb945
factual_v1,1,51016ab269ac17427848/background_flows.csv,3043,338053c8bcf228f1fa439765db14ced710d22386d2f4ca2592eb55ef26475f09
factual_v1,1,51016ab269ac17427848/background_rate_periods.csv,190123,e1e91477f7b713a6102e5459ae3319a978aa253119e08077bac3dc63a935020d
factual_v1,1,51016ab269ac17427848/build_info.json,301,cc5731067901c4ca037824d6f0f6b8fc72a8466bec47e35c11ac9e5f93493803
factual_v1,1,51016ab269ac17427848/frame_packet_outcomes.csv,158289,1bd7e76547f36310d3c527f40ea5ff5cffb30fd2bc7fc27d1c9a471184f419e7
factual_v1,1,51016ab269ac17427848/frames.csv,245271,603a802a5aecdec79a0337cb94da5decb39386cdf4282f070c52fd8e65fb5f15
factual_v1,1,51016ab269ac17427848/link_intervals.csv,459,583f6c6e54947734d785655583b49081b701b0d61e4a67d1c579fa949783577c
factual_v1,1,51016ab269ac17427848/mac_summary.csv,200,a9bf613cfc694520550dbd5b35d370bce0bf493591c856bb6f3bba7bc084a624
factual_v1,1,51016ab269ac17427848/mechanism_t2_actions.csv,144356,5d5f4cc57c09ec3ad7c3660b01a37686de8d7e36e178e9393289a174ed0fcb83
factual_v1,1,51016ab269ac17427848/mechanism_t2_snapshots.csv,315530,4b91030cb84e0c7e1b4659217c9e9b55dc58d34f2aad8dead3d1684a1e483e7b
factual_v1,1,51016ab269ac17427848/ofdma_summary.csv,237,81b5e2b4889dd80c26f034428e19b19acc9486f9cf3477b6659f072720046a03
factual_v1,1,51016ab269ac17427848/policy_decisions.csv,140936,64a801e1e2b5692aa7dab068e4f399ad92be46c8bd9cb4d8bc7ff25fdec2c01a
factual_v1,1,51016ab269ac17427848/prediction_polling_samples.csv,2955891,689a0dcd5227ecd3e6759948e3eeac7a7ca5e4629eca90b2e7d48ffc80032ae6
factual_v1,1,51016ab269ac17427848/prediction_samples.csv,3681261,9b1e8fea06e025b848dd78884f6f07bd37e43e041122974475a698a2bfa2031b
factual_v1,1,51016ab269ac17427848/resolved_config.json,6993,c3e92da96438d16892f39a6c2170bb8057d04954adb99e771d0b6c22b75073ee
factual_v1,1,51016ab269ac17427848/stdout.log,176,ea8c21b24787c125ef4135fc9d64091683f0c71e061509ffd923abb63c63e605
factual_v1,1,51016ab269ac17427848/summary.json,1555,ce11c251c1413785b97bd48b0402a5f27579af7c6fdcdd67fa99f62a796dcdae
factual_v1,1,5c7ec6785c5a6b89cd11/background_flows.csv,3096,fdffb1f5d10af9fde7ef6ebd7da059532bf1366fc357e85e4e35ab40480e2f6f
factual_v1,1,5c7ec6785c5a6b89cd11/background_rate_periods.csv,324392,f70339d437e5c0a6269bd9ad544f378e8ced967fc05406155c3586aa0fabea48
factual_v1,1,5c7ec6785c5a6b89cd11/build_info.json,301,f445c7ace53c0f0af5d25d1ea3a945d4c9e07fc822190865659261af191a63d3
factual_v1,1,5c7ec6785c5a6b89cd11/frame_packet_outcomes.csv,157709,db52189d59d49a3f3e5633224a9555689997dfc140a26bd0aa53c3aad8893f7c
factual_v1,1,5c7ec6785c5a6b89cd11/frames.csv,268616,07d4d8c3c8ede2e38847e6716705382dffe0e68c422c500458a80c4ee0b03e02
factual_v1,1,5c7ec6785c5a6b89cd11/link_intervals.csv,513,394371d135e330a9f04a5809125e44b664e88f61c7a3220345574ecb5cdba0d6
factual_v1,1,5c7ec6785c5a6b89cd11/mac_summary.csv,231,15f638d26df5a5fc1444ad23f9d26dccf79d9a74acb7c3c90ed336736bb467d0
factual_v1,1,5c7ec6785c5a6b89cd11/mechanism_t2_actions.csv,266694,215a7855e51a80f637b23d9ccfb86b881db9447d507a16e36ab83cab0aa4ec84
factual_v1,1,5c7ec6785c5a6b89cd11/mechanism_t2_snapshots.csv,320295,a2743a973b1da9f39619554d77b6491afa0fef0cf390b17b601be98aa47d079d
factual_v1,1,5c7ec6785c5a6b89cd11/ofdma_summary.csv,237,81b5e2b4889dd80c26f034428e19b19acc9486f9cf3477b6659f072720046a03
factual_v1,1,5c7ec6785c5a6b89cd11/policy_decisions.csv,192704,66d9f80305a506a9c39f559914b6dd4c79a58e7394cfab6744e75f6142b19818
factual_v1,1,5c7ec6785c5a6b89cd11/prediction_polling_samples.csv,3191730,fdd687eed95ff7d9b07329c59f004590475ee9d0b773b236149fb201118c7d2e
factual_v1,1,5c7ec6785c5a6b89cd11/prediction_samples.csv,3951641,ad968029da89c179a2e681994c7e30b234dc93d1aecca3d314df3b1df229d989
factual_v1,1,5c7ec6785c5a6b89cd11/resolved_config.json,7441,a73af498b34ffea8f039e096b57ab6f7ea76be15e449debb8708dedb73658385
factual_v1,1,5c7ec6785c5a6b89cd11/secondary_airtime_events.csv,137184,31e96da6b68568f99bb3ca7037789fe0dd6388f317bfc6a5d96ccc1d023fb860
factual_v1,1,5c7ec6785c5a6b89cd11/secondary_airtime_settlements.csv,41741,52aa640d4aed8f0ee47c2be2e7da88839fb08050e18609d59a96203e8bc72886
factual_v1,1,5c7ec6785c5a6b89cd11/secondary_airtime_summary.json,602,62c10a9b388d281983ab98303320d2cd77611a1d5664089e8fbe99877ca9f91f
factual_v1,1,5c7ec6785c5a6b89cd11/stdout.log,188,fd3d3df73db9d449d35a0bffb6aa91a61dd497c84219a3c9bbf51ad8328b5f06
factual_v1,1,5c7ec6785c5a6b89cd11/summary.json,1597,c359bf893e286db752561a86385a3048e970bcb1f77c1894843b962a43a6339b
factual_v1,1,5d4a7fb92c2600f6d99a/background_flows.csv,3077,7456650663e035c15d7fd48d194560890cee82b912bfe54be263e9414a31d3ec
factual_v1,1,5d4a7fb92c2600f6d99a/background_rate_periods.csv,332375,5b36ab6a56df21745863f1432a0979cfa7ebcdd1d32f647d85bff400277093ab
factual_v1,1,5d4a7fb92c2600f6d99a/build_info.json,301,bb8ab3d251201c4132aa4ad9b94f6f32b8418f7bff7ba1bb441387150a0a4ede
factual_v1,1,5d4a7fb92c2600f6d99a/frame_packet_outcomes.csv,164940,63d3cd7fb120e161bbb8da5a0573947f4320682b520f4bc9ef8e75980be9854c
factual_v1,1,5d4a7fb92c2600f6d99a/frames.csv,251249,ecebbe3845dab6713f0bd6bfb699496e76fdd0abbd50ae732efb17058c0457e6
factual_v1,1,5d4a7fb92c2600f6d99a/link_intervals.csv,515,cb3f698e5521c3c8e51b54665b1a4be398f2657bfd27db492c237b386c82ff41
factual_v1,1,5d4a7fb92c2600f6d99a/mac_summary.csv,230,dc7f4b14e65f299ec4f33e103883cfff5b2c10e2709bab9d8e34bb0c1dadc042
factual_v1,1,5d4a7fb92c2600f6d99a/mechanism_t2_actions.csv,144356,ce13cf5e7b19585e7b726fbb3e3bed311c2620f50696f74618ac5c92e28c8c08
factual_v1,1,5d4a7fb92c2600f6d99a/mechanism_t2_snapshots.csv,353438,02a6b62c4bc8fa923955c4030fffb0c0d1cfbdc6d9bdbbe0d1d215b5b2cca648
factual_v1,1,5d4a7fb92c2600f6d99a/ofdma_summary.csv,237,81b5e2b4889dd80c26f034428e19b19acc9486f9cf3477b6659f072720046a03
factual_v1,1,5d4a7fb92c2600f6d99a/policy_decisions.csv,151736,7c71739c03e109528e561a6f483e502c073291a3639c17594497c4ec856f3d26
factual_v1,1,5d4a7fb92c2600f6d99a/prediction_polling_samples.csv,3269515,af02279561c4e2f72f193963d62b1561172e2ccaf144ff8e9ca03263638eb520
factual_v1,1,5d4a7fb92c2600f6d99a/prediction_samples.csv,4075277,d9da9a26ec13c265ba0735f744daa1a03be30918375aedd1ab5f2d4c2b51a68a
factual_v1,1,5d4a7fb92c2600f6d99a/resolved_config.json,7529,f42ae578b665ce077139a94898e8d56941643d10d2da461bb0fcfd2dfe494edd
factual_v1,1,5d4a7fb92c2600f6d99a/secondary_airtime_events.csv,640861,8692b4e048d015bc899d1a50b0f1269ef23694adea97db81ffd718b650a80a68
factual_v1,1,5d4a7fb92c2600f6d99a/secondary_airtime_settlements.csv,103,108b472c3dfa7747b73e777b97962cc32dee3e1e60f83fc449c20bccb3a03828
factual_v1,1,5d4a7fb92c2600f6d99a/secondary_airtime_summary.json,579,74b2b51e4b711a550e65d930cd6893045f50259a1a4956d355d4f3dfadd38c55
factual_v1,1,5d4a7fb92c2600f6d99a/stdout.log,190,014d71e27b3fb460b76380e57ea5f385db193428103b433b4f1e65723bc739f2
factual_v1,1,5d4a7fb92c2600f6d99a/summary.json,1899,630d944f05ad82817558a229508ad2cfe8d92f507c9b5d45da57fccd3730c0f9
factual_v1,1,5efb04043132b9081d00/background_flows.csv,3067,08ba2602f5cc4e1a3c821dcb3751e8a6ad9ac3c7d275633eddb80b98420ca6bc
factual_v1,1,5efb04043132b9081d00/background_rate_periods.csv,352207,c02ac984c0a15fbcf337e8e4776fd40b8506746cf1549471e5aeba933530aef8
factual_v1,1,5efb04043132b9081d00/build_info.json,301,cc5731067901c4ca037824d6f0f6b8fc72a8466bec47e35c11ac9e5f93493803
factual_v1,1,5efb04043132b9081d00/frame_packet_outcomes.csv,238164,ed147bd84ce39cce08477fa9b9b9621989b65ae1faa06f12893fccaf4970af96
factual_v1,1,5efb04043132b9081d00/frames.csv,267912,ec34a3aed13e3ea40affabae7112b2d7bb1ca5fcefe57df7fa7668c427d8cdf5
factual_v1,1,5efb04043132b9081d00/link_intervals.csv,514,51173826f74e6bec95c468f3be18edfe790a623a2f61d00efd0d53f933c27046
factual_v1,1,5efb04043132b9081d00/mac_summary.csv,228,29858ad89392bb172d86cba0eb5487bd34e48fab7b82a28d07700ed4334fa2ea
factual_v1,1,5efb04043132b9081d00/mechanism_t2_actions.csv,144356,bc71b7931ec352a42326f52d945451ccaef4bd92f2607bf749272620a824aa6a
factual_v1,1,5efb04043132b9081d00/mechanism_t2_snapshots.csv,341049,d1fea6083aae149696873fbf4bfc8dbcdfff993c5985f8a8b678c950b21f2111
factual_v1,1,5efb04043132b9081d00/ofdma_summary.csv,237,81b5e2b4889dd80c26f034428e19b19acc9486f9cf3477b6659f072720046a03
factual_v1,1,5efb04043132b9081d00/policy_decisions.csv,151736,e87eec0e3d14927111e6d784e46678f9435c0de88d4153c4fae1f6e98e5f3bf8
factual_v1,1,5efb04043132b9081d00/prediction_polling_samples.csv,3243983,244e7c1e0cbb576856d00f924f3d0552b5772741f3777ab0e1d17192047cea51
factual_v1,1,5efb04043132b9081d00/prediction_samples.csv,4058092,21f053f841f0cd51a2978085cc70dba73216acaba87cfe2c67a9e781194b0839
factual_v1,1,5efb04043132b9081d00/resolved_config.json,7558,8c60ec7306b15a0f7062d3d0d82294d471539e592bbf97794d0a675b43daa910
factual_v1,1,5efb04043132b9081d00/secondary_airtime_events.csv,616575,da4638f29cd14e544c2068eb440406efcb09c5cc81b117c7480cb7933a71e9e2
factual_v1,1,5efb04043132b9081d00/secondary_airtime_settlements.csv,103,108b472c3dfa7747b73e777b97962cc32dee3e1e60f83fc449c20bccb3a03828
factual_v1,1,5efb04043132b9081d00/secondary_airtime_summary.json,575,c5f90c6134dc78009c159770600f9b9097031af25ca56bf1d1b44c6fd2c2284f
factual_v1,1,5efb04043132b9081d00/stdout.log,190,5781b491529a267a667e2a0754e5e5c2acb334423bcb22b9074f335eba7d0f16
factual_v1,1,5efb04043132b9081d00/summary.json,1840,427d61991374bf8d9694ba578c427d909807f651dbfbfbefcdefe28c5867e0a5
factual_v1,1,5f541dbba3fa43444ee1/background_flows.csv,3049,97057bc27d6029a537d9a347c113c63c43356def24f6a6448c1eefb94f08c18e
factual_v1,1,5f541dbba3fa43444ee1/background_rate_periods.csv,322988,1af27f45af5b2d67709ce40557fab43129d68989b8db1c564de0496796e57528
factual_v1,1,5f541dbba3fa43444ee1/build_info.json,301,f445c7ace53c0f0af5d25d1ea3a945d4c9e07fc822190865659261af191a63d3
factual_v1,1,5f541dbba3fa43444ee1/frame_packet_outcomes.csv,169842,1e2abc26b9e697594373a51068d99ebb65f6cfa09ee30fb0c643dba13d599d2a
factual_v1,1,5f541dbba3fa43444ee1/frames.csv,270494,f5f38725499cd1aa73cfaaf78b783d250378995498af08b707a6ca467a597f4b
factual_v1,1,5f541dbba3fa43444ee1/link_intervals.csv,504,ac80ca195fb8b9126f3ed84b92cf608b3f3f8098f8ffc47f07f15be6758ef3a4
factual_v1,1,5f541dbba3fa43444ee1/mac_summary.csv,224,766e76b435474ca4a82a6db1ae6351e60ec8ead2584bedf7218f3988599f61a3
factual_v1,1,5f541dbba3fa43444ee1/mechanism_t2_actions.csv,272835,82da31eb769caf1b2a2e2d232dcd5154fdff646112fcc782e6e2387cc8416624
factual_v1,1,5f541dbba3fa43444ee1/mechanism_t2_snapshots.csv,324914,a293ffe347d40204b3f4be7d48c86e4ba7daf06e7d128b6c06c425597cfef9b6
factual_v1,1,5f541dbba3fa43444ee1/ofdma_summary.csv,237,81b5e2b4889dd80c26f034428e19b19acc9486f9cf3477b6659f072720046a03
factual_v1,1,5f541dbba3fa43444ee1/policy_decisions.csv,194874,c6735ab2bac4ad415094a0934cae6294b52ad9e1ec47ad304d999d48c921f758
factual_v1,1,5f541dbba3fa43444ee1/prediction_polling_samples.csv,3042250,cf997e3914a07517abe6682704fb7ccd364264fbb36e21122653e767f2ec6f89
factual_v1,1,5f541dbba3fa43444ee1/prediction_samples.csv,3776077,3b95f810da4f9305cad38b96f65fd1b613fe7f82a68dd3130b43c935f9eec915
factual_v1,1,5f541dbba3fa43444ee1/resolved_config.json,7451,04a0ec9144f966029536f1800974070be117be7549e19098d9c69ec4d4e38573
factual_v1,1,5f541dbba3fa43444ee1/secondary_airtime_events.csv,344233,7a45cb243e34b883b1c026bc87d0ac099abb35d99a548f40a6a7898e88f8159e
factual_v1,1,5f541dbba3fa43444ee1/secondary_airtime_settlements.csv,47697,f7c30327ab335fafc6d7e3fef86256b9e8470e0364911dd3f06fdfb226304263
factual_v1,1,5f541dbba3fa43444ee1/secondary_airtime_summary.json,599,25f743519f9bd665d510cde8d9635242aa15e2b74f75d2b8e4f3cf0d30e8df8c
factual_v1,1,5f541dbba3fa43444ee1/stdout.log,188,1f18885ef5a12ba2c33c9544d69f550f57fc7ee050803b54a9f862bf2d526daf
factual_v1,1,5f541dbba3fa43444ee1/summary.json,1588,fedbc7769d7d4beaa56583b73aa5104c0d4b86e723bb5f782e671f4578119fe9
factual_v1,1,60f97a66adc8ed71b206/background_flows.csv,3043,e7ecfa5eac023ad0e2859130880375ab8182b5f623f9b0159f31c69724e1248d
factual_v1,1,60f97a66adc8ed71b206/background_rate_periods.csv,190123,e2636453ea58ad2f72910fdbbcafa6c456d0fc483e2101fe2e5c17b4d96ef090
factual_v1,1,60f97a66adc8ed71b206/build_info.json,301,cc5731067901c4ca037824d6f0f6b8fc72a8466bec47e35c11ac9e5f93493803
factual_v1,1,60f97a66adc8ed71b206/frames.csv,248759,06355ca76bea1121648b209ec2b4484b5676468503b74fd66f07c7bcdbbda8a9
factual_v1,1,60f97a66adc8ed71b206/link_intervals.csv,489,ce9590bdbc4bbbcc7fd261fc193ffb14294a2be5fc6dda5a793334153efedfdc
factual_v1,1,60f97a66adc8ed71b206/mac_summary.csv,224,d01fccb9770a481932c723f950add862a5d571d6e321ae64e6cf8b75ffd72aa5
factual_v1,1,60f97a66adc8ed71b206/ofdma_summary.csv,237,81b5e2b4889dd80c26f034428e19b19acc9486f9cf3477b6659f072720046a03
factual_v1,1,60f97a66adc8ed71b206/policy_decisions.csv,140936,0f15556822e867aac3d6f805a316c4f2be14450868bda56133390df804f33893
factual_v1,1,60f97a66adc8ed71b206/resolved_config.json,6542,42fac4b2794e30df16d3f31a8fded4b2b6c8e0970b737a461fffd7eba9a5f902
factual_v1,1,60f97a66adc8ed71b206/stdout.log,176,17a51e2e7064c3913cf9ca5c4811cd3bc0a417c61e6de010dae14d87176ca215
factual_v1,1,60f97a66adc8ed71b206/summary.json,1557,54d5be3606c9556fed77240e913ab87d612176127b3544e7a6742b136fc218c2
factual_v1,1,6381459a40b6724b500b/background_flows.csv,3047,95cc88803a41b5769a8572fcb1a2e5de792ea4acbdc5c8181b09c64045683870
factual_v1,1,6381459a40b6724b500b/background_rate_periods.csv,323036,4bc113abb45498d9f6d7d84532feb67a9884411ae9cdc847a5c0eb3ca90eed2b
factual_v1,1,6381459a40b6724b500b/build_info.json,301,bb8ab3d251201c4132aa4ad9b94f6f32b8418f7bff7ba1bb441387150a0a4ede
factual_v1,1,6381459a40b6724b500b/frame_packet_outcomes.csv,171206,c8cf60044466da3f384f1ae5d38c04d0ec5188b084fb89fbdfb1cbbb22985e47
factual_v1,1,6381459a40b6724b500b/frames.csv,288361,a425877a4ffc1e04f5483c5786c792e7f4b0ea16a11bea1da529d90266f5bb81
factual_v1,1,6381459a40b6724b500b/link_intervals.csv,505,6940dfc3d230b83d5c7e44226115ec3d2fdfaa03d7809cfcb8f02f923b87b9d2
factual_v1,1,6381459a40b6724b500b/mac_summary.csv,224,b3353ad9d867b2ef889253aef0858684a696a2d4a641fa13d0392bd4c8089298
factual_v1,1,6381459a40b6724b500b/mechanism_t2_actions.csv,245426,a7c2bb4ea239c8a5d4fd0f1cafe7b76e29ad458e13f9cf13b44d193648193583
factual_v1,1,6381459a40b6724b500b/mechanism_t2_snapshots.csv,317807,f285789a3cf5f2679cf3be266b47610d08c1f3d14836f8a92ba045b5ba37bbbf
factual_v1,1,6381459a40b6724b500b/ofdma_summary.csv,237,81b5e2b4889dd80c26f034428e19b19acc9486f9cf3477b6659f072720046a03
factual_v1,1,6381459a40b6724b500b/policy_decisions.csv,178736,5ad3847b79dbb5237135238f71df1919ae94450170e2386347835f6f53ca23bc
factual_v1,1,6381459a40b6724b500b/prediction_polling_samples.csv,2943392,2120e0c7b20d214942e21ee4edb56b3ba239fa7b89d5570aa2cdd0f2e9a1c99e
factual_v1,1,6381459a40b6724b500b/prediction_samples.csv,3671610,e7dc454880b071b1bbd067798909250ab717555ba1386367bab581c4b9ea8033
factual_v1,1,6381459a40b6724b500b/resolved_config.json,7278,4a84bbc73456d37cd9861fc6c2fcbc326d7318795874651aa44cb5b962a07e59
factual_v1,1,6381459a40b6724b500b/secondary_airtime_events.csv,387628,94d0b01253fec7dfd6fe541ef18a3d1fdcaffb45770f1a768a4c726e42e30205
factual_v1,1,6381459a40b6724b500b/secondary_airtime_settlements.csv,110619,00742795666f6d9e4a8abd465c7d2b086725fe7ae8526c76cbc8559d2796f773
factual_v1,1,6381459a40b6724b500b/secondary_airtime_summary.json,604,0bdc9846b3dc7c0b12942ab81bfd9090c412db25b2e63241a15c6c52b4f1b00b
factual_v1,1,6381459a40b6724b500b/stdout.log,188,8eb497d632e38b587188bfd0a63e30cf005b046ca58c47e29468cf1f87cd6f02
factual_v1,1,6381459a40b6724b500b/summary.json,1603,95465129b15c3a3de313c59b84082186c5d059e44319d0e97f427a9bba4978da
factual_v1,1,64f2510133ba2a731e82/background_flows.csv,3105,27da4c7e0a9292134fdffa1105c6f220b649b684414ad1dea37f2bed7e83927e
factual_v1,1,64f2510133ba2a731e82/background_rate_periods.csv,322298,16516f95cc17238145f145e89fc496cb81aa99bb01d76efb9af032755c5825b3
factual_v1,1,64f2510133ba2a731e82/build_info.json,301,bb8ab3d251201c4132aa4ad9b94f6f32b8418f7bff7ba1bb441387150a0a4ede
factual_v1,1,64f2510133ba2a731e82/frame_packet_outcomes.csv,119753,c182679920d623347c2910785cda273c584ac72026bb6887cd3c5992cc3a3c7d
factual_v1,1,64f2510133ba2a731e82/frames.csv,248310,e5fceeeb111719ac22c719f05f5086c1ff863828041b2b93b279179db11672ce
factual_v1,1,64f2510133ba2a731e82/link_intervals.csv,511,9d9d0be0cff9a9c9a93460d8e049126287750404a77727b6ca94e9192212de4b
factual_v1,1,64f2510133ba2a731e82/mac_summary.csv,230,b4268580219c72a2ecd12f0d78d1897e407a029dcc2eca399942ec47c7d1660e
factual_v1,1,64f2510133ba2a731e82/mechanism_t2_actions.csv,245426,833eacffe180f43340b3533714b019a177f733dfeda38be3107950d46522182f
factual_v1,1,64f2510133ba2a731e82/mechanism_t2_snapshots.csv,350705,1d451b266aa40aa12072dcabc2a541dbed6fa8c4883e0accb81bab9182b0e4d5
factual_v1,1,64f2510133ba2a731e82/ofdma_summary.csv,237,81b5e2b4889dd80c26f034428e19b19acc9486f9cf3477b6659f072720046a03
factual_v1,1,64f2510133ba2a731e82/policy_decisions.csv,178736,179a57e8057d6df26de421d0a2797ce32cd3f052b1955fefe8cef1bfc147d986
factual_v1,1,64f2510133ba2a731e82/prediction_polling_samples.csv,2998127,7c2f82b538c3728fdf99afab1b0a3abeb9f6afa47f18a9997bb14ec3c8272adf
factual_v1,1,64f2510133ba2a731e82/prediction_samples.csv,3766515,f481738d59b166a588fcf2e7f8c4b153a027c692ba79be2d93f7bf81ae512c43
factual_v1,1,64f2510133ba2a731e82/resolved_config.json,7303,a38a2f1a08e0e340224704ebff27fd57e519baa9666995607f7b70e66ee9fb8c
factual_v1,1,64f2510133ba2a731e82/secondary_airtime_events.csv,509928,b80a7a62a951d867d6acca320052a412d2b42db4f809b9c4a3652c54836bddfc
factual_v1,1,64f2510133ba2a731e82/secondary_airtime_settlements.csv,123610,0f467bc2282b367831b9c3b56696e01e472fdc0ff426f52f03ac3bbe5e74e8cf
factual_v1,1,64f2510133ba2a731e82/secondary_airtime_summary.json,600,28c7583223cb5a29d4f5fc142aa8952ff719ee0bd98a64538b04c461ceffbb47
factual_v1,1,64f2510133ba2a731e82/stdout.log,188,4c40bd5cdbfce0e0c762484ffb76041db5f886ec090a84a0a9d5b8ca0690b299
factual_v1,1,64f2510133ba2a731e82/summary.json,1600,7b0fd71bb88b8be5a5c362f11646b332458bfb17b1f7afa1feb1c13f462c883e
factual_v1,1,656950349378a58ef23b/background_flows.csv,3067,d618f6e06bae030536697321e6ae91be2c596e06a78d0d8f6ac9c4dbd3cfd991
factual_v1,1,656950349378a58ef23b/background_rate_periods.csv,359393,d2b9aa074bcb7a888131b2129035016749c869e919a709d024683e69807c1ab3
factual_v1,1,656950349378a58ef23b/build_info.json,301,cc5731067901c4ca037824d6f0f6b8fc72a8466bec47e35c11ac9e5f93493803
factual_v1,1,656950349378a58ef23b/frames.csv,251584,e4132990b7b1b5d64cc359a1fa877824db70504b8b78aecb3bbcea5651695d12
factual_v1,1,656950349378a58ef23b/link_intervals.csv,488,4c81fc74df591090ab0211d2034eff02b98d2ea05843c68654d20e3de810cbd8
factual_v1,1,656950349378a58ef23b/mac_summary.csv,224,7eb86f3ff81335725ceb337b0305ce43dff4f604a5b3605aa6a4f9800cded8bb
factual_v1,1,656950349378a58ef23b/ofdma_summary.csv,237,81b5e2b4889dd80c26f034428e19b19acc9486f9cf3477b6659f072720046a03
factual_v1,1,656950349378a58ef23b/policy_decisions.csv,140936,eacc7f5b49a9fdf3817954e9f9543703d6c33ecf9902390e3830b869984ef92c
factual_v1,1,656950349378a58ef23b/resolved_config.json,6866,d5fc71238f78e6f4e332c482ce07352eb58193fccadf6db63e3f8308f939f592
factual_v1,1,656950349378a58ef23b/stdout.log,176,1482e334ff89008c84e3b413d6bb7ef585b5e5fd648458f3e96e707da77cbabf
factual_v1,1,656950349378a58ef23b/summary.json,1843,1980233d9db6ff1f5141e6fe4a359ae198376db408dfe36bb8e9cafae37268c3
factual_v1,1,6651ce5824da567a3f2c/background_flows.csv,3043,23a2a6537111b28ed6388f1cf9b87767b7d66545c3c6f8bd1de6c8f6b9ba1a87
factual_v1,1,6651ce5824da567a3f2c/background_rate_periods.csv,190123,a4fd1923446d2e14da0ea3172c8b65992d1be843051dcfb2b94e706e2dba4216
factual_v1,1,6651ce5824da567a3f2c/build_info.json,301,f445c7ace53c0f0af5d25d1ea3a945d4c9e07fc822190865659261af191a63d3
factual_v1,1,6651ce5824da567a3f2c/frame_packet_outcomes.csv,169897,c581ffaa8cb41e7ea49d05032f3a2e98ff454b10d2523f39d566778569574df3
factual_v1,1,6651ce5824da567a3f2c/frames.csv,273698,5ea1d971f1c4ad3f0a0e0e559e4baac87e62a2dec7a742390417e24a1ef4ec13
factual_v1,1,6651ce5824da567a3f2c/link_intervals.csv,507,8855353689985927b1feb306069440798a6ca3ceff174d92f9ee9a100567f3ec
factual_v1,1,6651ce5824da567a3f2c/mac_summary.csv,224,69696120e28871361e070be4c006d16eb5c4688acaf6cf8353b84ea35cc78cd7
factual_v1,1,6651ce5824da567a3f2c/mechanism_t2_actions.csv,258682,68a189196c227e20f1a0b11215d4396304f92775147209d6b9b88d25f82f323d
factual_v1,1,6651ce5824da567a3f2c/mechanism_t2_snapshots.csv,316218,72e5b9d923f734f03a45897650dd1a337707695e29e8264778b98b850cc09dbe
factual_v1,1,6651ce5824da567a3f2c/ofdma_summary.csv,237,81b5e2b4889dd80c26f034428e19b19acc9486f9cf3477b6659f072720046a03
factual_v1,1,6651ce5824da567a3f2c/policy_decisions.csv,189988,58e25cc852e28f48d17f290e4125290bdc84b40e78878f28f6ed00c904bf2829
factual_v1,1,6651ce5824da567a3f2c/prediction_polling_samples.csv,3118167,28fa7ea1b132f9684acd2c789956be70ab542503d6af217f4c42aa5e513ff086
factual_v1,1,6651ce5824da567a3f2c/prediction_samples.csv,3847061,71d60ddfde873d6cb13fdba34fca7c54e16aa539ff426e5e5944b061c942e3f7
factual_v1,1,6651ce5824da567a3f2c/resolved_config.json,7435,cd28e6b664fa7814e0b943147361f58d5d7ec8de387e3cd52a9045ca0161baab
factual_v1,1,6651ce5824da567a3f2c/secondary_airtime_events.csv,96864,eab2072ebe86e40aa6accf70959354aa0215553db43e8a794e6d0239c88ec1cc
factual_v1,1,6651ce5824da567a3f2c/secondary_airtime_settlements.csv,26483,8eccf40ffbff9cc28f6f3df40359ec1803916f89f67792e75dbc9bfac41f3094
factual_v1,1,6651ce5824da567a3f2c/secondary_airtime_summary.json,601,229f042c5ee7b373e2e3881e89e590cb9c3aa49a61eacaf2471e51749d757633
factual_v1,1,6651ce5824da567a3f2c/stdout.log,188,03405832c422c5e47a866e5658747679c20e64aceec717595cf22f3740763f7b
factual_v1,1,6651ce5824da567a3f2c/summary.json,1588,6f06efc43a0de8fbf07dd51fd3038da85ce3c467e6200e16c6339b7ca1bcdf79
factual_v1,1,6bfc3ea68e8f8e382da3/background_flows.csv,3049,553e7f828802ae392a10fe1726294c146a1ab90b8109d9af6d51e0eba98c255f
factual_v1,1,6bfc3ea68e8f8e382da3/background_rate_periods.csv,322988,0b9eb27be111ba12d28b371329c3652e4dd66b6777f1b136260ce70979fca3a9
factual_v1,1,6bfc3ea68e8f8e382da3/build_info.json,301,bb8ab3d251201c4132aa4ad9b94f6f32b8418f7bff7ba1bb441387150a0a4ede
factual_v1,1,6bfc3ea68e8f8e382da3/frames.csv,242804,c515af954a1f191a2ef15ce084fef2825f02cb0cff33e2c168dc0c753633a366
factual_v1,1,6bfc3ea68e8f8e382da3/link_intervals.csv,485,d82c01c3b18ce6a2ed9a15f4784cfdf62a4787ae939d633e44c7bbe8a80f0129
factual_v1,1,6bfc3ea68e8f8e382da3/mac_summary.csv,223,3e0e206f1fd215e39f6687e4d0a856e700d6eaf94efaee6ba06579576967e922
factual_v1,1,6bfc3ea68e8f8e382da3/ofdma_summary.csv,237,81b5e2b4889dd80c26f034428e19b19acc9486f9cf3477b6659f072720046a03
factual_v1,1,6bfc3ea68e8f8e382da3/policy_decisions.csv,140936,4b8acaa98cb894318892b76526700076d43fe81c676b662a7f8e4d70e825ea6f
factual_v1,1,6bfc3ea68e8f8e382da3/resolved_config.json,6558,ba3b63dade3823d0940401160ee4c4601c785b0185014298d2fe189d893814d6
factual_v1,1,6bfc3ea68e8f8e382da3/stdout.log,176,ac9c1e1d896f842020053ad85b9f88867eb0274ef857a54f483ccc499f315dd6
factual_v1,1,6bfc3ea68e8f8e382da3/summary.json,1559,76a78cb5db6a38049a0a3c7e999ade4fde4b4152701a281fc40ba0d828fef09a
factual_v1,1,6d2cd50b759b22e0c059/background_flows.csv,3043,8b128838cde69e47b3f04a9f5c97f0aeede3c8ab9c52f6f88de429b8f71ddc41
factual_v1,1,6d2cd50b759b22e0c059/background_rate_periods.csv,190123,090f7c7234cb98b1009d02f54f6fde9822ee191c867a98cf7bcbbe674a36b64c
factual_v1,1,6d2cd50b759b22e0c059/build_info.json,301,bb8ab3d251201c4132aa4ad9b94f6f32b8418f7bff7ba1bb441387150a0a4ede
factual_v1,1,6d2cd50b759b22e0c059/frame_packet_outcomes.csv,166138,0730017822e8c284be67798ef44479b7c4221e357a716694ae124b96823f11bb
factual_v1,1,6d2cd50b759b22e0c059/frames.csv,283111,0c585fd8666fb7614593e01d22d04f7b874dc699a7e73fd56910f862e7c337aa
factual_v1,1,6d2cd50b759b22e0c059/link_intervals.csv,510,56ff1389b47158e1496c7f6c011869f2352d695626863f81f1d8493b0f48663f
factual_v1,1,6d2cd50b759b22e0c059/mac_summary.csv,227,4d60106826d1864b28b7a0c4b9a2bd6a3225f2ce8f5e1ed964361ea203493ff9
factual_v1,1,6d2cd50b759b22e0c059/mechanism_t2_actions.csv,245426,abdfd679559657521c6e1fbb337c5cf85d8fddb410d06afa6bbe8ba3ba866d52
factual_v1,1,6d2cd50b759b22e0c059/mechanism_t2_snapshots.csv,317056,7ae5ccc87ca3baf2a338813b42384b9be0334b2094ff31453e0ba14f3e349f3d
factual_v1,1,6d2cd50b759b22e0c059/ofdma_summary.csv,237,81b5e2b4889dd80c26f034428e19b19acc9486f9cf3477b6659f072720046a03
factual_v1,1,6d2cd50b759b22e0c059/policy_decisions.csv,178736,49fd6a9b0c03b2fd2c45b227c01e84463c0a47e2dcfb5bb9ff60399526856905
factual_v1,1,6d2cd50b759b22e0c059/prediction_polling_samples.csv,2998399,a48ae24e15f9ca88ef8b76c80f8a0e6b1aab26bd9210345e63386c023867f37c
factual_v1,1,6d2cd50b759b22e0c059/prediction_samples.csv,3731179,886c82b9c61b3f8c5b359e7f851e36981ea909ba954758387b9df6195bc4cb23
factual_v1,1,6d2cd50b759b22e0c059/resolved_config.json,7281,8ec598d3b0f8a8fd5dc6fa1fb5dfa53ed094b6adf17411ed35382d59aed4c8d5
factual_v1,1,6d2cd50b759b22e0c059/secondary_airtime_events.csv,342291,a92fa5cbb2d1bd1ecf32a0486a43627f4c872a1cae445d2e31c1451473bb6ee6
factual_v1,1,6d2cd50b759b22e0c059/secondary_airtime_settlements.csv,113040,269ac97ff758de597dcda75e42955b9336dd124487a2ddfb5052ac8d1618c714
factual_v1,1,6d2cd50b759b22e0c059/secondary_airtime_summary.json,602,936256c08eabe764a3437791cbfd52b96964a66b7976955b4a4d4f127e1c7c44
factual_v1,1,6d2cd50b759b22e0c059/stdout.log,188,0fac14037db313995d399be63f65c42e4a395e50e363c150a073270871911aac
factual_v1,1,6d2cd50b759b22e0c059/summary.json,1597,70e2909b0383e570ea09b5bbea04c5f65514c6964c72090740d6804e11f002df
factual_v1,1,6e2b80009b334cbfd96c/background_flows.csv,3067,7923616d53fb1832165cf5b2c6b7dcefdbbef9af723e7cf0475d1dd54a8ad613
factual_v1,1,6e2b80009b334cbfd96c/background_rate_periods.csv,359393,61b815fa35362624df9a262073d482d9b67fd08f013e0e691310cc2f4733e327
factual_v1,1,6e2b80009b334cbfd96c/build_info.json,301,cc5731067901c4ca037824d6f0f6b8fc72a8466bec47e35c11ac9e5f93493803
factual_v1,1,6e2b80009b334cbfd96c/frame_packet_outcomes.csv,247566,3b1968b93a8989de52026c8312861c3788d515cf41c7458cb4c092cca42aca69
factual_v1,1,6e2b80009b334cbfd96c/frames.csv,281297,18678637d198ede5b9a1e1164aa08e8d42f48863fbd8b1e428ba51d6ecd0c175
factual_v1,1,6e2b80009b334cbfd96c/link_intervals.csv,508,e94f0888b8c52cc806953ba69572ed571a12ad6a4061e13b3e03ff2b2719e029
factual_v1,1,6e2b80009b334cbfd96c/mac_summary.csv,223,7547e50ef734e97471370e13c33315107e3245d6db8cfaeaf68549fb206da0ff
factual_v1,1,6e2b80009b334cbfd96c/mechanism_t2_actions.csv,255776,2983241481ec6184dee07dc21e9ee6aeabac95c87a1d0fd8e2ef8a2aecf00146
factual_v1,1,6e2b80009b334cbfd96c/mechanism_t2_snapshots.csv,326479,d178119317188e87925aef6cb8e6350a5a53f207d1ec30dfd2a3227e0f93c246
factual_v1,1,6e2b80009b334cbfd96c/ofdma_summary.csv,237,81b5e2b4889dd80c26f034428e19b19acc9486f9cf3477b6659f072720046a03
factual_v1,1,6e2b80009b334cbfd96c/policy_decisions.csv,169736,ef7a02ad13be1cf39858fc00fdfaee0cc46db83195f91dc64bd2802df44b4bbc
factual_v1,1,6e2b80009b334cbfd96c/prediction_polling_samples.csv,3141242,daaec27ad3a36e6351e4d7e9d032be9f9b4e3138e43bf46328540a7fc6622fa2
factual_v1,1,6e2b80009b334cbfd96c/prediction_samples.csv,3854516,0ef1b003f5f1a808cf1e145a3a6c38bb3a91ec2e04c953449ebea73cb72996bd
factual_v1,1,6e2b80009b334cbfd96c/resolved_config.json,7571,0b98ad565c76502f5f4f14b15abef774d09b7ee892476da68117b66b86453641
factual_v1,1,6e2b80009b334cbfd96c/secondary_airtime_events.csv,322942,58807e76ed631058b42006d384b3fb3d684f6a07f7dc3c04e2a446ebcc29dfa4
factual_v1,1,6e2b80009b334cbfd96c/secondary_airtime_settlements.csv,112991,049bf6d154837a43580fda0c61b8db6cb6c16c230a7c901d30dd48943a1cd680
factual_v1,1,6e2b80009b334cbfd96c/secondary_airtime_summary.json,598,05ecc2fdfecb2b157abed0867a6e0671516e1a9505495404ec29a9992e4f6de0
factual_v1,1,6e2b80009b334cbfd96c/stdout.log,190,1be7330ffa1e31f2cdfe3b93201e486fa2717fffd8a2c959a378f861202d7fb0
factual_v1,1,6e2b80009b334cbfd96c/summary.json,1882,83a4710f830bda3528b0af91a9ab329f578ea17c085d66499aa6bb7074ed02dd
factual_v1,1,719796daad8d029d22d4/background_flows.csv,3067,78e4ca734ec9041ca3182d111065eb2e074e36858794d69a585a5f59b23ac2ce
factual_v1,1,719796daad8d029d22d4/background_rate_periods.csv,359393,2c34168af76f090937b880bb3bede12c167fc7dbeec0fc8cb052b68ae1b6998a
factual_v1,1,719796daad8d029d22d4/build_info.json,301,cc5731067901c4ca037824d6f0f6b8fc72a8466bec47e35c11ac9e5f93493803
factual_v1,1,719796daad8d029d22d4/frame_packet_outcomes.csv,178171,e8f43364c4b90b5719a0a66cca5041683c283aeb6f43a0151b7b8723f55b3eb7
factual_v1,1,719796daad8d029d22d4/frames.csv,284492,d91354e1ead84d33aef7150f92ea694076dd0654aba5fb86030b6fe63d896777
factual_v1,1,719796daad8d029d22d4/link_intervals.csv,505,612864261b3d29649a7d6a180a160703eaf53d67b5397bdedb162a08598e20f4
factual_v1,1,719796daad8d029d22d4/mac_summary.csv,224,50c5b3621326f7693ed569097146f724c58d013f3221a9334286044a7c59eea4
factual_v1,1,719796daad8d029d22d4/mechanism_t2_actions.csv,245336,e74f1583281e1319db0874458f56fef1a186a8ef57bbda5efdc6c4aeaecd968d
factual_v1,1,719796daad8d029d22d4/mechanism_t2_snapshots.csv,325877,93d656a6d8e89d3d1f33df1347340db5a8fbfe25271785606973ee7e933c9833
factual_v1,1,719796daad8d029d22d4/ofdma_summary.csv,237,81b5e2b4889dd80c26f034428e19b19acc9486f9cf3477b6659f072720046a03
factual_v1,1,719796daad8d029d22d4/policy_decisions.csv,178736,318305882c8b3c222aa4f58895d904df1cbb99b94839ed286c5a3f27a92a9dba
factual_v1,1,719796daad8d029d22d4/prediction_polling_samples.csv,2988311,772cadbb517add1cdad0fc652a8c3d9dcb501e23f05dae500127895f15a05a5d
factual_v1,1,719796daad8d029d22d4/prediction_samples.csv,3702187,d3207be2c48754c8fe97826d70fdd37927be5b3fa9ed91ba4fa1e7b3de6f86ed
factual_v1,1,719796daad8d029d22d4/resolved_config.json,7590,a50d3adb3f576490bdad22a8a49c3cc0d771d7ad819d8e8b337b378c3b84cf8e
factual_v1,1,719796daad8d029d22d4/secondary_airtime_events.csv,252046,03217c8ab51722f1e290ae6ddeca9548b8b781b3f3e3309e6b30b1d4f81b6cf5
factual_v1,1,719796daad8d029d22d4/secondary_airtime_settlements.csv,110900,cb88bd06735e426cf71fb9708b86f4a6a26f4d71bdb98e99907b63262be23350
factual_v1,1,719796daad8d029d22d4/secondary_airtime_summary.json,603,050095ca48f7306fd62d53d367fe227171f86f794fc157fa867887c467f72f32
factual_v1,1,719796daad8d029d22d4/stdout.log,188,f3cbc4ea3cd929c520381f3b8642b6ca73dd77fe2173c46a7b73404c8d6bd90b
factual_v1,1,719796daad8d029d22d4/summary.json,1882,61ed18baa959c89c1235b3d0d3b0058315f297df5a1be0b3e94046e65036a1bc
factual_v1,1,750ce535c39c8e1daa65/background_flows.csv,3067,2db2b624b1c06e3897a4b8cf3a2e71aaecb9efd17703c3b2c70d1eac7210be3b
factual_v1,1,750ce535c39c8e1daa65/background_rate_periods.csv,352207,952a983fff1e7d7e35dc8efabb6b21a956c1c8e5066778da9c8999143d180986
factual_v1,1,750ce535c39c8e1daa65/build_info.json,301,cc5731067901c4ca037824d6f0f6b8fc72a8466bec47e35c11ac9e5f93493803
factual_v1,1,750ce535c39c8e1daa65/frame_packet_outcomes.csv,167909,126ff6b50638bc6da726084dabf4047df32aa00c09d640a80bba53e049c794f4
factual_v1,1,750ce535c39c8e1daa65/frames.csv,244312,df5a5b7880c8ebd2befbb8c09123190890a19175d7af9626bc8a5da5202c100c
factual_v1,1,750ce535c39c8e1daa65/link_intervals.csv,458,90d9c1ec516a5d2b694734170b843b7cfb810c295876156073ce05557da6ac37
factual_v1,1,750ce535c39c8e1daa65/mac_summary.csv,200,6f60c3f245c7ced0278289e5119dc43a4927ae01cf4ea33ff17b41303bb33bdc
factual_v1,1,750ce535c39c8e1daa65/mechanism_t2_actions.csv,144356,8b191a2163dd3f2d3fcd8f21aa04cae3ba495f07e37870b2a305320fcdcd43e9
factual_v1,1,750ce535c39c8e1daa65/mechanism_t2_snapshots.csv,327312,28c0a61c7471e246962c0132d32e8423ca5a891801db1acd468ad5cc00f2b5c0
factual_v1,1,750ce535c39c8e1daa65/ofdma_summary.csv,237,81b5e2b4889dd80c26f034428e19b19acc9486f9cf3477b6659f072720046a03
factual_v1,1,750ce535c39c8e1daa65/policy_decisions.csv,140936,5c2e2ee1140240fa6f8366d0bde15e8b08190f40deecdc2dc99d0577a058f89c
factual_v1,1,750ce535c39c8e1daa65/prediction_polling_samples.csv,2968182,82531acd86c4afd61e1f9d7542db79f62f6a689737327b1c8b7208370b50252e
factual_v1,1,750ce535c39c8e1daa65/prediction_samples.csv,3680722,b7ea25bc52f7a96bfd70abda61e5911bfbbb57ec4591f67082d27413c9f49d5d
factual_v1,1,750ce535c39c8e1daa65/resolved_config.json,7301,ce7dac9493212933a96db83622d53dfab2509f4aeb6b02764cc17799a9f06e0b
factual_v1,1,750ce535c39c8e1daa65/stdout.log,176,56e2290570c6e89643e71d4c663291f89daaf6e5991b807c1ce88f37917cdf46
factual_v1,1,750ce535c39c8e1daa65/summary.json,1812,e4deebbd61050c2c8fb4d8fee2bb00cbaee4c3665b654a7bff491c791e87435f
factual_v1,1,80c7ba5214e2b4594100/background_flows.csv,3043,b3f0cdaba148ddcbf518d8868ce55575c7c02dd7d2f9735436fc467373d193c3
factual_v1,1,80c7ba5214e2b4594100/background_rate_periods.csv,186258,e15e7d7002cbb0a335a0bc58b6871fd8c77e6e723108bb1780348012f34541aa
factual_v1,1,80c7ba5214e2b4594100/build_info.json,301,bb8ab3d251201c4132aa4ad9b94f6f32b8418f7bff7ba1bb441387150a0a4ede
factual_v1,1,80c7ba5214e2b4594100/frame_packet_outcomes.csv,149108,9f11492ceb3af769cc2b44f5dedae5bea381900752cd8ddfbbf7a1c218674cdb
factual_v1,1,80c7ba5214e2b4594100/frames.csv,244575,513a20926c7f83e24a895f15c30931660d5b206f0ba123813f04d31fe8bba7e5
factual_v1,1,80c7ba5214e2b4594100/link_intervals.csv,517,b14ab3bb2bf8b9435a8671f2b3a9259bb060c140ed188d4d96bed38287e641be
factual_v1,1,80c7ba5214e2b4594100/mac_summary.csv,231,d629424138627b7ae0ab7b28e51b4c22cfea462281c0bc1ae6ccc2dd2b603e89
factual_v1,1,80c7ba5214e2b4594100/mechanism_t2_actions.csv,144356,22b4b431aa34462aad61ec09aff430765b1bda03ffd9b6f1fc5fef6deb8f61ba
factual_v1,1,80c7ba5214e2b4594100/mechanism_t2_snapshots.csv,348888,4c63250aaa772306f519d2589d15085312ae623bc5ee187468b606674c26f28e
factual_v1,1,80c7ba5214e2b4594100/ofdma_summary.csv,237,81b5e2b4889dd80c26f034428e19b19acc9486f9cf3477b6659f072720046a03
factual_v1,1,80c7ba5214e2b4594100/policy_decisions.csv,151736,fbb7395617fa390f008eb94ef470de1919667655a0876932af71e8e06194e828
factual_v1,1,80c7ba5214e2b4594100/prediction_polling_samples.csv,3355778,0d0b0dc69c3c0c6ffe0dcd985df0f63c1d24f1300b375ee806e14f5d8077f451
factual_v1,1,80c7ba5214e2b4594100/prediction_samples.csv,4180292,bd7c6e0dbff11cfe79adc2ea4a7be924e580b206aa172b1037913800a164f774
factual_v1,1,80c7ba5214e2b4594100/resolved_config.json,7266,e85af23c607a7b96e47623489aa1fadeed7cf866a481695403a305b1d7d86203
factual_v1,1,80c7ba5214e2b4594100/secondary_airtime_events.csv,966155,70f3de3f4a5444e4a4a8bc68697c55ced2d53b10b8e311aa0b42220d99faf76a
factual_v1,1,80c7ba5214e2b4594100/secondary_airtime_settlements.csv,103,108b472c3dfa7747b73e777b97962cc32dee3e1e60f83fc449c20bccb3a03828
factual_v1,1,80c7ba5214e2b4594100/secondary_airtime_summary.json,577,d729d309fb0d48091dcc2bf26fe84db49047f9aa305ef422f832a0408d38eb3c
factual_v1,1,80c7ba5214e2b4594100/stdout.log,190,ae4983358d2d81462e62a77bb0ab6e01b0c2896e01bc21eb5d74d377ce9bc9a5
factual_v1,1,80c7ba5214e2b4594100/summary.json,1599,a7734a6b792b618828108cab4f6e308fac7a68192c7f8e437044f7c493be6e59
factual_v1,1,8ad985887a8d6a391a69/background_flows.csv,3075,7594e7e5ff4547e3c8c130060ff22b5fa7a3bae8bd1cf8faee224fb02f55dd77
factual_v1,1,8ad985887a8d6a391a69/background_rate_periods.csv,328521,3bde22e1907ad4e0204cd8a7796f991e58ef07d502d794a4195f8c5cfdc8fb1b
factual_v1,1,8ad985887a8d6a391a69/build_info.json,301,cc5731067901c4ca037824d6f0f6b8fc72a8466bec47e35c11ac9e5f93493803
factual_v1,1,8ad985887a8d6a391a69/frame_packet_outcomes.csv,166637,44c641abb66f85a731ec5856e331db2c3b794b4a1538a6eb1b78c5d962dfae0d
factual_v1,1,8ad985887a8d6a391a69/frames.csv,283173,a46de82206d9b493e9ed3b0a8c108b8df97aa6c47c3071a5776711f07f2b91a0
factual_v1,1,8ad985887a8d6a391a69/link_intervals.csv,510,6bbb03d910ba6f04a0c4cf873e30e4f46f31319301c2f979231ef3f73c03e8f4
factual_v1,1,8ad985887a8d6a391a69/mac_summary.csv,227,5c2d55f38496b44dca425bf190563977123be5d02422e2ab0c872ebe32bd7924
factual_v1,1,8ad985887a8d6a391a69/mechanism_t2_actions.csv,245426,6cca30ae947e1d044e0985ba117bc925b0d503befe0c3f6339707b0eb178d0cc
factual_v1,1,8ad985887a8d6a391a69/mechanism_t2_snapshots.csv,322045,84bda9cd012837a5e95fe101d0e37b862ba664eb988810d26c4d6b2fc745cb0f
factual_v1,1,8ad985887a8d6a391a69/ofdma_summary.csv,237,81b5e2b4889dd80c26f034428e19b19acc9486f9cf3477b6659f072720046a03
factual_v1,1,8ad985887a8d6a391a69/policy_decisions.csv,178736,005063f4a8229cddc6e8f8d9b96c227e5f5ad70d7ae2c3ee8b45b95f2ea44584
factual_v1,1,8ad985887a8d6a391a69/prediction_polling_samples.csv,2993081,c1e23d8fd011979f0eec3ba6fb41d1df4ec88e02630b81af6423125c298be94c
factual_v1,1,8ad985887a8d6a391a69/prediction_samples.csv,3721101,18d7eaf0b15b40c9168dc255ab86a480109854acf7cd9358f83497c005899bc2
factual_v1,1,8ad985887a8d6a391a69/resolved_config.json,7565,8360e61451af9431030320cd2c3c52ef6ff7d5a2c9f019385167310e164e2cfc
factual_v1,1,8ad985887a8d6a391a69/secondary_airtime_events.csv,373003,47c6e1c8eff329437b6bd8ab0893092b14658e45ee72ee94647e731b92d41166
factual_v1,1,8ad985887a8d6a391a69/secondary_airtime_settlements.csv,113690,4437f580719cfb2047d0365e75ca770e89e0e772fd8c24dc145766791a75caa8
factual_v1,1,8ad985887a8d6a391a69/secondary_airtime_summary.json,596,0feffb73df826fcb180c40193ac416294110b70f80dfcb00927cce3d68b4c202
factual_v1,1,8ad985887a8d6a391a69/stdout.log,188,89b8a5ef08af8219f7164979278774ba2302dfbfc25e3d1248d5301bdcd1e1e8
factual_v1,1,8ad985887a8d6a391a69/summary.json,1912,7a388d0f45345823efa1268d6f52d6af7e55c47bcf5a248d4ed709a075cba17b
factual_v1,1,8c592b4f180b5685fe86/background_flows.csv,3047,1571e702b19b5dbdd0cddbef54d9440b8c0312f9f0b1436355268fc3f2b64f59
factual_v1,1,8c592b4f180b5685fe86/background_rate_periods.csv,323036,e48c5c8b4543d65621579bd56630995232722eaaf529ef3300577a941178eba1
factual_v1,1,8c592b4f180b5685fe86/build_info.json,301,bb8ab3d251201c4132aa4ad9b94f6f32b8418f7bff7ba1bb441387150a0a4ede
factual_v1,1,8c592b4f180b5685fe86/frame_packet_outcomes.csv,162310,dfc6e0b74c4900be0fe39f6a6f0c5426adb6c2e8df2f200e25f02e8bb7fb52e0
factual_v1,1,8c592b4f180b5685fe86/frames.csv,247562,9e1d5e9c92dd35eefb0b87e66d9d297a117eb8c96ec89df8d299eff457339d3c
factual_v1,1,8c592b4f180b5685fe86/link_intervals.csv,458,d60cf598ceca71e3ffc2d1f15a281b8ba097ea482689f8e787eb496ec83dd6b7
factual_v1,1,8c592b4f180b5685fe86/mac_summary.csv,201,b947c51401dfd303f488891985022d4568b0e8b4b1f734e5e6ac7fe00fd622df
factual_v1,1,8c592b4f180b5685fe86/mechanism_t2_actions.csv,144356,0ded23607ad08b62afd28f1e5a97110e8b0303b7c3f69ed8581b8e14f83db75c
factual_v1,1,8c592b4f180b5685fe86/mechanism_t2_snapshots.csv,317621,ef2ab9a075eee2db42ba240c9dd7194ad12794dcbae2e5dd12c645f63cc97718
factual_v1,1,8c592b4f180b5685fe86/ofdma_summary.csv,237,81b5e2b4889dd80c26f034428e19b19acc9486f9cf3477b6659f072720046a03
factual_v1,1,8c592b4f180b5685fe86/policy_decisions.csv,140936,5dc1d6017233631c146082f4449d7cc0950c643c22d755c96fc53581bd82245c
factual_v1,1,8c592b4f180b5685fe86/prediction_polling_samples.csv,2903947,ba73799c48ce7ba5dbec2e2567cee8650f5f3644d2504913505eb4cd5cecbaf6
factual_v1,1,8c592b4f180b5685fe86/prediction_samples.csv,3631523,8ac510114f7e89626151fc035ff80aefeab126a75b7c4ec11110060828020667
factual_v1,1,8c592b4f180b5685fe86/resolved_config.json,6990,bdc5e6e0ff97d978bf8c77aa64df3594c1fd366e2c24dd559350e5b3d3a6ef6e
factual_v1,1,8c592b4f180b5685fe86/stdout.log,176,d187bc78abfdde37d6c1d3b2b7ec04725e3283d61ff45cd12f7a3fb4da707670
factual_v1,1,8c592b4f180b5685fe86/summary.json,1550,a80f6bd09f640c6257a3db300e9510ae1a6ed9954ff27ef2cd056b6985671ee0
factual_v1,1,8dca2d0a4c58dadb3908/background_flows.csv,3075,df6279062812064e513521b5675a77c601940127ea044769c4cc2f0f9da46445
factual_v1,1,8dca2d0a4c58dadb3908/background_rate_periods.csv,328521,e5d6821f93e51fa06114c57e6addfe4d6d88a22ef8fc735706a9f179fd6cee4b
factual_v1,1,8dca2d0a4c58dadb3908/build_info.json,301,cc5731067901c4ca037824d6f0f6b8fc72a8466bec47e35c11ac9e5f93493803
factual_v1,1,8dca2d0a4c58dadb3908/frame_packet_outcomes.csv,159187,4699072759f40e3e01847b7566e3d5ef6aa56851dc9857de3dc1567f09a2e382
factual_v1,1,8dca2d0a4c58dadb3908/frames.csv,245708,3d8f11c2b5fb4416fc1e9e0302b40eb8a26b9cc477925c17a046e4ab30b698ef
factual_v1,1,8dca2d0a4c58dadb3908/link_intervals.csv,460,f4f0b3f56b5618989af4270fb000cec091072ed019ad15ae283d12c2e14e3364
factual_v1,1,8dca2d0a4c58dadb3908/mac_summary.csv,201,f869cabdda8c597b28016c2b1b5ccedaeba0c1267fc52ca22ed67256b500d428
factual_v1,1,8dca2d0a4c58dadb3908/mechanism_t2_actions.csv,144356,b1c389c00d12fa6e887cfa46bb70ed5f54f731e6eb7765dafb016dc76cb8c458
factual_v1,1,8dca2d0a4c58dadb3908/mechanism_t2_snapshots.csv,319967,ca9dedd5bf2872c8133aa322271e53309adec7410a639bff2db5340cd3a34086
factual_v1,1,8dca2d0a4c58dadb3908/ofdma_summary.csv,237,81b5e2b4889dd80c26f034428e19b19acc9486f9cf3477b6659f072720046a03
factual_v1,1,8dca2d0a4c58dadb3908/policy_decisions.csv,140936,d3b773bebfaaa062d56f747d7c1fa618a2c7917c9bf6b58a04e6d95e0144ce8c
factual_v1,1,8dca2d0a4c58dadb3908/prediction_polling_samples.csv,2944280,1c8ecd799e904d0d5a718c4d9172a78130454d2eb5079b338090cef6fb9bbc16
factual_v1,1,8dca2d0a4c58dadb3908/prediction_samples.csv,3663416,6c403b48c0c5c920ba982254747aaaa717616a578ed1422cf05cf9cafb6c6eaa
factual_v1,1,8dca2d0a4c58dadb3908/resolved_config.json,7277,e7a365b431e73f58fca7648749ec5e972abfd1ecf0d46cdc88760097bced8cf0
factual_v1,1,8dca2d0a4c58dadb3908/stdout.log,176,5abacda6a72e8b9a817ccbd4eedf92470182d22c861ef498d1bb8b31bcf35c1b
factual_v1,1,8dca2d0a4c58dadb3908/summary.json,1869,206afa6dfa8482e5fb8d60d15ec2bc1d913fe4af5e8278fc93da1857dd1138a3
factual_v1,1,937c92281947fceef6c5/background_flows.csv,3075,0d78d89c53cab1bbb9c87e140cb45fd61b286099a6f360609ead4ea6843516f9
factual_v1,1,937c92281947fceef6c5/background_rate_periods.csv,328521,8b4426dd5237f507601ab54789e07552fafda2f6b747bdf14f6100f1cb21f6d1
factual_v1,1,937c92281947fceef6c5/build_info.json,301,f445c7ace53c0f0af5d25d1ea3a945d4c9e07fc822190865659261af191a63d3
factual_v1,1,937c92281947fceef6c5/frame_packet_outcomes.csv,169647,5b4638de52aa325c70738e9848530eeaf18a169d2c5ca92e1ca5d2e244f04215
factual_v1,1,937c92281947fceef6c5/frames.csv,273795,c1bcaca3befb9624347810587579af53f6b00f6f3a233900259087e4bd55d07f
factual_v1,1,937c92281947fceef6c5/link_intervals.csv,509,0673fa38f38cc332f6182a2342e58d00e4ca6e2fa7ffe15da8b738a04e516f5e
factual_v1,1,937c92281947fceef6c5/mac_summary.csv,226,3a7e56820c478af39b5240c991a754f1653a73b6bab2f91433cf7a30852267b8
factual_v1,1,937c92281947fceef6c5/mechanism_t2_actions.csv,257895,51edfbbf79c7925c6c333d0e76285e139ffc1e749b82e36f62f1a3492ba2b223
factual_v1,1,937c92281947fceef6c5/mechanism_t2_snapshots.csv,321107,ca4ffa08ad4a22e0c53ff5e8de96ee8070bf30b41a39a13dc0208c5cc4c16073
factual_v1,1,937c92281947fceef6c5/ofdma_summary.csv,237,81b5e2b4889dd80c26f034428e19b19acc9486f9cf3477b6659f072720046a03
factual_v1,1,937c92281947fceef6c5/policy_decisions.csv,189778,8e76824eb18998dfdc802b2e632985f71746a33eeaa7b6f78af37bb38f876cd2
factual_v1,1,937c92281947fceef6c5/prediction_polling_samples.csv,3117914,f32abac06dc6645b3545dd2ef4b4170f3a49beed277652a32c916b35808a5eab
factual_v1,1,937c92281947fceef6c5/prediction_samples.csv,3840908,58dfb04e7df16c56a8bfdf52d7997d218f0caa71286120c1d5e9d501aaf7acc9
factual_v1,1,937c92281947fceef6c5/resolved_config.json,7719,d05136d515dd70d770e92925af4e62c0961815692d63305ee5a65ea7e4ed91a5
factual_v1,1,937c92281947fceef6c5/secondary_airtime_events.csv,116307,37553060f991558495eebffa7f4237cac3b1c150e1156d122ea7d9a68e9d3bed
factual_v1,1,937c92281947fceef6c5/secondary_airtime_settlements.csv,25631,b27d6fbf291acfaf15bf45739cb61a821c7e62d115115d4baba23ca9bcbc498d
factual_v1,1,937c92281947fceef6c5/secondary_airtime_summary.json,604,7786360252a1dc20372b2e01b212c25485709ac4d02b6d7482a61674ade309aa
factual_v1,1,937c92281947fceef6c5/stdout.log,188,b0cc1bc9d417c7ceaaed552156deb15defb45764ed1e83090f17bb4c8c04196c
factual_v1,1,937c92281947fceef6c5/summary.json,1899,68d7884054ab4ecd43079720571e361ccb8a5236f4b60634ec13be063d751085
factual_v1,1,97cbe73b9fe6fdc4bcaa/background_flows.csv,3049,8289eb085bdb581528ec7b2c82340c64ab25460c4aae4139d061b3b800a5bd51
factual_v1,1,97cbe73b9fe6fdc4bcaa/background_rate_periods.csv,322988,62e18e6454ca198cde035e6db17ebfa807526bffd97120f260c02182d412f823
factual_v1,1,97cbe73b9fe6fdc4bcaa/build_info.json,301,cc5731067901c4ca037824d6f0f6b8fc72a8466bec47e35c11ac9e5f93493803
factual_v1,1,97cbe73b9fe6fdc4bcaa/frame_packet_outcomes.csv,153389,af89d5bf135caee215f6610091b3d187f8238fce8abc5ba5f6bf38004067dad4
factual_v1,1,97cbe73b9fe6fdc4bcaa/frames.csv,276076,864f29244c9a5dc8d825a17b318b54a2ab6896220d68a8c0941141a729caad0b
factual_v1,1,97cbe73b9fe6fdc4bcaa/link_intervals.csv,504,2238d37b127194c3adea613f254298a748b4dbf5a5caf49d9e79e141ffb28160
factual_v1,1,97cbe73b9fe6fdc4bcaa/mac_summary.csv,224,56625b4dfa0eea4a1a765bc8c2be814395ca6cd762da285f0e24438a3980010e
factual_v1,1,97cbe73b9fe6fdc4bcaa/mechanism_t2_actions.csv,245426,31a8ec0ef0e100feb64b888ec5f063bf1f5376e01f07852dcdffc97eafbcca17
factual_v1,1,97cbe73b9fe6fdc4bcaa/mechanism_t2_snapshots.csv,324810,45026b90ff36b592df42cc3b84ca3718d31443c90a92b12d5c09b60ddbf70f81
factual_v1,1,97cbe73b9fe6fdc4bcaa/ofdma_summary.csv,237,81b5e2b4889dd80c26f034428e19b19acc9486f9cf3477b6659f072720046a03
factual_v1,1,97cbe73b9fe6fdc4bcaa/policy_decisions.csv,178736,7dad822df70c8276d85438b1fb77fde6f0d52bf4dc5a8b31599d38f69d45c3ce
factual_v1,1,97cbe73b9fe6fdc4bcaa/prediction_polling_samples.csv,2902683,d13c44a5b41b6fbd7edd4742ff9aaf2a5e02080eeef797e1407815df5f5464e9
factual_v1,1,97cbe73b9fe6fdc4bcaa/prediction_samples.csv,3637746,9b62cfbc443715a55dea7cd9f0fa48d5cdc3b709c3c2666dc5851dd8c8534095
factual_v1,1,97cbe73b9fe6fdc4bcaa/resolved_config.json,7297,34cff4010efe1772f5fea52bbc2df9c62817846a4bf80b395ddd9ff90b758801
factual_v1,1,97cbe73b9fe6fdc4bcaa/secondary_airtime_events.csv,460595,63c740a1d7ad8cb59ec8c0e740c1bccbb18fe87813492576e0ced0f7c20e60f0
factual_v1,1,97cbe73b9fe6fdc4bcaa/secondary_airtime_settlements.csv,110862,bdc47a7fe220577f13eb62400ce8140c08236013b5343cd22923e28cc187a655
factual_v1,1,97cbe73b9fe6fdc4bcaa/secondary_airtime_summary.json,599,0ec475211a29a1854466273fafddb48eb08e4d03aa2480f36b4d0200b90f3e22
factual_v1,1,97cbe73b9fe6fdc4bcaa/stdout.log,188,c46613b0cbecb23a4e69941cfc6bca67882a804907686f8f4ada438a83a46857
factual_v1,1,97cbe73b9fe6fdc4bcaa/summary.json,1595,9df9f735469d345eeb35d29e2497c47ec9818bf0899349860544a3bd17a3ebb1
factual_v1,1,9ee5a2c35cdd12848d74/background_flows.csv,3077,7f90e7a8f7e87eff30971eb1d442eb2c7aa0d8abbacef6ab2598291aba5cebbd
factual_v1,1,9ee5a2c35cdd12848d74/background_rate_periods.csv,332375,0a2cf00bd175c3249db148f3a33ab62982cc67dff060c861ea1d573ebb37be2d
factual_v1,1,9ee5a2c35cdd12848d74/build_info.json,301,f445c7ace53c0f0af5d25d1ea3a945d4c9e07fc822190865659261af191a63d3
factual_v1,1,9ee5a2c35cdd12848d74/frame_packet_outcomes.csv,150274,52f0141c69c5e5b6e2feaaec7136a8a1c4b40a39c9110731fe1a79e1fc8b52a9
factual_v1,1,9ee5a2c35cdd12848d74/frames.csv,261908,024928d20c6cb9771373979a2a4e6c96d7919a8d827d43b4d82a3bd00b9242fc
factual_v1,1,9ee5a2c35cdd12848d74/link_intervals.csv,515,4ade8d369679320f3bcc5184f95c0078abc370f768231f6d1b0c6a250bdee37f
factual_v1,1,9ee5a2c35cdd12848d74/mac_summary.csv,230,1c3d50ab2100b2127171729a1b35530ae4957efa9ce6d029d910036695c92606
factual_v1,1,9ee5a2c35cdd12848d74/mechanism_t2_actions.csv,283960,44f813e45dcd2d612870eee4bbdd3c195596fc95ff2d842f79359df91ce7a467
factual_v1,1,9ee5a2c35cdd12848d74/mechanism_t2_snapshots.csv,338626,3ebbee6c9eaa944de65a863a26d922bca20e987de818464bf8129be3e8c0d408
factual_v1,1,9ee5a2c35cdd12848d74/ofdma_summary.csv,237,81b5e2b4889dd80c26f034428e19b19acc9486f9cf3477b6659f072720046a03
factual_v1,1,9ee5a2c35cdd12848d74/policy_decisions.csv,198570,f79bbce37150ad814a30f0cebfb78f69498613b46e3d04754126e28e4fa92053
factual_v1,1,9ee5a2c35cdd12848d74/prediction_polling_samples.csv,3212573,26aaf9724ed35b4df4ab536a3a8e55358f8bdb2e3e07775cb8abfcd6fd4fa40d
factual_v1,1,9ee5a2c35cdd12848d74/prediction_samples.csv,3950296,061d7cc4f21ff13a342d4d4a32102f6504dcd7fcdecba4b5a8fecbec830d882b
factual_v1,1,9ee5a2c35cdd12848d74/resolved_config.json,7714,b4f87e593e4933713f4cdc542c05b7475630b86946985e0d883179d52fec13b8
factual_v1,1,9ee5a2c35cdd12848d74/secondary_airtime_events.csv,411726,5596389d0a325467636af939b9d6cf671faa28b219752d2a54ba2da1bff38488
factual_v1,1,9ee5a2c35cdd12848d74/secondary_airtime_settlements.csv,68976,86550e2cdea2f39945026914b4b0c2eda329f904375bf839984eb8a4bef007b7
factual_v1,1,9ee5a2c35cdd12848d74/secondary_airtime_summary.json,603,35b9afd0cbf5e25d5d547c0ba8313e24771598b77470434d96e4c83018586be4
factual_v1,1,9ee5a2c35cdd12848d74/stdout.log,190,7818a7500494aaae02570151c3b7df5bbd6757eb36e3c54753930e7dc7ea8fab
factual_v1,1,9ee5a2c35cdd12848d74/summary.json,1907,2354f31c8a17ac12c3feca33d0ca0d20e1ccbcc72c3e00f1d2ff4de1808587b9
factual_v1,1,DESCRIPTION.rst,4150,bfa437d35fc033885441974daf8c2d332e4bdfb89cd3eea07dbdb2dc17e9e5c4
factual_v1,1,a4f8f0992bdf667a45f0/background_flows.csv,3105,fc01a88589b1ffdbda42f0e3a9564a8efbe815187056b1a35f5fc061773e23d0
factual_v1,1,a4f8f0992bdf667a45f0/background_rate_periods.csv,322298,a3c3e743a198de65c9454f6f37e0dafa62b711a23271e664c65a617896bee432
factual_v1,1,a4f8f0992bdf667a45f0/build_info.json,301,bb8ab3d251201c4132aa4ad9b94f6f32b8418f7bff7ba1bb441387150a0a4ede
factual_v1,1,a4f8f0992bdf667a45f0/frame_packet_outcomes.csv,117539,c1432eeb27753b4fa341f755cc316306b97626fc930cd577a889a765f1dc76b8
factual_v1,1,a4f8f0992bdf667a45f0/frames.csv,222056,0c0ce3890a7bb3ea16e208112ff04e764b5a45f30e345a6b7d2ca509fb797941
factual_v1,1,a4f8f0992bdf667a45f0/link_intervals.csv,459,0c2d9a9d835e66563e5f6386a0f54b7dd1f7173ea1f556c887718c9cb50c601b
factual_v1,1,a4f8f0992bdf667a45f0/mac_summary.csv,201,2cef8ded7d4d60e473413254b7e3c3a4dd47ef26873aef02d287668bf2c5975a
factual_v1,1,a4f8f0992bdf667a45f0/mechanism_t2_actions.csv,144356,19d9b87f6d703f9fb82e0434c776e88869ff7e98e2164efc5da71a0450b499f5
factual_v1,1,a4f8f0992bdf667a45f0/mechanism_t2_snapshots.csv,339523,4aca5befc9afdb368eafc1964e56d76c5c664c19fe58c50f82f3208237ca9f7a
factual_v1,1,a4f8f0992bdf667a45f0/ofdma_summary.csv,237,81b5e2b4889dd80c26f034428e19b19acc9486f9cf3477b6659f072720046a03
factual_v1,1,a4f8f0992bdf667a45f0/policy_decisions.csv,140936,de0447303c8bf54518fa88b3687cae550c143fbc51fe271a8d2b27a1af6b65dc
factual_v1,1,a4f8f0992bdf667a45f0/prediction_polling_samples.csv,2946252,4037c9712bfdb6095b41bd195c7e70f680e3d008733dd5504df94815e4dd2dff
factual_v1,1,a4f8f0992bdf667a45f0/prediction_samples.csv,3664270,29348fc6d2fdc9ddd1ffb8f069c2b22fa21585bcf6a8d1358572299dfd0f58c7
factual_v1,1,a4f8f0992bdf667a45f0/resolved_config.json,7015,aba24ef0e1ed2ba965f3c0f9b0ed90992c745e188c806d03c082d1426c2b60d1
factual_v1,1,a4f8f0992bdf667a45f0/stdout.log,176,06b274bbb0579c4feb075083ebb1263fd78b964684b2a05ac0be8182db14ffc6
factual_v1,1,a4f8f0992bdf667a45f0/summary.json,1556,f1af90b30c28873246ae04c145aab301829535241ad4bbdc6bbc900561617b99
factual_v1,1,a9cdc283c9b21ebbf781/background_flows.csv,3067,fd6a06d65c67df2d1d86299326ce73c6d3bb56ae9405feeb1631af4b857d90f6
factual_v1,1,a9cdc283c9b21ebbf781/background_rate_periods.csv,359393,c2496034cd96460aa81874e9e23bf972c8143ff897a64c8b0345c1939687a1d6
factual_v1,1,a9cdc283c9b21ebbf781/build_info.json,301,cc5731067901c4ca037824d6f0f6b8fc72a8466bec47e35c11ac9e5f93493803
factual_v1,1,a9cdc283c9b21ebbf781/frame_packet_outcomes.csv,248382,0b85de6259bbc72439aa560582c342c80484d79cbf7fb4bf7e14a0baa3e0c899
factual_v1,1,a9cdc283c9b21ebbf781/frames.csv,270893,c07d8ae9660486d6f794b54c1f01ff52c86367addae3ad7c00bd669bf3455c30
factual_v1,1,a9cdc283c9b21ebbf781/link_intervals.csv,507,bc80ebf5d0c8b2acc60a242ddb611d2828db70a6c96c8c124ccfcc3e57d1cacd
factual_v1,1,a9cdc283c9b21ebbf781/mac_summary.csv,222,95953c1ba2533d47f976a37696bdb5cd45a22b7bc1aa4b897f2a8d9792e5ad4f
factual_v1,1,a9cdc283c9b21ebbf781/mechanism_t2_actions.csv,144356,eafbc67b323555d97ca103d03bb24724d88b62c8387e6eb456665856d8bc9658
factual_v1,1,a9cdc283c9b21ebbf781/mechanism_t2_snapshots.csv,335717,cf65a1aed12af278e76163f63584b988a6df0ab786250c38b80cf4324e279aef
factual_v1,1,a9cdc283c9b21ebbf781/ofdma_summary.csv,237,81b5e2b4889dd80c26f034428e19b19acc9486f9cf3477b6659f072720046a03
factual_v1,1,a9cdc283c9b21ebbf781/policy_decisions.csv,151736,72528cde28622d1db8c75640dcd08d8e326c29b85f8b5edf66586da5687ffd90
factual_v1,1,a9cdc283c9b21ebbf781/prediction_polling_samples.csv,3178086,ad0509f75456ce1d5a0b6f674be9fd65d4e4189c9b8c3910558e5631314a314f
factual_v1,1,a9cdc283c9b21ebbf781/prediction_samples.csv,4000999,f29b60b8d9e41a1e26aaf583a82ed157a09c239fca7ceed205681d449ca78202
factual_v1,1,a9cdc283c9b21ebbf781/resolved_config.json,7559,47c1dcfe37c561459af241617fd1e8eb0639e2c9edb1b389f951dbf9c3619ddf
factual_v1,1,a9cdc283c9b21ebbf781/secondary_airtime_events.csv,309225,bc7a16ca440ee3e6e9f945235ee7a30a6994a16df9d11f3d04a3ab1fb2b19f4a
factual_v1,1,a9cdc283c9b21ebbf781/secondary_airtime_settlements.csv,103,108b472c3dfa7747b73e777b97962cc32dee3e1e60f83fc449c20bccb3a03828
factual_v1,1,a9cdc283c9b21ebbf781/secondary_airtime_summary.json,575,0114faac5437f1a164c637a0aa873f21bbd71a36fff1d6959869a27ae768a31e
factual_v1,1,a9cdc283c9b21ebbf781/stdout.log,190,1dddc496fb49a98c29ad981fa26bf2cc2a70fd8e6832b2d0809e3e38921db1e3
factual_v1,1,a9cdc283c9b21ebbf781/summary.json,1884,e04b153b79f46fb45fa8f9b61dcb1f4d05347a74b42394f6d7996d9a161fe6ab
factual_v1,1,aa77ac8fdc446cff675f/background_flows.csv,3096,65a5c5cf6ca682155c1dcaf7585459b49be1c815cd15156b865f03ee51d5b491
factual_v1,1,aa77ac8fdc446cff675f/background_rate_periods.csv,324392,fadace86628f167b0fc6349dacc81d7df642694173cfafeb48e107b6e7813e6e
factual_v1,1,aa77ac8fdc446cff675f/build_info.json,301,bb8ab3d251201c4132aa4ad9b94f6f32b8418f7bff7ba1bb441387150a0a4ede
factual_v1,1,aa77ac8fdc446cff675f/frame_packet_outcomes.csv,150731,a8d6826a7570ef5186f12e264e65dd0c4d46726edef1e799401a63e829012436
factual_v1,1,aa77ac8fdc446cff675f/frames.csv,240823,e9e5557c635eec204d8e2c2a213a858115fb5ab33e8317faf3daaa2c97838f28
factual_v1,1,aa77ac8fdc446cff675f/link_intervals.csv,462,5ebcafcb50eeb1058d7c8cbcebbf4d3b389d8ac706ad572a6e80695b8354c619
factual_v1,1,aa77ac8fdc446cff675f/mac_summary.csv,204,be58dd8f2e853466b1b42dbf8ba679f4852dbb4668629c61b8688e160befd4c6
factual_v1,1,aa77ac8fdc446cff675f/mechanism_t2_actions.csv,144356,d1220c1e7a26d5c13116302498783f50141d7480a7d5e06921e54e4d50016086
factual_v1,1,aa77ac8fdc446cff675f/mechanism_t2_snapshots.csv,314435,6af1e0eb7e42673eb0f7f407e0962586b5905591ce6f71b315f92f53ef5c0461
factual_v1,1,aa77ac8fdc446cff675f/ofdma_summary.csv,237,81b5e2b4889dd80c26f034428e19b19acc9486f9cf3477b6659f072720046a03
factual_v1,1,aa77ac8fdc446cff675f/policy_decisions.csv,140936,a917dd2f797e6a2038f73d6362e0a059e19a9a7decf315583c858b093aee7548
factual_v1,1,aa77ac8fdc446cff675f/prediction_polling_samples.csv,2992613,6d9a131659cd6336a0832f4bff3df453a27efd353189685e150ec8add9f3ccaa
factual_v1,1,aa77ac8fdc446cff675f/prediction_samples.csv,3728550,3e60e704f5b461a01d1e0b6893cb88ebc543080a99b4a32734115e9d51663663
factual_v1,1,aa77ac8fdc446cff675f/resolved_config.json,6999,31f1b171dcccdf5341b28bf0a270ba84307bfcacfc3285445be4923ae1c3cca2
factual_v1,1,aa77ac8fdc446cff675f/stdout.log,176,21d775d43f1f45e4f32df91bca4dfcd80acb15ea49d3b49064a81a05edf80ac6
factual_v1,1,aa77ac8fdc446cff675f/summary.json,1526,ef45350d2ea3dad4e5102f208f6cdf48f69f30455dbd56bc075c6df987444626
factual_v1,1,attempt_recovery.json,3303,a8287d97e9682ce6d06be2c8483fe9d8af5fab6221b26fe97924c47c1288ea17
factual_v1,1,b0cca6688a84f4eed8f1/background_flows.csv,3043,c5198c637df24c5afaefecdb0a6b4ee6d95cf2732bbe91b3956e7838a628bebd
factual_v1,1,b0cca6688a84f4eed8f1/background_rate_periods.csv,186258,6bee24381099e0c1ad2148cbbbaf6bf6eba831b0e382f8ab08b2641b8b3036a1
factual_v1,1,b0cca6688a84f4eed8f1/build_info.json,301,cc5731067901c4ca037824d6f0f6b8fc72a8466bec47e35c11ac9e5f93493803
factual_v1,1,b0cca6688a84f4eed8f1/frame_packet_outcomes.csv,127442,875ecda8b64464458f5b712165308d2bf36afea0bab94b460605a7e08f3f4965
factual_v1,1,b0cca6688a84f4eed8f1/frames.csv,228728,dbf2c584f542b3fa80ebd969174d39b155c7bf9ef29baf85c95124d62be81532
factual_v1,1,b0cca6688a84f4eed8f1/link_intervals.csv,461,be8fe43512dee03804018f908644fe0302e43a2e2180481e6a15ebcf83fcfe2c
factual_v1,1,b0cca6688a84f4eed8f1/mac_summary.csv,202,ddea57112f9a6f9cd443945d745f0ef8c5515d7d803bf13ba85fa0b7dcc09f4d
factual_v1,1,b0cca6688a84f4eed8f1/mechanism_t2_actions.csv,144356,9f5be5ef38f9cba3c45a36c0ce5dfc2cf46c55b946ceae0f22ee33299d1fc0c6
factual_v1,1,b0cca6688a84f4eed8f1/mechanism_t2_snapshots.csv,326821,9769a42f9ccb93c48743a40a4bdd7c4adf71f244dd43ffbf81f6fba26f0abba1
factual_v1,1,b0cca6688a84f4eed8f1/ofdma_summary.csv,237,81b5e2b4889dd80c26f034428e19b19acc9486f9cf3477b6659f072720046a03
factual_v1,1,b0cca6688a84f4eed8f1/policy_decisions.csv,140936,e811060cbd130dca2aefcd77720f8b18298e8ca0f0365422e443c87db858d5f7
factual_v1,1,b0cca6688a84f4eed8f1/prediction_polling_samples.csv,3036006,b63b32bbb90c44add7e6d1f691ca1864171d813250b2dd3b38415eaa7c9d8cc5
factual_v1,1,b0cca6688a84f4eed8f1/prediction_samples.csv,3763398,7bb719ec0302eebd6081e28cbd798dbc22dee265d2c007f7d5b03599c182f4e0
factual_v1,1,b0cca6688a84f4eed8f1/resolved_config.json,7009,c4a861f559cc1ffd93c99d2bfe8d3bac9c0f75bd273082cc7c24c3ea4c69f647
factual_v1,1,b0cca6688a84f4eed8f1/stdout.log,176,b8c426c242d9c12ad67b68e46c9c63e6ab58fdb2be198317e4818900370dc209
factual_v1,1,b0cca6688a84f4eed8f1/summary.json,1558,068b15440d879318a80b2f2a88cde012d1b8d3db6bd66b7a6d2ace7d5accf259
factual_v1,1,b369405eead6ee8029f6/background_flows.csv,3105,b67f0cb7d1c1ac380251f07af96d8f21468197cc6af7448439d8a2bd30d11589
factual_v1,1,b369405eead6ee8029f6/background_rate_periods.csv,324392,f73a1629aba3773db6e85d676e28b657729c14798f21dd8584d99a5cc45771cd
factual_v1,1,b369405eead6ee8029f6/build_info.json,301,cc5731067901c4ca037824d6f0f6b8fc72a8466bec47e35c11ac9e5f93493803
factual_v1,1,b369405eead6ee8029f6/frames.csv,218393,d0365c63ff58f135f0908bd1ecfe135ed647b9182ba8315a093720dc287cc99a
factual_v1,1,b369405eead6ee8029f6/link_intervals.csv,490,02087eef705431574867fb98fd6500bfcda53788bc4522f7e81e46e4f5c9e007
factual_v1,1,b369405eead6ee8029f6/mac_summary.csv,227,06ea7778d588db0a539610167c14364fb3d25f7cebb5302272a0a50b04cabf13
factual_v1,1,b369405eead6ee8029f6/ofdma_summary.csv,237,81b5e2b4889dd80c26f034428e19b19acc9486f9cf3477b6659f072720046a03
factual_v1,1,b369405eead6ee8029f6/policy_decisions.csv,140936,3f240f46c4e322a400df3849a26ec87d8dfcfda2e6cba8d6ad950f184c9e5df5
factual_v1,1,b369405eead6ee8029f6/resolved_config.json,6548,5b1a27e58287fbe2a43683836b99052e36c7e34550bd8672e784b37424cf5bbc
factual_v1,1,b369405eead6ee8029f6/stdout.log,176,1fb20897b4bec5ca7c784e39a07d4a09912a503e30b1bd95b197d7195d94a1d5
factual_v1,1,b369405eead6ee8029f6/summary.json,1557,0813083029d190044d461607f4c533713e4fc9aa996669ec3c8b1cef99afb517
factual_v1,1,c069f9453eb7c1faa5a2/background_flows.csv,3077,5bdeb81a002ac6d11f7bb03965b743cfac50cc796de49ea7c6d4b121a469e5de
factual_v1,1,c069f9453eb7c1faa5a2/background_rate_periods.csv,332375,a6787a091276b89856b0bca8d5680928da415595ff12d74c69a5027ba06bb745
factual_v1,1,c069f9453eb7c1faa5a2/build_info.json,301,cc5731067901c4ca037824d6f0f6b8fc72a8466bec47e35c11ac9e5f93493803
factual_v1,1,c069f9453eb7c1faa5a2/frames.csv,236220,32c82d75e85aa522be64ad9d1fc5696e0ba83d40e0aba66a0bc21728d115feb3
factual_v1,1,c069f9453eb7c1faa5a2/link_intervals.csv,492,58889f67af5aebcbf6654e962ab2f1cbd1898c69c2d6ea496553430e1761baf8
factual_v1,1,c069f9453eb7c1faa5a2/mac_summary.csv,228,95e96648772ad03398df20d0d0c5bfbe0851bc58feb71e646c3df41b6dd01a00
factual_v1,1,c069f9453eb7c1faa5a2/ofdma_summary.csv,237,81b5e2b4889dd80c26f034428e19b19acc9486f9cf3477b6659f072720046a03
factual_v1,1,c069f9453eb7c1faa5a2/policy_decisions.csv,140936,7e80388ddbbd05915a10d0bf046448c7ccc62f28caf20a43b4ea336378b1a275
factual_v1,1,c069f9453eb7c1faa5a2/resolved_config.json,6836,c4a108fe14d34731c3a8c633121f08979a426ebf4afbbad31b919ab5d757e184
factual_v1,1,c069f9453eb7c1faa5a2/stdout.log,176,ea2305db39333f0b2593ec0fe386e8b102678c326db1c07d093bbbdefb348a5f
factual_v1,1,c069f9453eb7c1faa5a2/summary.json,1871,1243f50579d03ed395b32192105aac486c44b5e7087f6ecb7d70bfcbb19fa038
factual_v1,1,c211e6b81cd71553211b/background_flows.csv,3075,ded98a5432b3e8ddbc8cc1885babb2b8f493726b87c9de3b11a8bd573f6cd946
factual_v1,1,c211e6b81cd71553211b/background_rate_periods.csv,328521,fb2421d710e542f3c55b7516b1129c36f23c784832c6d2768cdb46d5b43ad2db
factual_v1,1,c211e6b81cd71553211b/build_info.json,301,cc5731067901c4ca037824d6f0f6b8fc72a8466bec47e35c11ac9e5f93493803
factual_v1,1,c211e6b81cd71553211b/frame_packet_outcomes.csv,210625,ef345cf1d7e609302230332e03e76142392c8b8d4fa1c20b351c192907c0cd14
factual_v1,1,c211e6b81cd71553211b/frames.csv,266029,37bb08c95da36b3395a099b989bbab8d14ae540afe9a55dcb4d4ea9fa8f2eb91
factual_v1,1,c211e6b81cd71553211b/link_intervals.csv,515,50d28d88f686082eb7771fbc626abddde7bb0cadce5bac7a331fcafb046d25d1
factual_v1,1,c211e6b81cd71553211b/mac_summary.csv,229,2b522f40aa62605bc4673d9a06847d4b9c5a3bd359a677f5d7c66d347a3a1ee1
factual_v1,1,c211e6b81cd71553211b/mechanism_t2_actions.csv,144356,4110981f77d8a642f30f608600a41819fca52791e2ea79abcdcc989538d607ca
factual_v1,1,c211e6b81cd71553211b/mechanism_t2_snapshots.csv,335653,2a5892b27371d2b47dfd0dd08d76042d86c7961c782352cb9d9940fc8cf3db23
factual_v1,1,c211e6b81cd71553211b/ofdma_summary.csv,237,81b5e2b4889dd80c26f034428e19b19acc9486f9cf3477b6659f072720046a03
factual_v1,1,c211e6b81cd71553211b/policy_decisions.csv,151736,6cc0b184694174187dd01f756391c981020b563297180e488788a437f756412d
factual_v1,1,c211e6b81cd71553211b/prediction_polling_samples.csv,3219023,bf8e17619a59d49050e3976ed2440bc452cf5c8eec570258f46f2351db682173
factual_v1,1,c211e6b81cd71553211b/prediction_samples.csv,4039058,55113d255a284595073cb6a69a4fa1b899319ace6e8fdbde3f7af781b8f8c1c9
factual_v1,1,c211e6b81cd71553211b/resolved_config.json,7534,ed65580aa9eacf055d6c45e41617c11467c8cf456ec05e6d4662359fcc667187
factual_v1,1,c211e6b81cd71553211b/secondary_airtime_events.csv,480618,0d2757f9ee7690f94b6ea91030f538daba65eaf7ec540b56e85eb62b7bb506bb
factual_v1,1,c211e6b81cd71553211b/secondary_airtime_settlements.csv,103,108b472c3dfa7747b73e777b97962cc32dee3e1e60f83fc449c20bccb3a03828
factual_v1,1,c211e6b81cd71553211b/secondary_airtime_summary.json,578,ce3110aed7cd7dfee677f981f2cae4e690b411d9c459b5c4e723322ddf6e44f9
factual_v1,1,c211e6b81cd71553211b/stdout.log,190,35690636a366ed008940ec243a389b570c5d916ac53b9d58309f0837b32043b9
factual_v1,1,c211e6b81cd71553211b/summary.json,1913,1c340752a88c71d563642ada7b23b51e957e493f0a94c99f87a8316762547720
factual_v1,1,cf8698a3e008ddd309f2/background_flows.csv,3105,256035550f48a1864b0d06460c9c1331b89976d117c54fcbf981749cab81e0e5
factual_v1,1,cf8698a3e008ddd309f2/background_rate_periods.csv,322298,a02a3724686b8bc8e081e8d5904ada494fb015200e8c4c4b7d28c2d40af67d2b
factual_v1,1,cf8698a3e008ddd309f2/build_info.json,301,f445c7ace53c0f0af5d25d1ea3a945d4c9e07fc822190865659261af191a63d3
factual_v1,1,cf8698a3e008ddd309f2/frame_packet_outcomes.csv,122940,2e4bc16fdb031f6a36535643c77b966655a288e80691f017e0a0edcf9160fe86
factual_v1,1,cf8698a3e008ddd309f2/frames.csv,250195,47b7562899008416c0b07f1a881469a89e725ee8080c4562693ef87060734978
factual_v1,1,cf8698a3e008ddd309f2/link_intervals.csv,515,28a09c083cdbeeec6b8b76c6946222a7bad470f6422be7ce25e9952b78edabd8
factual_v1,1,cf8698a3e008ddd309f2/mac_summary.csv,231,afa892a85dd22ab7d18e53703d69a59ced5b959e910e889f09df8303c35f4c13
factual_v1,1,cf8698a3e008ddd309f2/mechanism_t2_actions.csv,301249,bbed0ba328a9618fa41cbad4c1d3bdf24ca2b3d3c0097851b26132d0bca4bf17
factual_v1,1,cf8698a3e008ddd309f2/mechanism_t2_snapshots.csv,355833,1e2094d70bd90d2a3fc43f7da2e8ddee13a0bcb815f09d1da38281fb397c6ad8
factual_v1,1,cf8698a3e008ddd309f2/ofdma_summary.csv,237,81b5e2b4889dd80c26f034428e19b19acc9486f9cf3477b6659f072720046a03
factual_v1,1,cf8698a3e008ddd309f2/policy_decisions.csv,204198,7ec0b0cdac8d23ae8d94738370fa0f78251f57b82721210cb4b12e222ec5e0dd
factual_v1,1,cf8698a3e008ddd309f2/prediction_polling_samples.csv,3186221,2f5363d095b7f8d09b02b666bae772e61f9a84f06cad5ed3392c24c3164b94a4
factual_v1,1,cf8698a3e008ddd309f2/prediction_samples.csv,3968359,ef9f05b4908d6d962de78099114e2202f51b57283e3989c7df9a382976097336
factual_v1,1,cf8698a3e008ddd309f2/resolved_config.json,7457,c6f540bb425e6e1089e262a5dc96ea94be320c1e13f1d00024c82dd707f59692
factual_v1,1,cf8698a3e008ddd309f2/secondary_airtime_events.csv,381503,1c88e9940e6706a16ef08139118f66d05de3e258ccb9c48aa45b3013657bbedc
factual_v1,1,cf8698a3e008ddd309f2/secondary_airtime_settlements.csv,100551,29f27613f725219984e8658b49609728c5b4a7b51926ce90b52166f3c07ed0c1
factual_v1,1,cf8698a3e008ddd309f2/secondary_airtime_summary.json,602,9d4e64a383c67a4b39153f20a4dfdb6a05f026901dcb3a39cabf9c2ec84af8c7
factual_v1,1,cf8698a3e008ddd309f2/stdout.log,190,f3a38d8f8e0f0630ad834e521ebc6f8f4f0e32a58028d9d34d97fd5c908b28db
factual_v1,1,cf8698a3e008ddd309f2/summary.json,1593,d3828ff81d65dac13589043497d0507884642651f5902fc1ebf8422e628df974
factual_v1,1,d02ab6d2399ee81d074d/background_flows.csv,3047,02106f9f455ff7863295bc299ea7ae618f221328c22bd8576acb4be5c5993346
factual_v1,1,d02ab6d2399ee81d074d/background_rate_periods.csv,323036,18e740e63410a14be46d8bbdd8b68c9126289e6d2deea112f85d6a84fbb952c2
factual_v1,1,d02ab6d2399ee81d074d/build_info.json,301,bb8ab3d251201c4132aa4ad9b94f6f32b8418f7bff7ba1bb441387150a0a4ede
factual_v1,1,d02ab6d2399ee81d074d/frames.csv,250103,4e5b70bf30590296bbca81bf5ef9b27e3e3a0872b7b69839ac8e2d7c4dd37a72
factual_v1,1,d02ab6d2399ee81d074d/link_intervals.csv,485,772e4978cd4cd707d0a56263043893e88cefddf22802085cfd2179141da65db3
factual_v1,1,d02ab6d2399ee81d074d/mac_summary.csv,223,4b75c5b65067d7f2c1f6d3fa0a5497b212c65bb38a535e073b9551358bc98efe
factual_v1,1,d02ab6d2399ee81d074d/ofdma_summary.csv,237,81b5e2b4889dd80c26f034428e19b19acc9486f9cf3477b6659f072720046a03
factual_v1,1,d02ab6d2399ee81d074d/policy_decisions.csv,140936,c319089d6c35e9032b1a72a7265798426ab341f98e72d587740d4e6644fffde9
factual_v1,1,d02ab6d2399ee81d074d/resolved_config.json,6539,4df99b2b8c337bef7eb6f2569e30a85327637614e1aa0a3dc613351e5e94a78f
factual_v1,1,d02ab6d2399ee81d074d/stdout.log,176,27f5f7ddcc09ec275d8ab32ce10c533f09f613d79cebcebf6b7b5a1cf72215de
factual_v1,1,d02ab6d2399ee81d074d/summary.json,1542,bd783a6fae6f66e2614264a5ad4977990d71e4d4100c07245e90ad90df75975c
factual_v1,1,d1c50c857d4c52df9953/background_flows.csv,3049,13995ae74c26717622e5fc13c750bc49ade20b6b2805f4989a71cb66a165af8c
factual_v1,1,d1c50c857d4c52df9953/background_rate_periods.csv,322988,9107a19391460aa567350c147a4d5ed2503a2dc9623c2d9625fb62b9bbab798d
factual_v1,1,d1c50c857d4c52df9953/build_info.json,301,bb8ab3d251201c4132aa4ad9b94f6f32b8418f7bff7ba1bb441387150a0a4ede
factual_v1,1,d1c50c857d4c52df9953/frame_packet_outcomes.csv,214227,07de4c4064fb1cf6f6a52aca00669fb21e2f62c3f2b526b7524cf525523b3c7c
factual_v1,1,d1c50c857d4c52df9953/frames.csv,266955,e722ef0d7275813091b1f7c8f0b0712b91895019bdcd0013e406115338bce588
factual_v1,1,d1c50c857d4c52df9953/link_intervals.csv,509,c92e7d82b595e44729438d352f1037bbb35f58ce7c9b25da9ca599e05ec8abde
factual_v1,1,d1c50c857d4c52df9953/mac_summary.csv,226,43ea63f85b886bdfc5bb6f63ae63970390546feddc2f1d1b2e049f803a3de7e5
factual_v1,1,d1c50c857d4c52df9953/mechanism_t2_actions.csv,144356,1158c963c4eedac83c07436c15fe2eb2c7988f2791810c52a6049388c6504780
factual_v1,1,d1c50c857d4c52df9953/mechanism_t2_snapshots.csv,335498,04b16fef902d3223351aca7431983c02d994ab48b87bea3e510478e6c648df3e
factual_v1,1,d1c50c857d4c52df9953/ofdma_summary.csv,237,81b5e2b4889dd80c26f034428e19b19acc9486f9cf3477b6659f072720046a03
factual_v1,1,d1c50c857d4c52df9953/policy_decisions.csv,151736,e779c8e92d1075a4295431ee1625f8068e97d58e6666fda056fcf0fcbac1b9e5
factual_v1,1,d1c50c857d4c52df9953/prediction_polling_samples.csv,3147544,df1a9eabcaed44789992734939f769d2851258cb7b03fa2511998af5f1dc479e
factual_v1,1,d1c50c857d4c52df9953/prediction_samples.csv,4028606,3c32d3ac9b3c12f02684213aadf7fda62088b23b553bab43b2499105b2dbac2e
factual_v1,1,d1c50c857d4c52df9953/resolved_config.json,7266,d4be2d83ad01170d86a6696ed082149c29f7513384d0729b4392b17331437656
factual_v1,1,d1c50c857d4c52df9953/secondary_airtime_events.csv,860564,e983c93afc81f810b1446c7e915305b6285e455683f1e494fd848476683ed323
factual_v1,1,d1c50c857d4c52df9953/secondary_airtime_settlements.csv,103,108b472c3dfa7747b73e777b97962cc32dee3e1e60f83fc449c20bccb3a03828
factual_v1,1,d1c50c857d4c52df9953/secondary_airtime_summary.json,579,5a2dae70574826f2ea4b596ccff0dc853039f6a8ab4d960b808a37a4ed7f2171
factual_v1,1,d1c50c857d4c52df9953/stdout.log,190,395bcd9e3d1d1c1e1a5c989504abf987f5d224f209ea8f81559f7078c140c4d2
factual_v1,1,d1c50c857d4c52df9953/summary.json,1602,8e566344a49c76a9a62236403eda881fec797cfa223b61d5a5f30682e8dcea45
factual_v1,1,d2109e671d08399157f6/background_flows.csv,3096,61a48d9939312c72921a6e08c84b1ac7a6e235c129fceba2013ce7c2aa7fd926
factual_v1,1,d2109e671d08399157f6/background_rate_periods.csv,324392,c34940b45c1b78632085cf1f574e9c4860fd84d77d5872fe31aea3678baf9795
factual_v1,1,d2109e671d08399157f6/build_info.json,301,bb8ab3d251201c4132aa4ad9b94f6f32b8418f7bff7ba1bb441387150a0a4ede
factual_v1,1,d2109e671d08399157f6/frame_packet_outcomes.csv,154821,633c607ec4d70ec05a290d21d6e4f9aa25be9e8cbb5b868cfd4d669bf63f3ef5
factual_v1,1,d2109e671d08399157f6/frames.csv,272716,6d2bbfb9921bc024e1ac83870c9fb307eabf82acfcce2d258ee4ed1c9e250518
factual_v1,1,d2109e671d08399157f6/link_intervals.csv,515,4aeaa0bc36959222d436495f367fcb9e6001416b8bdee88121c6c1dc7ea50e1a
factual_v1,1,d2109e671d08399157f6/mac_summary.csv,233,b54afe4034307165ed883c31f273ef8b8575972da8f60f8f36e7a0b2120f532a
factual_v1,1,d2109e671d08399157f6/mechanism_t2_actions.csv,245426,469c30b529e94d0b9abb7f59f44b92185abf1f85db9517e9af7a6a746fec7dc8
factual_v1,1,d2109e671d08399157f6/mechanism_t2_snapshots.csv,322135,84a9ff35cdc93bbc57a3f1aca428e19d50974ba6317abf4d1ad8a129e64050f9
factual_v1,1,d2109e671d08399157f6/ofdma_summary.csv,237,81b5e2b4889dd80c26f034428e19b19acc9486f9cf3477b6659f072720046a03
factual_v1,1,d2109e671d08399157f6/policy_decisions.csv,178736,11849db42929f10a5b66eb97b72e925e94c6a405221b21dc584bc9d1a6fa6721
factual_v1,1,d2109e671d08399157f6/prediction_polling_samples.csv,3031453,959565da54933108f2f8d1768b646bde26dd70d72f7d87770217611e826257e5
factual_v1,1,d2109e671d08399157f6/prediction_samples.csv,3804986,a5178ccb45758de38175c44144d46b1b65c7be2ac6878a6df84799a17b68780f
factual_v1,1,d2109e671d08399157f6/resolved_config.json,7287,2dade5dcbaa847f9410a46cdc883131a4f47696047764f84b73fabc32181c3ef
factual_v1,1,d2109e671d08399157f6/secondary_airtime_events.csv,324144,4955da14bb6560bdb04e9751ec01536d85f9befbb5876b1acfb0c8c58a150fd3
factual_v1,1,d2109e671d08399157f6/secondary_airtime_settlements.csv,120971,401aebc0832d6e6d5a819fa8a605938727fa1d0ee1e96cdc1ef6165ee8cecf95
factual_v1,1,d2109e671d08399157f6/secondary_airtime_summary.json,605,2d1e50b700c8f6923c306695018c12dec0baf49a904284c98f11eda217c4fe8e
factual_v1,1,d2109e671d08399157f6/stdout.log,188,b70992609443295e55cbddfd797643cefd338f617c994b21aaa6e62e4856d8bf
factual_v1,1,d2109e671d08399157f6/summary.json,1605,961b62271906c6eaf07908829b1020d328c88b92b06f163a1b39a6d2443705ce
factual_v1,1,d2dc10a4ab60b4dd8010/background_flows.csv,3043,83ed50a2bc21dfe6b60049ad2f1dd932ee18daac30d190358c513cea1a19d252
factual_v1,1,d2dc10a4ab60b4dd8010/background_rate_periods.csv,186258,7033a9e6ee2a239079d38d043afc50b3a5a6c4324a451e801912581935438753
factual_v1,1,d2dc10a4ab60b4dd8010/build_info.json,301,cc5731067901c4ca037824d6f0f6b8fc72a8466bec47e35c11ac9e5f93493803
factual_v1,1,d2dc10a4ab60b4dd8010/frames.csv,231463,ff5602a0dbdb6dc9c2ee213084e4ffb193eabb7123392fb2d7412cbe29d12b58
factual_v1,1,d2dc10a4ab60b4dd8010/link_intervals.csv,491,45c1cfd22eff01581c2f0cc1334d04ac52b7c6bf6d239050dafa76e8941db0d9
factual_v1,1,d2dc10a4ab60b4dd8010/mac_summary.csv,226,3c628526058a7b3d006c4a395687d5c9f2193732ea928c8525707962900002bf
factual_v1,1,d2dc10a4ab60b4dd8010/ofdma_summary.csv,237,81b5e2b4889dd80c26f034428e19b19acc9486f9cf3477b6659f072720046a03
factual_v1,1,d2dc10a4ab60b4dd8010/policy_decisions.csv,140936,c2c9b2f64c824166f8a3429741b5836adc09806eb1afd0a1723893d317b6c758
factual_v1,1,d2dc10a4ab60b4dd8010/resolved_config.json,6558,99bb0ee1bb04bacbac48a03c6e691472d3c01677742684901f65901a12432c5b
factual_v1,1,d2dc10a4ab60b4dd8010/stdout.log,176,eac2c7b53a0162c563b8356bf6b93bd082790687d2196fcf4fe767c51c97fab9
factual_v1,1,d2dc10a4ab60b4dd8010/summary.json,1551,29bc30b777325eeb5b7be9e9f53dc7b203e17a2ec1d01e7d50968ac2df67a1fb
factual_v1,1,d37666a9980c5ca6c75a/background_flows.csv,3074,c377a12d258d6a4a758ab953d4129b9bba3c95713b2bf0180b3e7ce1d49f1857
factual_v1,1,d37666a9980c5ca6c75a/background_rate_periods.csv,328521,ddaaa1f6ecf9522952c9719a090bf9eccc301fe5287e322c700bdfaf6e3c5b4b
factual_v1,1,d37666a9980c5ca6c75a/build_info.json,301,cc5731067901c4ca037824d6f0f6b8fc72a8466bec47e35c11ac9e5f93493803
factual_v1,1,d37666a9980c5ca6c75a/frames.csv,247386,f5d422f4f4a2835f670d1938060317402daa4f2ceb2bceed570f0cbca56b5143
factual_v1,1,d37666a9980c5ca6c75a/link_intervals.csv,486,29a280bc3e36d4a5a4e9f188b204218d8c2701e670daf87c649e5404120bc392
factual_v1,1,d37666a9980c5ca6c75a/mac_summary.csv,221,0ac4635fad2753bedda2dda23807016139a9e2981b092650e0a5abe5102facd8
factual_v1,1,d37666a9980c5ca6c75a/ofdma_summary.csv,237,81b5e2b4889dd80c26f034428e19b19acc9486f9cf3477b6659f072720046a03
factual_v1,1,d37666a9980c5ca6c75a/policy_decisions.csv,140936,148ff666e7546c8d06cdd3bf2dd2acfbd2d73fc4368b7592447194a26dc0ef8f
factual_v1,1,d37666a9980c5ca6c75a/resolved_config.json,6841,02ac458496f4639baed4fdf3686bef2635dfb0a7e838a9ba1265a975b2bc3e60
factual_v1,1,d37666a9980c5ca6c75a/stdout.log,176,d842b429d185e1d57400595b275a00483068b412c32b426033694975ce1f4cad
factual_v1,1,d37666a9980c5ca6c75a/summary.json,1866,cc0c4da83d6933b53e1c176ea6c95388daa3342b1a7a33577a38681d7e6223da
factual_v1,1,d9e0f5ba7d721365e672/background_flows.csv,3075,b48793c4e0c947109593471ca5171240791b520d1d50fe5ef0222e70f04af60c
factual_v1,1,d9e0f5ba7d721365e672/background_rate_periods.csv,328521,2283ca2fbe9e5a910b6fdb0ee51e8617953e0b18eef4682002b548f00b6751af
factual_v1,1,d9e0f5ba7d721365e672/build_info.json,301,cc5731067901c4ca037824d6f0f6b8fc72a8466bec47e35c11ac9e5f93493803
factual_v1,1,d9e0f5ba7d721365e672/frame_packet_outcomes.csv,212402,11144e34df8e6be2f869f928d7a24155333587eeeecfa601446bbd283417b0f8
factual_v1,1,d9e0f5ba7d721365e672/frames.csv,277315,e241b43db371d9fcf8ec2b2702069075d8b69c7bbfbeb7cf9e6df773d5bb9dc8
factual_v1,1,d9e0f5ba7d721365e672/link_intervals.csv,515,b44d213448ba47930b0e753a6ca7a5bba28844478004720ad28a83f39c76a2bb
factual_v1,1,d9e0f5ba7d721365e672/mac_summary.csv,229,2bf000062da892c53e654d3054689b731267b52ba41cff0afcf680b956e08d31
factual_v1,1,d9e0f5ba7d721365e672/mechanism_t2_actions.csv,251456,fdf0f3934e7c1f40bb248c35c40732552d5244da338482af57463dbdb31b94e4
factual_v1,1,d9e0f5ba7d721365e672/mechanism_t2_snapshots.csv,324375,ad1277ee307a7c1fd06d91baf1c3c5bb348abcd75a7f5136f59ac16cafb6241b
factual_v1,1,d9e0f5ba7d721365e672/ofdma_summary.csv,237,81b5e2b4889dd80c26f034428e19b19acc9486f9cf3477b6659f072720046a03
factual_v1,1,d9e0f5ba7d721365e672/policy_decisions.csv,169736,7a849c0d54666cc56c23940a5a6a4d63713d9ffdede6c39eec0085e969bbcefd
factual_v1,1,d9e0f5ba7d721365e672/prediction_polling_samples.csv,3190872,ae4914777747a2ce8957b2d8230fc416b54d79549f181a315195c7f5b8a576cf
factual_v1,1,d9e0f5ba7d721365e672/prediction_samples.csv,3924284,e050286f2c4ba84f0a89b30a0ef052aa28472e5adacffe29c1a368ef2a408ad3
factual_v1,1,d9e0f5ba7d721365e672/resolved_config.json,7546,847dc30b81140e26c1ecb6295f759dec9943dda6961cbdf90df23cc91842924e
factual_v1,1,d9e0f5ba7d721365e672/secondary_airtime_events.csv,474305,dc020aac2772ec4d9413063965a64e14a8ef63e863775ad24c424d63f532eafc
factual_v1,1,d9e0f5ba7d721365e672/secondary_airtime_settlements.csv,117446,b9808eb73539120dd00f9e93a94bd42192521a3171eb155a62bd9618ed080114
factual_v1,1,d9e0f5ba7d721365e672/secondary_airtime_summary.json,604,38e4881cb3dc100e99e306ed3e916951f66ea57f5a6a432380df1640a1d2bbab
factual_v1,1,d9e0f5ba7d721365e672/stdout.log,190,5cadfc3cf1bc91c7aeb04351d2d8d3de86ae6e70971fcb06f0bed6893c444019
factual_v1,1,d9e0f5ba7d721365e672/summary.json,1885,91abd2a571cfb6164635e68f3d6e7adc2d08db597109dc09b1b8f9138684be2b
factual_v1,1,dfd79d5baeadee858986/background_flows.csv,3067,167bbfc346b8983d8616f472747fe043016a2c0d3d4d48b2a1be78e3e08a8e59
factual_v1,1,dfd79d5baeadee858986/background_rate_periods.csv,352207,302d018642072a478dc5e181fd7356951910eadb4cb2f7d65a5b11beb6a75b8a
factual_v1,1,dfd79d5baeadee858986/build_info.json,301,cc5731067901c4ca037824d6f0f6b8fc72a8466bec47e35c11ac9e5f93493803
factual_v1,1,dfd79d5baeadee858986/frames.csv,249814,92c768cac963249df3c7be8a969b1fbcfc5e4a0bcea1ca777afbb13d2b7fdc6b
factual_v1,1,dfd79d5baeadee858986/link_intervals.csv,489,6bbe725bbad099a7502cfe7e4fb317650e2547abab51a4d7f691535b34a0b200
factual_v1,1,dfd79d5baeadee858986/mac_summary.csv,224,bf04fdef8bf8e965970b0ceb565c906eb39ab12ec7ef3a4c0627511a2c4ba472
factual_v1,1,dfd79d5baeadee858986/ofdma_summary.csv,237,81b5e2b4889dd80c26f034428e19b19acc9486f9cf3477b6659f072720046a03
factual_v1,1,dfd79d5baeadee858986/policy_decisions.csv,140936,177436339d62da456229d5f37c901e95873bacd70a01dac4c899ea10c2512c84
factual_v1,1,dfd79d5baeadee858986/resolved_config.json,6865,8fe3fdf84954a73c639040d06944b42db29307fd6ed06235e577c9b9656b9337
factual_v1,1,dfd79d5baeadee858986/stdout.log,176,2b90d4b2c70accd50ff7973c5289fb22bb07487ed05c72b6db033829045b9d00
factual_v1,1,dfd79d5baeadee858986/summary.json,1845,2d83febc8d0b592e64e654b9af36afbfadce2640a754af08aac530d00d840703
factual_v1,1,e30592005d488a277357/background_flows.csv,3096,6b95dfed1c3aaf6b9721685fa92bcfe952402e2496ed0820830322532ae55785
factual_v1,1,e30592005d488a277357/background_rate_periods.csv,324392,358f69446c99b68b5c1b5e63aed701b58b263fb75ccf38329630d75616f54799
factual_v1,1,e30592005d488a277357/build_info.json,301,bb8ab3d251201c4132aa4ad9b94f6f32b8418f7bff7ba1bb441387150a0a4ede
factual_v1,1,e30592005d488a277357/frame_packet_outcomes.csv,168835,a0c5a50a9196473bd7e0cda20c1fabb570dbded658785ed925cb9091d91cca56
factual_v1,1,e30592005d488a277357/frames.csv,253044,bac9cc41edc4127a4faf8dc76ac6210151ead94f05a83c7c2f8ad30f1b9cab34
factual_v1,1,e30592005d488a277357/link_intervals.csv,519,0acf4a5a75c63498986040f72b491e08ff01929158ced66c21acd7067bfa7974
factual_v1,1,e30592005d488a277357/mac_summary.csv,234,8d3573e627da92d2f2e6fbfeb8c38d6375f2d26f56c13c59e166187435ed7026
factual_v1,1,e30592005d488a277357/mechanism_t2_actions.csv,144356,7e0df3947ac9e75c0eac9e0ce32f9ed50468d532d0a36c941074248b83b06df6
factual_v1,1,e30592005d488a277357/mechanism_t2_snapshots.csv,340600,669eabf55e8f8186aa8392b7caa4bd37a29e88c4d3da2264d6cf9137f2995cdd
factual_v1,1,e30592005d488a277357/ofdma_summary.csv,237,81b5e2b4889dd80c26f034428e19b19acc9486f9cf3477b6659f072720046a03
factual_v1,1,e30592005d488a277357/policy_decisions.csv,151736,a095f6c613d4453aa169762d392b936bdae4baa789ce2400075a0ca861f85070
factual_v1,1,e30592005d488a277357/prediction_polling_samples.csv,3228436,ddbbdfd29eedd0062451e4737032ef7f7c977ff4443e510356c71b5708f4ad4b
factual_v1,1,e30592005d488a277357/prediction_samples.csv,4053329,82b82acae2507e7a38329ae7180f8f5b9f8c6735ab7576cb6d76a2a68dbcba57
factual_v1,1,e30592005d488a277357/resolved_config.json,7256,5eed4bff552fcf951e8e2c8679f0cea7030ce29d0e38b866e778c176936f4eff
factual_v1,1,e30592005d488a277357/secondary_airtime_events.csv,306915,cd20687c62a0aa3d9f6263ae9f8eb4e783324485bfd025b8dee223982319faa3
factual_v1,1,e30592005d488a277357/secondary_airtime_settlements.csv,103,108b472c3dfa7747b73e777b97962cc32dee3e1e60f83fc449c20bccb3a03828
factual_v1,1,e30592005d488a277357/secondary_airtime_summary.json,580,f2fcfb9be791aabab91db72661408e3a0423ff99923a70e441f92d6429a51a0c
factual_v1,1,e30592005d488a277357/stdout.log,190,a2e91fadbdb607446bfa954e4c6347e33c3bea546f54db692a58773021d6c58a
factual_v1,1,e30592005d488a277357/summary.json,1601,def0858c60618b065bb7b6074910678fd8df0d9e26ebc608db3624d11f6772dd
factual_v1,1,e9ce7efcb977e9d08963/background_flows.csv,3105,d0f31ae656ef4dd38225688793dde8c8dd7f55f024c56a0187d1d1d101e4b49c
factual_v1,1,e9ce7efcb977e9d08963/background_rate_periods.csv,322298,9dfff1841a052c6881f02a17d42219995435f16d0457e858fbe95f838962d566
factual_v1,1,e9ce7efcb977e9d08963/build_info.json,301,bb8ab3d251201c4132aa4ad9b94f6f32b8418f7bff7ba1bb441387150a0a4ede
factual_v1,1,e9ce7efcb977e9d08963/frame_packet_outcomes.csv,123096,43212ea834797f381240e2cd8d95242b79cb1b2b6bee814e0a5615d0ba2edc39
factual_v1,1,e9ce7efcb977e9d08963/frames.csv,243704,85836e8d3febf2e6a7ea78be3a2c7d34e797670736ba7538b88ac2ba0100c325
factual_v1,1,e9ce7efcb977e9d08963/link_intervals.csv,512,c555ae1f3309b4a9dad825223f5a9b0c8a0e09ab7ca444cdaa5a0e34daf5e18a
factual_v1,1,e9ce7efcb977e9d08963/mac_summary.csv,228,cca328971b81bed4190a6849c7f369c6cdbd0d9e14f2efe4384c05e5d3f7205a
factual_v1,1,e9ce7efcb977e9d08963/mechanism_t2_actions.csv,251456,d169c1cc091ec02815febe77b1ee2a8c939b34c0a6b1a709af3f69170341b0be
factual_v1,1,e9ce7efcb977e9d08963/mechanism_t2_snapshots.csv,359461,7607d8e589d6824ddc410889ed4065a45287067514e4e0d2ea3b01ce246acc17
factual_v1,1,e9ce7efcb977e9d08963/ofdma_summary.csv,237,81b5e2b4889dd80c26f034428e19b19acc9486f9cf3477b6659f072720046a03
factual_v1,1,e9ce7efcb977e9d08963/policy_decisions.csv,169736,62faef60fd4ad097f3b3dd7eff052bef585d40477dbe8af1398da21713fd2cf6
factual_v1,1,e9ce7efcb977e9d08963/prediction_polling_samples.csv,3185050,54e70f8ad798ae1f670bf448acaf3a2a792e595c4de0894b9cb1dc928ef57027
factual_v1,1,e9ce7efcb977e9d08963/prediction_samples.csv,3981786,14001fcad17274d75c5bbc745643bc7d1522c23c16debd61319f95ec838e06de
factual_v1,1,e9ce7efcb977e9d08963/resolved_config.json,7284,08aa18c071d8d15474c5b1b831af5bef8913dacbb52681fbfe48566b81512580
factual_v1,1,e9ce7efcb977e9d08963/secondary_airtime_events.csv,378832,b7a64869d6f43416748908eefa97728fdbd8512c916ff8566a78c6d71b9fc73f
factual_v1,1,e9ce7efcb977e9d08963/secondary_airtime_settlements.csv,127990,1c7b55e29fcd2fb2682a5b72b4131fcda0003948613d8055e9c76c6396829114
factual_v1,1,e9ce7efcb977e9d08963/secondary_airtime_summary.json,605,83a44d6fd3774d6007ac5eea3354c064b27b7b2f1093bb1072ae899cd73d0cf2
factual_v1,1,e9ce7efcb977e9d08963/stdout.log,190,5d7e83cfa34779ce9088188f6f37af09089d57975ffd3fc04824d5cad8bd6bda
factual_v1,1,e9ce7efcb977e9d08963/summary.json,1599,6b188a08624acb6d2aa61d1fb01f4dfd0b713f99b51c13087b30a42d9ac330f8
factual_v1,1,eb2b29c97024550696c4/background_flows.csv,3067,6f159e61bd7b0064ed9e34b78b4a8af534d01ee8113f1aa39b9d90d07dc4b8ba
factual_v1,1,eb2b29c97024550696c4/background_rate_periods.csv,359393,0c273a9d5f84a14315c02318aa6308c2984330cae93aa28e30c9231f5ad216af
factual_v1,1,eb2b29c97024550696c4/build_info.json,301,f445c7ace53c0f0af5d25d1ea3a945d4c9e07fc822190865659261af191a63d3
factual_v1,1,eb2b29c97024550696c4/frame_packet_outcomes.csv,185307,74b1871056b2b76a64a1345f214b3abed4032fc9b459e8179676c870555c3c33
factual_v1,1,eb2b29c97024550696c4/frames.csv,274492,e2ee12a98c4ad8c5a65a189f4a7dbc3b7c9594146f72123a6f2dbcad9e36f908
factual_v1,1,eb2b29c97024550696c4/link_intervals.csv,503,e28da4f886e6015d413a93fae4305d88fadf66c8b39298b35b898a44bfe5f6c1
factual_v1,1,eb2b29c97024550696c4/mac_summary.csv,222,3bbd1b7f0b45f4fa8d3776329741651529e25d06b46abf55a8697bda19b70f4c
factual_v1,1,eb2b29c97024550696c4/mechanism_t2_actions.csv,260036,3e9de3038d3680e0d5f7c7d95a27f6f7edfc1adaa8f574d8a026d3143b7dcc87
factual_v1,1,eb2b29c97024550696c4/mechanism_t2_snapshots.csv,325725,cf0c8a07657248177332ee7e67800d7c3b44515a2b7e55a18c55c2c8346360c3
factual_v1,1,eb2b29c97024550696c4/ofdma_summary.csv,237,81b5e2b4889dd80c26f034428e19b19acc9486f9cf3477b6659f072720046a03
factual_v1,1,eb2b29c97024550696c4/policy_decisions.csv,190114,4ce2dee66e7a949a60c2a6b178600538113fba63bdf2bcb6b3a7789d447843aa
factual_v1,1,eb2b29c97024550696c4/prediction_polling_samples.csv,3099951,260e49e462a70d0e410059563378c3186b338a5f6973f5c3fd0a104830b792da
factual_v1,1,eb2b29c97024550696c4/prediction_samples.csv,3812932,afc41143ff187aa8981a605a674dbda66d98534ffa29abc4eef6c3a372fe254c
factual_v1,1,eb2b29c97024550696c4/resolved_config.json,7744,07846968070ca1f7a56190303e1e8e19cb4b6c211eb5d95d790bcae89fea8252
factual_v1,1,eb2b29c97024550696c4/secondary_airtime_events.csv,69782,273c7327916720bbf02a6c8a18617682e0c53a5bf33545ed2e6e4cde6c597539
factual_v1,1,eb2b29c97024550696c4/secondary_airtime_settlements.csv,26730,84ad620ba8eec78a0fe563b2e636e8d89ba720c71c80d530316328f6db1ef620
factual_v1,1,eb2b29c97024550696c4/secondary_airtime_summary.json,600,e62f2d51ab537ca330f69b0c6fb51d0c3d3841870f00d7055e63e84a705f862b
factual_v1,1,eb2b29c97024550696c4/stdout.log,188,e2eae65f6e13bff305e333e78d3b89ddea3373afe987fbc13d474bf38b1d2d07
factual_v1,1,eb2b29c97024550696c4/summary.json,1879,97b23d1fd490b3cab4ce8ce779944e5ced52f140dbf935a44e0e55fc7a96ebac
factual_v1,1,eee12f31b8740e7e3493/background_flows.csv,3067,2a1dfad2f66e5d33e56083bc4b8a1c7cd3f9faf664cb3a1405aec6732bc8ee62
factual_v1,1,eee12f31b8740e7e3493/background_rate_periods.csv,359393,347a66548992a50060f969385c96edf522babc8b9314a2f7e2278e21eb711a99
factual_v1,1,eee12f31b8740e7e3493/build_info.json,301,cc5731067901c4ca037824d6f0f6b8fc72a8466bec47e35c11ac9e5f93493803
factual_v1,1,eee12f31b8740e7e3493/frame_packet_outcomes.csv,169548,8f1cd248081acfe8370ae97c09ffc7690a1f8840cf9f09465a1c932880477643
factual_v1,1,eee12f31b8740e7e3493/frames.csv,245085,85c0f47f4065d2e2f064d181ffd5d9fad90722af5dbc864c81bd0e0aa3352022
factual_v1,1,eee12f31b8740e7e3493/link_intervals.csv,456,7d8776adaba2f208539c02ed0d3b1bfe496e453217776dbb194dd0dc1cb2f31c
factual_v1,1,eee12f31b8740e7e3493/mac_summary.csv,198,f6105ea257a3d148ca1a7cff5c910adc1e3322449ea845e73a9493fa00874376
factual_v1,1,eee12f31b8740e7e3493/mechanism_t2_actions.csv,144356,5ec0a6c38a4bb722c64c1fa527022e107f2b083be50ac39cc8bf472a8d293450
factual_v1,1,eee12f31b8740e7e3493/mechanism_t2_snapshots.csv,325623,ab9a9e124e05a7555ed8abcf40eb7ef71b8fc5b4a8fda26c2ea0b8889b2df86b
factual_v1,1,eee12f31b8740e7e3493/ofdma_summary.csv,237,81b5e2b4889dd80c26f034428e19b19acc9486f9cf3477b6659f072720046a03
factual_v1,1,eee12f31b8740e7e3493/policy_decisions.csv,140936,c6804b8f289a934f3f1bde1a00cbd5ec5916d240e9a3e012da7234e7e917d287
factual_v1,1,eee12f31b8740e7e3493/prediction_polling_samples.csv,2951032,42fddc4e781c0ed705094c8ada6843a9a067ac9236b1f8bb95e5266060e3bc03
factual_v1,1,eee12f31b8740e7e3493/prediction_samples.csv,3664680,88fc48809dc9451bea68c5332523fad219de15a1928d0dcfcde39b520c517960
factual_v1,1,eee12f31b8740e7e3493/resolved_config.json,7302,546c0567b38c2802a97faa6b14f3a4f792ff5644a65566b0e3659bbefd0a0c11
factual_v1,1,eee12f31b8740e7e3493/stdout.log,176,8c40662bf4786fc85bcce86aa4d394a73d1d4c682138422e7e144c952e917816
factual_v1,1,eee12f31b8740e7e3493/summary.json,1840,1b24987149deb35a8830dcc90fa73c6d2b586b2b870f2161ae8303ad5c3db5a3
factual_v1,1,efb83fb7bd56280e0698/background_flows.csv,3043,23a45e0cd0708d20b3a47cab14160963b98f37a60f4c3f66d73f0d05c8e7b8ce
factual_v1,1,efb83fb7bd56280e0698/background_rate_periods.csv,190123,f8ef02340f2456347d08c42802d619947e1a6c4771f5856027c0780fe08b5063
factual_v1,1,efb83fb7bd56280e0698/build_info.json,301,bb8ab3d251201c4132aa4ad9b94f6f32b8418f7bff7ba1bb441387150a0a4ede
factual_v1,1,efb83fb7bd56280e0698/frame_packet_outcomes.csv,217719,abf510fe926752b35a7b920f6ab5afeda7a502e08adca53176ab9f7b6099990b
factual_v1,1,efb83fb7bd56280e0698/frames.csv,279104,fda7be92a0032842ef0fc11abe8016c6829643527ca6b1535888933282684d27
factual_v1,1,efb83fb7bd56280e0698/link_intervals.csv,514,c589ee8d95b041bdb04aaf4feaf53fe9259e71c69e27bf2440630c55aa9f8549
factual_v1,1,efb83fb7bd56280e0698/mac_summary.csv,228,703dfa4299f8d3db712d1ce9f319c00eb766344aa74f67605a915a63bbfef11d
factual_v1,1,efb83fb7bd56280e0698/mechanism_t2_actions.csv,251456,352b0d36925e41e6f27c2bcbbd69f4f25cb2550278cd2e5dea469561bf085fb8
factual_v1,1,efb83fb7bd56280e0698/mechanism_t2_snapshots.csv,318516,fdfd1726b80245fda282101467de84d2e154c980426e40039721da22c247f17c
factual_v1,1,efb83fb7bd56280e0698/ofdma_summary.csv,237,81b5e2b4889dd80c26f034428e19b19acc9486f9cf3477b6659f072720046a03
factual_v1,1,efb83fb7bd56280e0698/policy_decisions.csv,169736,254aac87b25ec908c5041ad250976b964469a12ce1f923ea4ca665a87b9c2b68
factual_v1,1,efb83fb7bd56280e0698/prediction_polling_samples.csv,3163522,8670355676c6fabad19c2bf8106e537bc795a62580d30e94ddfead26cc36cf99
factual_v1,1,efb83fb7bd56280e0698/prediction_samples.csv,3899505,6150731645ba58e0f3115853c81c7a9f3f031cfa434c915aa25c29cc98e0be86
factual_v1,1,efb83fb7bd56280e0698/resolved_config.json,7262,dc7c831b5f381705dac09f25843575c70e8bb79e02bc2dc8471432526ac2212c
factual_v1,1,efb83fb7bd56280e0698/secondary_airtime_events.csv,370258,28f14ad7d0ac2291d71ba11fec61d3cec5d0f95d7e9aaffcaf975908915c99d7
factual_v1,1,efb83fb7bd56280e0698/secondary_airtime_settlements.csv,115521,ff45b0a8727c9fd414964a9d3b6cdddf8a816a62500e4a3aa570699c386ac120
factual_v1,1,efb83fb7bd56280e0698/secondary_airtime_summary.json,604,682426e1618f2d7a06317382aa086a038c5d77b8dfcb696959a3e0948ee9f07a
factual_v1,1,efb83fb7bd56280e0698/stdout.log,190,d6a26041c7b7bcc3a4bdca27ce2ca907dccc3bd6c116154cdfeb80fc33e7dc1e
factual_v1,1,efb83fb7bd56280e0698/summary.json,1603,6f0b7f5521ebeff949449142a0970ad65dcd1438bf321674751bd9ca04db1551
factual_v1,1,experiment_manifest.json,251819,814cb2bcfb6a52fbabc0223deec8f44b409350a8ed7387b6ffcca49158aa68c1
factual_v1,1,f8bd7dac09cdae744f57/background_flows.csv,3077,e03bdeed24e1df6f903a6e007d27742319e567115dbd96181c5744eb9d8a67d9
factual_v1,1,f8bd7dac09cdae744f57/background_rate_periods.csv,332375,14d5809c8c106a2169c568523b0c640898c5f4c41e1103aa72ff258b446ed5ef
factual_v1,1,f8bd7dac09cdae744f57/build_info.json,301,cc5731067901c4ca037824d6f0f6b8fc72a8466bec47e35c11ac9e5f93493803
factual_v1,1,f8bd7dac09cdae744f57/frame_packet_outcomes.csv,163571,5ba6245d948d8f1186eb18b1f12891718f238c80c35fdf47ea4fd815aecfdfff
factual_v1,1,f8bd7dac09cdae744f57/frames.csv,261484,f5fed7aba76491783d95d7758c8b9a0d6b86fa1f73d8de93b39fdd52995db816
factual_v1,1,f8bd7dac09cdae744f57/link_intervals.csv,515,817585c44ef33b28e475666a503b4e11361c1ca09e97fa26e05525c71106b521
factual_v1,1,f8bd7dac09cdae744f57/mac_summary.csv,231,1eff31ee21bc000394a73cc2f9fad570e1bca4a0a634b33384e781baff8ecffd
factual_v1,1,f8bd7dac09cdae744f57/mechanism_t2_actions.csv,251456,6f8dd4309d02b6b54d764c6a4cf4158a310ed239f82fccc701962e2bfeb37d2d
factual_v1,1,f8bd7dac09cdae744f57/mechanism_t2_snapshots.csv,342708,d697fcbd56eb2b0e346bf72d1d96f51689a9950a4d99bb42921e4dce9d614f2f
factual_v1,1,f8bd7dac09cdae744f57/ofdma_summary.csv,237,81b5e2b4889dd80c26f034428e19b19acc9486f9cf3477b6659f072720046a03
factual_v1,1,f8bd7dac09cdae744f57/policy_decisions.csv,169736,e7f8e97349ca33e9c6a25dc752691419dedd0b7569f7b0c0518845cb0eed32be
factual_v1,1,f8bd7dac09cdae744f57/prediction_polling_samples.csv,3257635,d2dbdf9dde8a67cb4c9b499f3c9dc85f84726ad5a4b9ef87d120bc8b2fea26db
factual_v1,1,f8bd7dac09cdae744f57/prediction_samples.csv,4012600,7eaf7359f9cc95eca7cbbf749acf06fda5acd5108080223905b7679215c7a82e
factual_v1,1,f8bd7dac09cdae744f57/resolved_config.json,7541,855a8bd89375caedb415617f0cc107f912157e94f7c7838775d60979e04b7600
factual_v1,1,f8bd7dac09cdae744f57/secondary_airtime_events.csv,614175,650237f0df643152af78f083aa833a1b549b6bfeb753493c935ae31e153d8d35
factual_v1,1,f8bd7dac09cdae744f57/secondary_airtime_settlements.csv,123011,cb2936af457028d0b830cefd408b27f02e93ce7f0250518d1918aac03659df35
factual_v1,1,f8bd7dac09cdae744f57/secondary_airtime_summary.json,599,ad90afd328dacd8cca3d24dfd43ddd29d2b56222c5d424ebf17b21828054e5ce
factual_v1,1,f8bd7dac09cdae744f57/stdout.log,190,6ffd5174777c5a31894519f5daad094a14ecd60f6608973dfb6f796c5298acbc
factual_v1,1,f8bd7dac09cdae744f57/summary.json,1913,808ebabdeb79840d140d250ebb5e94510895c5ac308a55591dea6f54cd7ceac3
deadline_repair_v2,0,13c3c30dfff9cc285155/background_flows.csv,3049,f8aee2e45a39778dc8a48777d6806af18ec1daaaa62a1b7e4be5bff7ae383380
deadline_repair_v2,0,13c3c30dfff9cc285155/background_rate_periods.csv,324992,926b38809a8a881281cf0b68a3e32281cb0a9979817de7aba518e39feae2d9ba
deadline_repair_v2,0,13c3c30dfff9cc285155/build_info.json,303,7621f82b0422c06ca7b9cda2d4c0d9cc7366ba9dc17d2304cfd530e2ee8f0214
deadline_repair_v2,0,13c3c30dfff9cc285155/frame_packet_outcomes.csv,168653,9a32630ec9cb1957d12b4fb7c5c291fe95f4c65cae3827628ff584b2c35afee0
deadline_repair_v2,0,13c3c30dfff9cc285155/frames.csv,275945,a76c7101229b709054c03c2689656fed9e188a1ffa18d71988703683ecab1d3c
deadline_repair_v2,0,13c3c30dfff9cc285155/link_intervals.csv,506,e6351d00916e9fea6a1fb8b7eba968d4087b374f6262f8e7e10e6bfcae908c06
deadline_repair_v2,0,13c3c30dfff9cc285155/mac_summary.csv,225,6400d09b99c3563e9965f7c9c9db7f333f6e5665a5404a589c9af996f0d15e27
deadline_repair_v2,0,13c3c30dfff9cc285155/mechanism_t2_actions.csv,270583,f856896881701572d43fc26f812b8830504a77b1131c1f9222089646a39702cd
deadline_repair_v2,0,13c3c30dfff9cc285155/mechanism_t2_snapshots.csv,322375,72514e4dc89e6321be830c94ebec87ab404014de15d2e80c71f04843e2785056
deadline_repair_v2,0,13c3c30dfff9cc285155/ofdma_summary.csv,237,81b5e2b4889dd80c26f034428e19b19acc9486f9cf3477b6659f072720046a03
deadline_repair_v2,0,13c3c30dfff9cc285155/policy_decisions.csv,193670,98993378ba44aede1fac9b9f6e76fe4b600a203764df2b0a4efcd2e59ce78e8b
deadline_repair_v2,0,13c3c30dfff9cc285155/prediction_polling_samples.csv,3083139,95f1723b9ddb29841a2b035587f42b9b1a766ed3031ce3a012140be26f1063bd
deadline_repair_v2,0,13c3c30dfff9cc285155/prediction_samples.csv,3813355,87005e81aa870f3b16c8b06ff59753f08bee9436805dbd9d0bb4eaf9876bfb20
deadline_repair_v2,0,13c3c30dfff9cc285155/resolved_config.json,7476,58dec8644566003f598adaa8961c1f17471eb13ad09034b74ec8437f05c4a673
deadline_repair_v2,0,13c3c30dfff9cc285155/secondary_airtime_events.csv,452186,187a72fd539cd901f2ef78be4e47237a0d682c0b2afb4886d295e9157488ff8c
deadline_repair_v2,0,13c3c30dfff9cc285155/secondary_airtime_settlements.csv,43187,01c89aabbac76da4b1e431b23585d3cd6ff0b7a2e9744c0a53425566e7ad2ed7
deadline_repair_v2,0,13c3c30dfff9cc285155/secondary_airtime_summary.json,604,a86b598e58fe4ee24b0acbe78eb72550a932727423ac08c857c914d44b251d76
deadline_repair_v2,0,13c3c30dfff9cc285155/stdout.log,188,3fe2e52f8f92cf02a87c030050df41e582671a18c4df1c4802cb107bd884f418
deadline_repair_v2,0,13c3c30dfff9cc285155/summary.json,1594,29d8b675b2cb44be81beb29b088e4a1cab34f80652bb3f1886eb091343ba49c6
deadline_repair_v2,0,3263e5c5b0001743c2c5/background_flows.csv,3105,f3acb3083eeb9a3d380f8c4a50ff4dc466f41cc80026ac81f9d7a3333853f60c
deadline_repair_v2,0,3263e5c5b0001743c2c5/background_rate_periods.csv,319210,8e2302834cb33805d557373cf07aee7a30a3a0e1a8967596e2a6f231aaf1a20b
deadline_repair_v2,0,3263e5c5b0001743c2c5/build_info.json,303,7621f82b0422c06ca7b9cda2d4c0d9cc7366ba9dc17d2304cfd530e2ee8f0214
deadline_repair_v2,0,3263e5c5b0001743c2c5/frame_packet_outcomes.csv,130352,c7ff9930a09d2807ec762e92f69856f6776341c6ca7bb734740f288319360183
deadline_repair_v2,0,3263e5c5b0001743c2c5/frames.csv,254660,b62e24adfc4d37ecb80a2f98da3c07e51b8d250ffbd91309833515faab1dafeb
deadline_repair_v2,0,3263e5c5b0001743c2c5/link_intervals.csv,515,a0cc2165a50ace1ca964150f893444ce3558622ba41bdbbf6dc750139d38795b
deadline_repair_v2,0,3263e5c5b0001743c2c5/mac_summary.csv,232,cba7b47de46cc917495923a6f5d41a9f6406b1f6f3acb8472c8c23d1846e7b0b
deadline_repair_v2,0,3263e5c5b0001743c2c5/mechanism_t2_actions.csv,292847,d98ee07d3c0c52e896665bfef28bf0740997561522a412fe792ab4f72027a6c8
deadline_repair_v2,0,3263e5c5b0001743c2c5/mechanism_t2_snapshots.csv,358684,3914ab51241736c44f3b6fef7f46debabe3618de8361dc0444c571f461f3b7d1
deadline_repair_v2,0,3263e5c5b0001743c2c5/ofdma_summary.csv,237,81b5e2b4889dd80c26f034428e19b19acc9486f9cf3477b6659f072720046a03
deadline_repair_v2,0,3263e5c5b0001743c2c5/policy_decisions.csv,200516,4453250c6877263dba9e1cde3e38049f4146bca58d024382e1f642e71c5f57f3
deadline_repair_v2,0,3263e5c5b0001743c2c5/prediction_polling_samples.csv,3107733,d73744248f764de5573396936ce224274ac2dee3dc0af8971a58d196c3cbe304
deadline_repair_v2,0,3263e5c5b0001743c2c5/prediction_samples.csv,3894541,794cee99d5300ccafecca77c68b7f92522d5b86aebb792f8a898e44e99ab0d8e
deadline_repair_v2,0,3263e5c5b0001743c2c5/resolved_config.json,7466,06bce82e91e74e12c86a38e187601ccc9380e910cf56dac0996b8ab5da4ad1f2
deadline_repair_v2,0,3263e5c5b0001743c2c5/secondary_airtime_events.csv,270537,02a80f7fc01e653896d302f37d31f6988f257ea5db95c63f1ee107181f6b1f62
deadline_repair_v2,0,3263e5c5b0001743c2c5/secondary_airtime_settlements.csv,82796,642ae6774ec80186c0fe6c4d3cdf4efd63a6dc37aebbcc5d392eb0018418d8bc
deadline_repair_v2,0,3263e5c5b0001743c2c5/secondary_airtime_summary.json,601,8960c571685e6def336212cb910cb78f29d335356b06867e03492681479aee54
deadline_repair_v2,0,3263e5c5b0001743c2c5/stdout.log,190,57f4fd84c20d91d6ff45d3187b9d62685e3e045e6019f2bc2e5aac8da0734e22
deadline_repair_v2,0,3263e5c5b0001743c2c5/summary.json,1599,bf8c1a1c39dea6be4d044c01f129948bac80fb28470902c88be78033298478fd
deadline_repair_v2,0,47523028b03a26db3e07/background_flows.csv,3045,7b7ce55a24055f9e5a28b36a72f3ecb4789ebac97aeb8d0b7c2bfd1b0ad67696
deadline_repair_v2,0,47523028b03a26db3e07/background_rate_periods.csv,323160,fba79344fd2c6e534b8c47a67aa4a7954ffe49237fa96c1f84f231d942c4886b
deadline_repair_v2,0,47523028b03a26db3e07/build_info.json,303,7621f82b0422c06ca7b9cda2d4c0d9cc7366ba9dc17d2304cfd530e2ee8f0214
deadline_repair_v2,0,47523028b03a26db3e07/frame_packet_outcomes.csv,174110,98095c1f7217e3a6887b90f111364aae949124770cc4b814b44e6c15b0414acd
deadline_repair_v2,0,47523028b03a26db3e07/frames.csv,278757,8c8b59708dd87732c5b70dadcdd9c0e1929b6b762b7869517063796aaaa26781
deadline_repair_v2,0,47523028b03a26db3e07/link_intervals.csv,501,30ed2d17e9632f5e1390bba3eaa61a4e6ed0513b6b31fd02886ac1cd969b4a8a
deadline_repair_v2,0,47523028b03a26db3e07/mac_summary.csv,221,8dd697579a02c3753dc25085aa0aa24ee148bf2e6c05fcc477b5ae7d36776693
deadline_repair_v2,0,47523028b03a26db3e07/mechanism_t2_actions.csv,252918,f8fd5118344612d1e8308bff45dd906cca5db0e187956c641f9147916c50bb66
deadline_repair_v2,0,47523028b03a26db3e07/mechanism_t2_snapshots.csv,309322,3d9533d96b631318d6e06d45ae7fd4e3b24a54edd1e8e1a5f7ff2dcd4c8052cf
deadline_repair_v2,0,47523028b03a26db3e07/ofdma_summary.csv,237,81b5e2b4889dd80c26f034428e19b19acc9486f9cf3477b6659f072720046a03
deadline_repair_v2,0,47523028b03a26db3e07/policy_decisions.csv,187832,adedf422aa4e884c6d06756eb63d5c9de96055632d8e64a65b3f204efa9fda45
deadline_repair_v2,0,47523028b03a26db3e07/prediction_polling_samples.csv,3048312,4236be80117bfae7d98f28abc00c6e99a2304c7604fc3553f98808d2416db08c
deadline_repair_v2,0,47523028b03a26db3e07/prediction_samples.csv,3785986,76c3d4471157e9f275eeac27c1bd4a294d56024aa3017af3afb6f61bf4af6746
deadline_repair_v2,0,47523028b03a26db3e07/resolved_config.json,7469,a8f487562ae68869e8e3f0786ed7b215eadda167698d6e93e8a0ff96008b96b9
deadline_repair_v2,0,47523028b03a26db3e07/secondary_airtime_events.csv,51280,0c1273bbd1722b6a13350d1d5ccd50d1290080849c9b5bcf667f4c012489b2a0
deadline_repair_v2,0,47523028b03a26db3e07/secondary_airtime_settlements.csv,16522,9d6185f3eb6191d6e7a5b6bd105a91a4c0c1a170646b98c960274f8fed7f4b42
deadline_repair_v2,0,47523028b03a26db3e07/secondary_airtime_summary.json,601,8845c8c9e7f1dcc3a264e88774ec023622eec97ab9453b64860aa5edad8a8824
deadline_repair_v2,0,47523028b03a26db3e07/stdout.log,188,78cf1ccb6ef88cb1b01d413effbe5a9f57828c05f8481aae50e43376f72ae6f4
deadline_repair_v2,0,47523028b03a26db3e07/summary.json,1592,9f9fedeb3e6d4ef321678709e81c83feb73f971045f8c4ef49b779e5b88cc8cd
deadline_repair_v2,0,832dcea7e26a0a4c4ad4/background_flows.csv,3042,a45e7c040d2cde086ab63a31be7ecba820a5e34073cb089485657cdfd1181663
deadline_repair_v2,0,832dcea7e26a0a4c4ad4/background_rate_periods.csv,191030,a5e07cefd5d0837f57301d63dff7e06d3f327d97ebca8d43a896749e61146a6a
deadline_repair_v2,0,832dcea7e26a0a4c4ad4/build_info.json,303,7621f82b0422c06ca7b9cda2d4c0d9cc7366ba9dc17d2304cfd530e2ee8f0214
deadline_repair_v2,0,832dcea7e26a0a4c4ad4/frame_packet_outcomes.csv,172502,7921bdbaf808b45fef68dc5ae94ca1098edbe652e70050f835addf86471c7f9b
deadline_repair_v2,0,832dcea7e26a0a4c4ad4/frames.csv,277875,7d85de151b53a659f000f848cd4b21449be12aa18db501690a90db83e15f81f7
deadline_repair_v2,0,832dcea7e26a0a4c4ad4/link_intervals.csv,509,49a9f59d3135412972347ddef2cda636fa0b6f0f5dba788e332283b48b9382de
deadline_repair_v2,0,832dcea7e26a0a4c4ad4/mac_summary.csv,226,72ea9a447831c3d9f6f166ff0e0123d8f31849da69e75c70966231d5ef4a8f67
deadline_repair_v2,0,832dcea7e26a0a4c4ad4/mechanism_t2_actions.csv,273880,dc30f5ed27248c0e3a13a4580937d8a43d7e966409b5d6daf2d98cfc77109226
deadline_repair_v2,0,832dcea7e26a0a4c4ad4/mechanism_t2_snapshots.csv,324346,b790903c02c64508aacad82afbd9d9e4cfaf09b66e08b1c49e0fd15ce14ffbab
deadline_repair_v2,0,832dcea7e26a0a4c4ad4/ofdma_summary.csv,237,81b5e2b4889dd80c26f034428e19b19acc9486f9cf3477b6659f072720046a03
deadline_repair_v2,0,832dcea7e26a0a4c4ad4/policy_decisions.csv,194398,1a9afe7729d43fe833fe30769406740c9b08b9c38786a951c891d05754e06c92
deadline_repair_v2,0,832dcea7e26a0a4c4ad4/prediction_polling_samples.csv,3110942,80da24c5ba92638f51799832793c0b0f8d33e626467da3e3f3bf5a4c79217b5d
deadline_repair_v2,0,832dcea7e26a0a4c4ad4/prediction_samples.csv,3833289,51112f88b5063aea65e3a58ceb6f9fd1cbd545fa5b59f87aa35712dc2cfa3c21
deadline_repair_v2,0,832dcea7e26a0a4c4ad4/resolved_config.json,7474,bdd0907b6e16bb01e32f38833b1c7733d3d1401da9c8422eaa6ade28c4baf8f2
deadline_repair_v2,0,832dcea7e26a0a4c4ad4/secondary_airtime_events.csv,120491,2b4eb2bd259e6fa75df3e9a036b3a2e42001f6bdb20478413c1c164c3057126a
deadline_repair_v2,0,832dcea7e26a0a4c4ad4/secondary_airtime_settlements.csv,46172,9cb9b89c0b1fb1f4e238569bf73d9ac525e158a95a265614bea6f392346d59aa
deadline_repair_v2,0,832dcea7e26a0a4c4ad4/secondary_airtime_summary.json,603,fcde37a78307e170be1166d237457f5258156874bc294b310f865ccb218cc8db
deadline_repair_v2,0,832dcea7e26a0a4c4ad4/stdout.log,188,500098ebb9248e7d075e8119ca5a411e175bd2cc6c8b5cef90b1fb9e9ee95849
deadline_repair_v2,0,832dcea7e26a0a4c4ad4/summary.json,1595,73ed96fea686db0127259c2448d6f0f6d9e18a98b632573b7cad71d64cfe3c4a
deadline_repair_v2,0,87c1dac62beae4d5d672/background_flows.csv,3105,c6bb39f11eff364d1d3041c7e1a4af57e82a6893b1ae06a4e92e8f26ab6123fd
deadline_repair_v2,0,87c1dac62beae4d5d672/background_rate_periods.csv,323435,e6559f8a90df9a3fe6577c9cc1d40eeea4200f134cc739d26c8c92db8b0fc660
deadline_repair_v2,0,87c1dac62beae4d5d672/build_info.json,303,7621f82b0422c06ca7b9cda2d4c0d9cc7366ba9dc17d2304cfd530e2ee8f0214
deadline_repair_v2,0,87c1dac62beae4d5d672/frame_packet_outcomes.csv,144834,f198131f17d79e34bd68f3d15f964542d1c77864d88106b8f5e147adc60487d7
deadline_repair_v2,0,87c1dac62beae4d5d672/frames.csv,263296,a0e63f87dc85251093652bab3c25c7c1fdc4cd13dc914db51d61c08151aa4512
deadline_repair_v2,0,87c1dac62beae4d5d672/link_intervals.csv,513,5eedce63f6cc08c91979f27fdac74a2f232cb791e565a5c2712da15c1878a45f
deadline_repair_v2,0,87c1dac62beae4d5d672/mac_summary.csv,230,a131c037f7c2f1d84c52399477c038e66919bdd36009e92b733782c8841e6ad9
deadline_repair_v2,0,87c1dac62beae4d5d672/mechanism_t2_actions.csv,279434,04fcb29a9c1cbee9f4dac4130438752514b034f0cf11b09cc51faae4807e1890
deadline_repair_v2,0,87c1dac62beae4d5d672/mechanism_t2_snapshots.csv,341577,4a114f2c4ccf3ce160ca9431a8113fcc3ddd1c5253bbfdb7907e21ccf308dc07
deadline_repair_v2,0,87c1dac62beae4d5d672/ofdma_summary.csv,237,81b5e2b4889dd80c26f034428e19b19acc9486f9cf3477b6659f072720046a03
deadline_repair_v2,0,87c1dac62beae4d5d672/policy_decisions.csv,196176,71eb658d73438e4fd4b0c78086205d650ba5814769d28f79ddc85e8eae0784be
deadline_repair_v2,0,87c1dac62beae4d5d672/prediction_polling_samples.csv,3162524,cc207259a789e5defd206d40bb2567b7563ab584c7e61fe92a2a7cd381d539b7
deadline_repair_v2,0,87c1dac62beae4d5d672/prediction_samples.csv,3932857,305eeb3ac21d0ee333618e713dc8d6545546dfed72db9fd0bded1d8dac8cf96f
deadline_repair_v2,0,87c1dac62beae4d5d672/resolved_config.json,7477,bab45921e3f315646b852b2bee3f157c9273c251bf63babfd38395628d3e288e
deadline_repair_v2,0,87c1dac62beae4d5d672/secondary_airtime_events.csv,221894,b68750caaf811a56783ff7444fc552ee2f1c5ef325794fc583bef941950af046
deadline_repair_v2,0,87c1dac62beae4d5d672/secondary_airtime_settlements.csv,60460,08d04a6b6d541f3f1795d8b7d0fe109a2c3076fc3a9ab4aafe5de204b978eb30
deadline_repair_v2,0,87c1dac62beae4d5d672/secondary_airtime_summary.json,601,6ca72162f9119889a79c9ef6997eb8413217a0db4c6235d62c7f4699968cb1e6
deadline_repair_v2,0,87c1dac62beae4d5d672/stdout.log,190,86c0fd918080f63f6c1b0262974dad7c35965665b5f7bcc9f119fa7a5d48c978
deadline_repair_v2,0,87c1dac62beae4d5d672/summary.json,1591,3531e087ad0901a2c1a357a7d66f7bb220bc71e9e5b8088900bd19fa6b0b5e3e
deadline_repair_v2,0,99babbcbf27cf66540fc/background_flows.csv,3042,7c5ace868aaeb7cafad0d91357e15674b151a125bf4388542aead92d383ed350
deadline_repair_v2,0,99babbcbf27cf66540fc/background_rate_periods.csv,190905,0f0775cfd9e0daaa927dd84b2b5e875d388a1d296f66841408c2de84da3d2b98
deadline_repair_v2,0,99babbcbf27cf66540fc/build_info.json,303,7621f82b0422c06ca7b9cda2d4c0d9cc7366ba9dc17d2304cfd530e2ee8f0214
deadline_repair_v2,0,99babbcbf27cf66540fc/frame_packet_outcomes.csv,164379,7aacbfd59a9f121515186ea2f17dd341398dca35a82ed7b7a8e36eec69829f25
deadline_repair_v2,0,99babbcbf27cf66540fc/frames.csv,273713,d3675fe2ff3131b040c93729a0cb966b88b2352090c18062c48531b11c930bde
deadline_repair_v2,0,99babbcbf27cf66540fc/link_intervals.csv,512,b76dcfb14ccc561e487a4ea3e4b408c465a92342133a603c18dd3b81875ac5cf
deadline_repair_v2,0,99babbcbf27cf66540fc/mac_summary.csv,229,1605c8a69f94c0f9a6a32071311029fa08e83a4eda1299f281355d552f932578
deadline_repair_v2,0,99babbcbf27cf66540fc/mechanism_t2_actions.csv,265215,63fa6ee28dad4a4a116e87457a358ddc080e522e06faf6242cfe479595e5f167
deadline_repair_v2,0,99babbcbf27cf66540fc/mechanism_t2_snapshots.csv,319332,08c755b48ab78aa3aee87fafbcb323a52cb52a33ced50dcd66e005f7a2b8eec8
deadline_repair_v2,0,99babbcbf27cf66540fc/ofdma_summary.csv,237,81b5e2b4889dd80c26f034428e19b19acc9486f9cf3477b6659f072720046a03
deadline_repair_v2,0,99babbcbf27cf66540fc/policy_decisions.csv,191738,48a2aabc56405b4647c43e1c679198a81747b6ab0e7fc52f3daab8ebcb6bd511
deadline_repair_v2,0,99babbcbf27cf66540fc/prediction_polling_samples.csv,3170121,da89183ec8e8da4001cabeccac6e37473c1ace88940691d0dccc2ec5b9b3ebcf
deadline_repair_v2,0,99babbcbf27cf66540fc/prediction_samples.csv,3911762,bd1f6fa4a7498231453cf6934191a0b7c72aabfedc357a3973bc89755133a9c5
deadline_repair_v2,0,99babbcbf27cf66540fc/resolved_config.json,7477,98c713f76612e7a3aec92fc11a782ba3d3412e7e286bc5e2738da265441e6d15
deadline_repair_v2,0,99babbcbf27cf66540fc/secondary_airtime_events.csv,254855,a562207636f907301c171dd047a67a6b89323fec5537b775d1f83ea70a036959
deadline_repair_v2,0,99babbcbf27cf66540fc/secondary_airtime_settlements.csv,36034,9c1a1d0f42a7e35ebd9e7dd993a0fb8ea22304b41e5c48ea0d7faab9b1a53fad
deadline_repair_v2,0,99babbcbf27cf66540fc/secondary_airtime_summary.json,603,c3b28fed77998c9da22ba0b5dc839a5ed35bd6a9ab9dda4ac29e516a426a0de4
deadline_repair_v2,0,99babbcbf27cf66540fc/stdout.log,188,453fcdbe0f657ef770db9817c09e5df39734dd234dcd324b15d29bba816c678e
deadline_repair_v2,0,99babbcbf27cf66540fc/summary.json,1592,f5fcc818b039170e33a1293a31263d2f1258036fd953d0af6fd0b51e82825ae9
deadline_repair_v2,0,b2078182eabf7488d57f/background_flows.csv,3073,1af6e8c1a60dd5309cf8a608ef98bb3d623023f12ac3781ad95ea94feb549eb4
deadline_repair_v2,0,b2078182eabf7488d57f/background_rate_periods.csv,326294,95512b7cf12e244e41a29f4689742cee971a485df28645b161e873c4341b1539
deadline_repair_v2,0,b2078182eabf7488d57f/build_info.json,303,7621f82b0422c06ca7b9cda2d4c0d9cc7366ba9dc17d2304cfd530e2ee8f0214
deadline_repair_v2,0,b2078182eabf7488d57f/frame_packet_outcomes.csv,162427,fc98310a3a26529abe066b92e7fe5d4ba58e5e096c2592c0a90992e9b8a67928
deadline_repair_v2,0,b2078182eabf7488d57f/frames.csv,272756,00d2caa60a291d62f6c5b8ce1ad25b63a74304fc979a60ee283677e6f58f8789
deadline_repair_v2,0,b2078182eabf7488d57f/link_intervals.csv,514,abe2d5c0e51da4f5ef17489ef6690da228e8200ed38ed12d4e22064901129b6e
deadline_repair_v2,0,b2078182eabf7488d57f/mac_summary.csv,229,4f31d661ca20653d71bd5b503fe353930bc58dd8a2a6e4d354d6d9c8eb4144af
deadline_repair_v2,0,b2078182eabf7488d57f/mechanism_t2_actions.csv,295234,26038842b11e0513863a3e26e3bfde9178a276e28a904f039ca0be6e51c99e51
deadline_repair_v2,0,b2078182eabf7488d57f/mechanism_t2_snapshots.csv,336917,e1c0ec7abe76508355680c0ef0bc318c8e9427395fedec7c4d6ba7e656ff44d3
deadline_repair_v2,0,b2078182eabf7488d57f/ofdma_summary.csv,237,81b5e2b4889dd80c26f034428e19b19acc9486f9cf3477b6659f072720046a03
deadline_repair_v2,0,b2078182eabf7488d57f/policy_decisions.csv,201272,3732b1a4acbff1f937d8d788949503446a57f1513b231fd4f0caf6202d25d6f8
deadline_repair_v2,0,b2078182eabf7488d57f/prediction_polling_samples.csv,3196981,02190201eb0cb6d781eafb2d9860da86983914b75a8ac4284cfa052313227d51
deadline_repair_v2,0,b2078182eabf7488d57f/prediction_samples.csv,3925884,97e560d376c36281fbd741236100078d58eb9d75f594171c0e6c64698bd3364c
deadline_repair_v2,0,b2078182eabf7488d57f/resolved_config.json,7754,f373bfccce59ee47b5968ea9a21b02ae1112fcf79b9b7f76e5b170f73fc45bb2
deadline_repair_v2,0,b2078182eabf7488d57f/secondary_airtime_events.csv,332928,61c1d936e89d7b5abc8fef88f16a4403747c1f71c845773fb8ccf3ca01074d16
deadline_repair_v2,0,b2078182eabf7488d57f/secondary_airtime_settlements.csv,79278,65bf272af3e8ed7cb3ea5568123362c0607af264f7f3c4aa18bb03d221b86bd7
deadline_repair_v2,0,b2078182eabf7488d57f/secondary_airtime_summary.json,602,5ac995edea2a0f8322122546a17f65b69d40c2ab5e96317299416f7d4fc7efde
deadline_repair_v2,0,b2078182eabf7488d57f/stdout.log,190,10a62b69eff7f93b84615bb18124f5802ba3a23b74de9ba912f7ef220ae1dc1d
deadline_repair_v2,0,b2078182eabf7488d57f/summary.json,1933,a9b73c055a8b05cf083f13c56b5fc151893083cd98fe6e84d4a42502fd9decb3
deadline_repair_v2,0,ca16b8503a3ae351437e/background_flows.csv,3075,d621c5eba79cdd47240fe7e11571cde6388ea3be58b8f14d4cbf5bedce4c47e4
deadline_repair_v2,0,ca16b8503a3ae351437e/background_rate_periods.csv,329886,acc1a6e42f836c368f7e560d3872fb514fd1aefc8f9695d20872872c90476eba
deadline_repair_v2,0,ca16b8503a3ae351437e/build_info.json,303,7621f82b0422c06ca7b9cda2d4c0d9cc7366ba9dc17d2304cfd530e2ee8f0214
deadline_repair_v2,0,ca16b8503a3ae351437e/frame_packet_outcomes.csv,164074,0344abe918010cce81cd26adc901f3eed3ec4e5f8430e49872205f24b353cb15
deadline_repair_v2,0,ca16b8503a3ae351437e/frames.csv,273483,679c163874beb7cdcf10298bb1c051a70d7b0a0919de08ee21deb0263172de9d
deadline_repair_v2,0,ca16b8503a3ae351437e/link_intervals.csv,513,653237cda1a1eca901a0f6c7427f817eb4de07b588659880bd9c9c8ea820e250
deadline_repair_v2,0,ca16b8503a3ae351437e/mac_summary.csv,227,200a2d3103b9304b0e37e8290e370682ea8d958c16d5e701caf0c6241b691d4b
deadline_repair_v2,0,ca16b8503a3ae351437e/mechanism_t2_actions.csv,283515,21a4bbace3c96ec13ad6c64ca86344c6decd50628162f0a76da0864ac20e68d0
deadline_repair_v2,0,ca16b8503a3ae351437e/mechanism_t2_snapshots.csv,328316,766fac7d441dbe19a09ce1dd1e80e951780b8492b47542abb2f9df8359fbd59d
deadline_repair_v2,0,ca16b8503a3ae351437e/ofdma_summary.csv,237,81b5e2b4889dd80c26f034428e19b19acc9486f9cf3477b6659f072720046a03
deadline_repair_v2,0,ca16b8503a3ae351437e/policy_decisions.csv,197506,8378ffb40be143716c6a76ef2e5092805835c24f5f98bb6affe585a54414f582
deadline_repair_v2,0,ca16b8503a3ae351437e/prediction_polling_samples.csv,3181310,aa1d1abafdf0beabd102a7e528900677b6ed761ef30f09f1941c10f225911da2
deadline_repair_v2,0,ca16b8503a3ae351437e/prediction_samples.csv,3913551,285efc1d8e3652115d95a19aade33d85afa9bd9c277f7171eea6effd516e9f18
deadline_repair_v2,0,ca16b8503a3ae351437e/resolved_config.json,7752,a1d92260815da642c67c990215b96d7fd012f41fd4494c03471a036bdc15ec77
deadline_repair_v2,0,ca16b8503a3ae351437e/secondary_airtime_events.csv,268663,5b7bebe16b3bdb25d8af06220abb6789f1d2439376e7de7bcee585086e745d52
deadline_repair_v2,0,ca16b8503a3ae351437e/secondary_airtime_settlements.csv,61904,a11cb2c6ef5052beb251021cde45aa6356710545f3da0f8ed4ef65f5f13d4556
deadline_repair_v2,0,ca16b8503a3ae351437e/secondary_airtime_summary.json,603,c73c97ec8281688a0188cdde1334e77de05384097db8b7fcca28385dbb1ab1ad
deadline_repair_v2,0,ca16b8503a3ae351437e/stdout.log,190,ed23194a1d185671ba00ef077e14e68435b984b04ea5db38670635a893196cf4
deadline_repair_v2,0,ca16b8503a3ae351437e/summary.json,1927,1982d867f6ac5f26625507da3098f560d7071fbec890555026f62e1928bd636f
deadline_repair_v2,0,dc983cd9e42331d63b1b/background_flows.csv,3067,620538c6cb03d8e99283c114a33465c93785bef736ec6562b5443468fceca012
deadline_repair_v2,0,dc983cd9e42331d63b1b/background_rate_periods.csv,351013,224dd0f8164c4e5465a30377e23557f7b5084d0829bafd191618074f89bbdc42
deadline_repair_v2,0,dc983cd9e42331d63b1b/build_info.json,303,7621f82b0422c06ca7b9cda2d4c0d9cc7366ba9dc17d2304cfd530e2ee8f0214
deadline_repair_v2,0,dc983cd9e42331d63b1b/frame_packet_outcomes.csv,186970,e9b7318388e8f03ede6c293d16efa75390a3f6b2f29cada829043c4344ed1054
deadline_repair_v2,0,dc983cd9e42331d63b1b/frames.csv,278530,20ce092e5fec112fed787e55ac8d8135493d3bf10798d8e0c97bcc559c41337a
deadline_repair_v2,0,dc983cd9e42331d63b1b/link_intervals.csv,507,705ea4b2e2b91543d198f3f3e25b3b5c2f3ecbdd48f3a627d918488e20ab0df1
deadline_repair_v2,0,dc983cd9e42331d63b1b/mac_summary.csv,225,050953f5cec528701f4345a5a3cf64df9600c19ec4eb71a14ae84b648535a358
deadline_repair_v2,0,dc983cd9e42331d63b1b/mechanism_t2_actions.csv,272141,c3fc79ea6c121b599c77129cb18b101ce40726e0ee3eb41187df01856979d8ef
deadline_repair_v2,0,dc983cd9e42331d63b1b/mechanism_t2_snapshots.csv,328649,de2cfb4e9a7c6781f61dccbb9ee1fec9a3b757ce101f60e16174f9166e20c7d4
deadline_repair_v2,0,dc983cd9e42331d63b1b/ofdma_summary.csv,237,81b5e2b4889dd80c26f034428e19b19acc9486f9cf3477b6659f072720046a03
deadline_repair_v2,0,dc983cd9e42331d63b1b/policy_decisions.csv,193418,ce9f2fea092040aa291d76c6b787e397741521a3b622d6548ba65e3ab594f45a
deadline_repair_v2,0,dc983cd9e42331d63b1b/prediction_polling_samples.csv,3130817,7403c667a7508f2c68560c3c01a12a0cddb49e6cb034a3c66e6ebd23dbe0deb4
deadline_repair_v2,0,dc983cd9e42331d63b1b/prediction_samples.csv,3851128,ce8581a1117cc1e086be3eb1dcf549d62fb4be24f3050026548ed1b04b98c413
deadline_repair_v2,0,dc983cd9e42331d63b1b/resolved_config.json,7785,a4215d0f72b11d1794abbe5b12f4d6de5a9ccdd3ba381b0bc91438929d9ab6f2
deadline_repair_v2,0,dc983cd9e42331d63b1b/secondary_airtime_events.csv,109504,e937b389505f9dc9a820ed01f620ae3315d544e99da9824c5768c5999264147c
deadline_repair_v2,0,dc983cd9e42331d63b1b/secondary_airtime_settlements.csv,41306,5a8b3379bd666be2c6f483d760ad8d7e7f7a7ca1463006ed1994504cee2fce59
deadline_repair_v2,0,dc983cd9e42331d63b1b/secondary_airtime_summary.json,604,0b491a5a2680daf076e34c23b659df1b9266818264ce4f22fd22296abcf8f404
deadline_repair_v2,0,dc983cd9e42331d63b1b/stdout.log,188,2f9e7eb8733d2f185f8e76529c41397073b766355997505a2d77515fa54bbdaf
deadline_repair_v2,0,dc983cd9e42331d63b1b/summary.json,1876,177e2344c03fb15589299ccdd563b18eb6caccbb8b801e2e57ce46feab37f675
deadline_repair_v2,0,dd355cc1df28cba780e9/background_flows.csv,3067,2bf6f242a0f5cd8d76671c3728e5a540a0fa94dbf2c69a8629bf27077f46b7c4
deadline_repair_v2,0,dd355cc1df28cba780e9/background_rate_periods.csv,365159,80ab2a3ddfe022e1f89c578a1d3926aef133ecb435959f623c7f6e826c076fd7
deadline_repair_v2,0,dd355cc1df28cba780e9/build_info.json,303,7621f82b0422c06ca7b9cda2d4c0d9cc7366ba9dc17d2304cfd530e2ee8f0214
deadline_repair_v2,0,dd355cc1df28cba780e9/frame_packet_outcomes.csv,185786,efe1f56fad40498262d6ff44f9fe7648a109ac91586b344c6406e7f8b167b9d9
deadline_repair_v2,0,dd355cc1df28cba780e9/frames.csv,277939,971fc5edb36578d4267304721059ddccf858cae81e0d6287a8b4c2b9cd426d1e
deadline_repair_v2,0,dd355cc1df28cba780e9/link_intervals.csv,509,231f9a2f2b15055eb22c8931fdee13adc363caaa13bebc8211b4915e4eca878d
deadline_repair_v2,0,dd355cc1df28cba780e9/mac_summary.csv,226,03303783126c115b620624fe68a616babe080661c5834d2265c18b824bf49352
deadline_repair_v2,0,dd355cc1df28cba780e9/mechanism_t2_actions.csv,269465,96690051b30be0b77f53fbb4d21ee6092deb795b0e1d70cd8c2359e2c79f33c0
deadline_repair_v2,0,dd355cc1df28cba780e9/mechanism_t2_snapshots.csv,327644,3c7258f5a7a973e6d256c95269c02efaf9c4273e3a737f980d630216f3cce142
deadline_repair_v2,0,dd355cc1df28cba780e9/ofdma_summary.csv,237,81b5e2b4889dd80c26f034428e19b19acc9486f9cf3477b6659f072720046a03
deadline_repair_v2,0,dd355cc1df28cba780e9/policy_decisions.csv,192676,de3b593b390b47b3a460597474530166ec7714e756f13cd41524275bfd69bb56
deadline_repair_v2,0,dd355cc1df28cba780e9/prediction_polling_samples.csv,3145730,21fa0311cd9c9f38e3ee11a2128ab0d34a085379472618def5b16873cd51f59c
deadline_repair_v2,0,dd355cc1df28cba780e9/prediction_samples.csv,3863190,74e402a65654d80f8ed86cb4774d69c0fa0fb9216a5e4d70a78418a48845695e
deadline_repair_v2,0,dd355cc1df28cba780e9/resolved_config.json,7770,13965ae4f8722097c46a10af456acde2a5527935edb478eb060ae2f1d668e1bc
deadline_repair_v2,0,dd355cc1df28cba780e9/secondary_airtime_events.csv,109811,7320db4d7da1444d6c61aabe69023311e0ead0ba603627193bcd6999c4b2f8d8
deadline_repair_v2,0,dd355cc1df28cba780e9/secondary_airtime_settlements.csv,38367,fc5ae2aaf9828c551f6ed8fe63549b4074c068650343f299e4ff5cf968f15267
deadline_repair_v2,0,dd355cc1df28cba780e9/secondary_airtime_summary.json,595,fb52706d67550a67b70f2a83306dc533c198e56d5a941cd7bff024459bc58abd
deadline_repair_v2,0,dd355cc1df28cba780e9/stdout.log,188,f13a6a8bd1c57c1da9f8a08b697a6e3323b46d7a2882fb63c9114079689d7973
deadline_repair_v2,0,dd355cc1df28cba780e9/summary.json,1887,d583a9b338fb7f62bd1f701fac431ca945c6fea8d3679cf5dd460467e4e8ac22
deadline_repair_v2,0,deadline_oracle_pair_validation.json,10592,1e99a904283c688feda9602bcede6bb176c64352715743947e9c7b34072cc8a6
deadline_repair_v2,0,deadline_sources/01082d5f563a2ffc43e2/deadline_sidecar_provenance.json,763,ddf497edc7aaf3326d9ba00bb3550c2aa50e48367dfaa3fb71efed0eca364003
deadline_repair_v2,0,deadline_sources/01082d5f563a2ffc43e2/frame_packet_deadline_outcomes.csv,139777,41f4c1d0ace68dc05c1f1aa9714434a299cc56f668b9876ec608485e923c31a7
deadline_repair_v2,0,deadline_sources/5eb3c1f4b8611422b0ef/deadline_sidecar_provenance.json,766,2c9e4772ef40d0260aa307e75198ef3d1fc2bc857d6bdee671835f208c138969
deadline_repair_v2,0,deadline_sources/5eb3c1f4b8611422b0ef/frame_packet_deadline_outcomes.csv,125355,34282a1528be3b1ab82a5747ed51a61f6a54f85eb8791e22b4ad94926fd3be8b
deadline_repair_v2,0,deadline_sources/721489ba93438d850f76/deadline_sidecar_provenance.json,763,95e8e675560fdd9c733113eac599eacf4f2c8212f899c9a3404404d2e86e726f
deadline_repair_v2,0,deadline_sources/721489ba93438d850f76/frame_packet_deadline_outcomes.csv,135933,862479be03cbf06fc3466055f6e45cbe0222240a11543e8b5b3b7008bd83b495
deadline_repair_v2,0,deadline_sources/8092bb7d796f712a6558/deadline_sidecar_provenance.json,766,ce1e4fbed4e5fadffcb45b0bd2f1ec0237d49525d855968c76600cd3e197e696
deadline_repair_v2,0,deadline_sources/8092bb7d796f712a6558/frame_packet_deadline_outcomes.csv,127941,02fec9265ffa541b9eaa693a455b7e984693160ce3a2effbda6daaa10ed1b82e
deadline_repair_v2,0,deadline_sources/904e8c1175beea4117fd/deadline_sidecar_provenance.json,763,6c87e7d353fa8911bea636b3a28c348def9a276f87280c5b9df5acfb65898990
deadline_repair_v2,0,deadline_sources/904e8c1175beea4117fd/frame_packet_deadline_outcomes.csv,160451,25a1233e0ede8d4119cfdaa8ac103fa9cf02833ead81b2ca56230c6e343c2549
deadline_repair_v2,0,deadline_sources/97dc434f9ebd0f1927e3/deadline_sidecar_provenance.json,763,6e2372e1d8754135d80c60c0ce0cea8825f2bb380a1916f8a49997e739664c59
deadline_repair_v2,0,deadline_sources/97dc434f9ebd0f1927e3/frame_packet_deadline_outcomes.csv,164092,190ac5c15aa7872a8e1d86c34afb14d85154e1cd854cb0f6917726aa172dfefe
deadline_repair_v2,0,deadline_sources/bdda6e0d6cfd01f2e64d/deadline_sidecar_provenance.json,763,7d29ea35d7be5411d342838581553769bad1b78e74c3e7299b17a4ec056cc547
deadline_repair_v2,0,deadline_sources/bdda6e0d6cfd01f2e64d/frame_packet_deadline_outcomes.csv,152950,8d1c19f506bda75b9a53284a6e55c39f40afc44067768ea5849e08a786cd175f
deadline_repair_v2,0,deadline_sources/c54ead6d747f05812595/deadline_sidecar_provenance.json,763,594d74ab1b31a6398e13222504d1b4cb311eb2ac3b4d96565b4375f1bbe14172
deadline_repair_v2,0,deadline_sources/c54ead6d747f05812595/frame_packet_deadline_outcomes.csv,148169,f7e695d035fb5d38e2d34e5610c861e23713d23042c61345366814a99e15390e
deadline_repair_v2,0,deadline_sources/f99098b4099146c46cf0/deadline_sidecar_provenance.json,763,7dfb6cb819da53f4a9e5a9cef6cdff0132d6d776d5e8867d951d4b62b0b7ccf6
deadline_repair_v2,0,deadline_sources/f99098b4099146c46cf0/frame_packet_deadline_outcomes.csv,144827,6b41443f3e2ab6b1ffa37fe595b72ee1c8dcac1e132a4359693f96f748e9175a
deadline_repair_v2,0,deadline_sources/fa58653d01fb638be19d/deadline_sidecar_provenance.json,763,2bf50354ec2b43bc15d736a2e9d3b1dff54d2f3c618e809683110dab945a9977
deadline_repair_v2,0,deadline_sources/fa58653d01fb638be19d/frame_packet_deadline_outcomes.csv,157740,bce7d3a58812ca790048e842468ad98a9a2dee8fe1015ab5ca08a16eab355af6
deadline_repair_v2,0,experiment_manifest.json,87154,260da29d1caf296c7a5eec844d5c5a69a7c78b81d103954322d07513abd2d933
deadline_repair_v2,1,1002ecde55e05ada087d/background_flows.csv,3096,0a801d97672000856d1d7db984e6bb5a7bd33b25be57f8c957c006f45d005c7e
deadline_repair_v2,1,1002ecde55e05ada087d/background_rate_periods.csv,324392,30fe1720fc4dbd93352d815dec7e2550d260e4dac996ffccfaf8f681c4feeeb9
deadline_repair_v2,1,1002ecde55e05ada087d/build_info.json,301,d62193181647c519804f2d40b8e55cb8e50cc7759721cf2a9917db21cdf7cd07
deadline_repair_v2,1,1002ecde55e05ada087d/frame_packet_outcomes.csv,158243,9d427afd3013935c0908cc1619a4f5560bb84b087b22fa7bed25501ee64d57e7
deadline_repair_v2,1,1002ecde55e05ada087d/frames.csv,270194,e04b58c4de8dde573a74ed800b26d52b312f2d8be7cbc16b92eb47eab122cd22
deadline_repair_v2,1,1002ecde55e05ada087d/link_intervals.csv,513,66f61a7518c5b49e5e6ceeb4d690d570302f3de961594306ee8888de165fd77b
deadline_repair_v2,1,1002ecde55e05ada087d/mac_summary.csv,231,0e799f85a970ec7f09bdc908580269f7bf46097ace4511ec670e6bcf8d6cb0fe
deadline_repair_v2,1,1002ecde55e05ada087d/mechanism_t2_actions.csv,268081,1cccf4e4f729f2275815a2c2849bfb609f7e21c54d3b6a9758549d3924ef3165
deadline_repair_v2,1,1002ecde55e05ada087d/mechanism_t2_snapshots.csv,320497,b2271ac91530460bdc81e83133cf93d16d2d13b3cd93e55f899f8f2a2e8302fe
deadline_repair_v2,1,1002ecde55e05ada087d/ofdma_summary.csv,237,81b5e2b4889dd80c26f034428e19b19acc9486f9cf3477b6659f072720046a03
deadline_repair_v2,1,1002ecde55e05ada087d/policy_decisions.csv,192704,f4c5c761cee9210c84ca120e632b41df0a5b0b6e674ad21fa28135241b5bc2c8
deadline_repair_v2,1,1002ecde55e05ada087d/prediction_polling_samples.csv,3186429,eb9cb7614a4eb6a70a515e9b9dbfec63e636b455ef0979a4c16908a6eba4e2c5
deadline_repair_v2,1,1002ecde55e05ada087d/prediction_samples.csv,3948943,c46d11350d03b95e65077b36e66ba0343f5af46693f4950c9d575f4d863d5334
deadline_repair_v2,1,1002ecde55e05ada087d/resolved_config.json,7473,818164cd29ee162e7423a953f0cfad32fef2ddc1977d52688ccb4d5272e7d926
deadline_repair_v2,1,1002ecde55e05ada087d/secondary_airtime_events.csv,135311,794834663186da3d22640047cf730b1644d976aa285eee2bc26a38b5bf953280
deadline_repair_v2,1,1002ecde55e05ada087d/secondary_airtime_settlements.csv,42166,b30e2f03693e740773f910698186a4da7ce1e77505c42a360e8a844e03ef0cb5
deadline_repair_v2,1,1002ecde55e05ada087d/secondary_airtime_summary.json,605,c767b7684192f932fb864f18beef99fc3235f4cfeca27372a58e6bc3be7f99ab
deadline_repair_v2,1,1002ecde55e05ada087d/stdout.log,188,e4564a82482e393f8e7989762ff4677ff1c6a57ff271002bf32c4889568bec7a
deadline_repair_v2,1,1002ecde55e05ada087d/summary.json,1593,a2961169e8e78170af652b884e31916c88b7094624301a263514ac2c64c0f2cf
deadline_repair_v2,1,12dae7d0bf8c55d51e58/background_flows.csv,3049,6e3dd3608d3b5705ff2115b97e7a19e4f70f69815ffd2c0cc9b5ecd6e3cc0f80
deadline_repair_v2,1,12dae7d0bf8c55d51e58/background_rate_periods.csv,322988,b62d2f44b6a5e245a11c9ff723077adfa26d21f4d78f97c3f4797ef17eaaff04
deadline_repair_v2,1,12dae7d0bf8c55d51e58/build_info.json,301,de111578b4c19b2255faa1ae27edd7be11de11f23b33ce3a51922b1fe3786926
deadline_repair_v2,1,12dae7d0bf8c55d51e58/frame_packet_outcomes.csv,172053,aca4e2e81c38d1511b5e3294c3e3c1f2d7c2a0c374873453f6605ee959a7a5d8
deadline_repair_v2,1,12dae7d0bf8c55d51e58/frames.csv,277497,8610108a51b5f56ca8f463757d75f12fc80153e7f020295100673b9b2972cbbb
deadline_repair_v2,1,12dae7d0bf8c55d51e58/link_intervals.csv,504,6bf905a7940ae8bce401465ab5fb1f70c6841d8d0fafeeb506ab11ae09bf7269
deadline_repair_v2,1,12dae7d0bf8c55d51e58/mac_summary.csv,224,0c3bae163549d53a751438e72195da8a1d7d3d5cbb0bac24e38b488e5e096c7e
deadline_repair_v2,1,12dae7d0bf8c55d51e58/mechanism_t2_actions.csv,274556,f084246f5b4e07c9a1838ceb734a42cb5190289297e7e54f2201313165a7a859
deadline_repair_v2,1,12dae7d0bf8c55d51e58/mechanism_t2_snapshots.csv,324936,e5135e26a60f3af5d22a961095fbaf7ed26def8b1b13420dfd6321de91cb9334
deadline_repair_v2,1,12dae7d0bf8c55d51e58/ofdma_summary.csv,237,81b5e2b4889dd80c26f034428e19b19acc9486f9cf3477b6659f072720046a03
deadline_repair_v2,1,12dae7d0bf8c55d51e58/policy_decisions.csv,194874,ab146e5efff5413c1b46b782f9e828495260b983f0a6ef502bde81c4c7ee8e5d
deadline_repair_v2,1,12dae7d0bf8c55d51e58/prediction_polling_samples.csv,3045218,303a493ac45ebd897a6dd6feaf9ecb1fd1c2226a9012c267cb2a4095e4541aa7
deadline_repair_v2,1,12dae7d0bf8c55d51e58/prediction_samples.csv,3778099,d8092fa828800daf6957cbd1501e202a708233e35c8dc223562291613b73c0d7
deadline_repair_v2,1,12dae7d0bf8c55d51e58/resolved_config.json,7483,6d1d5685c65738cbbbf704f7ea17f61332f7d4203a4d8e67a27c65a1eef88448
deadline_repair_v2,1,12dae7d0bf8c55d51e58/secondary_airtime_events.csv,365687,f3a740039f57afa196434911813db989726462d80ecf43672ee0d2e428fb8806
deadline_repair_v2,1,12dae7d0bf8c55d51e58/secondary_airtime_settlements.csv,47960,b066f0793be27e613ec99a03461c1516c780278fd5dad3799566e81ff1f953c2
deadline_repair_v2,1,12dae7d0bf8c55d51e58/secondary_airtime_summary.json,599,80cdd1ced2639efae73193040a3e7c4dd5bb719c8c49721875318dffabc8f948
deadline_repair_v2,1,12dae7d0bf8c55d51e58/stdout.log,188,8c69f2727d25beccd9ed6dea7f06f3498bf1c196abcc07070435e934b2fda7f7
deadline_repair_v2,1,12dae7d0bf8c55d51e58/summary.json,1594,d827b04f75556a280fe8b7ee2c2f6d5b060f38f2c44a86f27f0aa22abf638799
deadline_repair_v2,1,2a1de5ce5a7db10bda27/background_flows.csv,3075,6d87fc07aff4f87576b95a35cd467f0aee50c2d591624c2f4c5f7145ce421649
deadline_repair_v2,1,2a1de5ce5a7db10bda27/background_rate_periods.csv,328521,72ad78d83496bad62403f610c3ae2b3228a2119b6ac74cb63b703c129c661c0a
deadline_repair_v2,1,2a1de5ce5a7db10bda27/build_info.json,301,d62193181647c519804f2d40b8e55cb8e50cc7759721cf2a9917db21cdf7cd07
deadline_repair_v2,1,2a1de5ce5a7db10bda27/frame_packet_outcomes.csv,170816,47512b3787f8b779e2b5cb66fafbf15e6b60022b270fbad0a475ded24517c556
deadline_repair_v2,1,2a1de5ce5a7db10bda27/frames.csv,277109,030216cdbd087dd7833b695056bf1a63dde26081a39a758f596c57ed79864dd0
deadline_repair_v2,1,2a1de5ce5a7db10bda27/link_intervals.csv,509,5b92ea812fdb4843bf3631dc1adc1d29aeca7ea8ac68dba555a60def33aa8883
deadline_repair_v2,1,2a1de5ce5a7db10bda27/mac_summary.csv,226,53c2fdd993f6c496042fb35d59ecc038b787de29277c1cfbd108231b4c80875c
deadline_repair_v2,1,2a1de5ce5a7db10bda27/mechanism_t2_actions.csv,258850,ec8279a89358f849115b5cab4ba1484808be9ae3c12e038beb87e7fd16644e55
deadline_repair_v2,1,2a1de5ce5a7db10bda27/mechanism_t2_snapshots.csv,321045,ffbbecd542d3dafe2882b1bf91a99193abbb05b2835d05dfb49f3883c80ee372
deadline_repair_v2,1,2a1de5ce5a7db10bda27/ofdma_summary.csv,237,81b5e2b4889dd80c26f034428e19b19acc9486f9cf3477b6659f072720046a03
deadline_repair_v2,1,2a1de5ce5a7db10bda27/policy_decisions.csv,189778,726eeaa3f692bf3b8b3a4d724713990deadb0915c1e452519f3b0eeafde9e164
deadline_repair_v2,1,2a1de5ce5a7db10bda27/prediction_polling_samples.csv,3114278,b217180be8082a759db126b40e973dd5a7b1fd4af0e8cf6387965ac8fa192b27
deadline_repair_v2,1,2a1de5ce5a7db10bda27/prediction_samples.csv,3837460,b3de9cd31c4420c7ef93b951e986ac972efa7e7bc8117cef663bfa99c7d03101
deadline_repair_v2,1,2a1de5ce5a7db10bda27/resolved_config.json,7751,9d00f3b0229fe148a7feaf7564397111cae5f3dec325aa5d0fd43f8a7fef190d
deadline_repair_v2,1,2a1de5ce5a7db10bda27/secondary_airtime_events.csv,117079,096d83ef337a6c3c4451b034528e7a731fcffba1030b7f63328d762687e456d5
deadline_repair_v2,1,2a1de5ce5a7db10bda27/secondary_airtime_settlements.csv,25567,c9c43f2775282d6bf0e0d09caa33ca866fe08ba54e36ec5b3ce1b5521c316da9
deadline_repair_v2,1,2a1de5ce5a7db10bda27/secondary_airtime_summary.json,596,6192fa78e999cea86b710ec82ac168be0b8f0dd328387accb4442d4d9896b3a3
deadline_repair_v2,1,2a1de5ce5a7db10bda27/stdout.log,188,fc4001691ae5961ae92ea277e2ad56da8407581d7780771769489083a0751d29
deadline_repair_v2,1,2a1de5ce5a7db10bda27/summary.json,1902,9b7186e44cd81e80f2732696f6f21bbd19cafa449b18db6341d2760495947a10
deadline_repair_v2,1,2ed55f096586dabc7981/background_flows.csv,3047,ba2ad6addd94c1ae087d39a54a9685b42616111d09564488d43d213699d46718
deadline_repair_v2,1,2ed55f096586dabc7981/background_rate_periods.csv,323036,0b83e789f92ee1ff55dbf229744047e1b334f87109dc042de30e2f7bc823cf99
deadline_repair_v2,1,2ed55f096586dabc7981/build_info.json,301,d62193181647c519804f2d40b8e55cb8e50cc7759721cf2a9917db21cdf7cd07
deadline_repair_v2,1,2ed55f096586dabc7981/frame_packet_outcomes.csv,174056,f69ec77a8df3708f7a75fdb6c0d534a0bcf9ad0cbbde7c03a65a414e48db725a
deadline_repair_v2,1,2ed55f096586dabc7981/frames.csv,278468,7e7153a1d3da0e75c21f5d60addb1307003b5e546483fedb25a156c65a8354aa
deadline_repair_v2,1,2ed55f096586dabc7981/link_intervals.csv,508,fe21a433bc15a5c6f13f9e1642d3f704085b289c2e560cfc1d580486c694c0dd
deadline_repair_v2,1,2ed55f096586dabc7981/mac_summary.csv,228,0ca571d146e0829d62b25f5d437f83554afe623185104633c7cbd2191466ef40
deadline_repair_v2,1,2ed55f096586dabc7981/mechanism_t2_actions.csv,255064,8cfeccea124c866da715e7e791c50297b5d48e3075ea88341927a9a26e901ea3
deadline_repair_v2,1,2ed55f096586dabc7981/mechanism_t2_snapshots.csv,317731,59c2f87586978d90dd9a8635903d2db4b1f05b6438e37483a0dcb447056f9f25
deadline_repair_v2,1,2ed55f096586dabc7981/ofdma_summary.csv,237,81b5e2b4889dd80c26f034428e19b19acc9486f9cf3477b6659f072720046a03
deadline_repair_v2,1,2ed55f096586dabc7981/policy_decisions.csv,188602,bcb900dbabc0ad3cf70377e5ff8bfdd32013372bed5aca8aba3790b67a6091fe
deadline_repair_v2,1,2ed55f096586dabc7981/prediction_polling_samples.csv,3059553,42a885ae050efb56bd3df001761e35773dffd420e7f751d4196f1dfd816ea4f5
deadline_repair_v2,1,2ed55f096586dabc7981/prediction_samples.csv,3786303,31dda115da8659930acff1739bbe4da75a5f0a7e1ca8e307e8d37011ba43255e
deadline_repair_v2,1,2ed55f096586dabc7981/resolved_config.json,7464,e0a8a72283ec329766631bed5fca5e3dd4d026135bfb39a3a8c5d00af9d176b8
deadline_repair_v2,1,2ed55f096586dabc7981/secondary_airtime_events.csv,120776,1a8d3cd3b5d9c0b6979a9b35a2539012e8866454b3fefb0129680f502c284a16
deadline_repair_v2,1,2ed55f096586dabc7981/secondary_airtime_settlements.csv,19903,6cdd17a2655dbf3846eb1bbd19dd03ed753468f857c62ac714335bc04e957660
deadline_repair_v2,1,2ed55f096586dabc7981/secondary_airtime_summary.json,598,bf170832e8c000fa1ec13ea0e07fac8c170ad7eb8f8be51ad887b5e8cf97f64b
deadline_repair_v2,1,2ed55f096586dabc7981/stdout.log,188,8ece5e0acf99c9d33d38352f5d3cc022a270e14e0524b8be5b92064c65f78e2a
deadline_repair_v2,1,2ed55f096586dabc7981/summary.json,1586,4082f970269ae402fa83586ac4efee8c1ff89355e16f61e044ed44c188a0f784
deadline_repair_v2,1,616ded8cc837fb679630/background_flows.csv,3105,a4a0c016d9026b38efbf395341d2b2c19428835e278ea4030e6b4e4ef2862752
deadline_repair_v2,1,616ded8cc837fb679630/background_rate_periods.csv,322298,fb8096b9c1d04a9e654186eda5ce5c99c36e293a591075cce8c3c26a386d1994
deadline_repair_v2,1,616ded8cc837fb679630/build_info.json,301,d62193181647c519804f2d40b8e55cb8e50cc7759721cf2a9917db21cdf7cd07
deadline_repair_v2,1,616ded8cc837fb679630/frame_packet_outcomes.csv,123311,d02d670d765d5a00b7cb595c7774c414f10bd434bbcae65305c70dfc4c397e1d
deadline_repair_v2,1,616ded8cc837fb679630/frames.csv,251729,126d5d39a0a15f721e03f950d7c8fadab0f74f240eae3e51784a9fdf92b4c0e8
deadline_repair_v2,1,616ded8cc837fb679630/link_intervals.csv,515,aeb18959eaf464faa004688718ba10ec8fd0a5e7b50b325204192112038a2da7
deadline_repair_v2,1,616ded8cc837fb679630/mac_summary.csv,231,2c5104e6f5b01c3d69ba9bc01a54b0835a2ced85ae266dc91a8a5ec25709837b
deadline_repair_v2,1,616ded8cc837fb679630/mechanism_t2_actions.csv,304930,88bba3b8f046f2244e13e74da09dfdea51d7da0e1d92f3c30188c766b331f3f1
deadline_repair_v2,1,616ded8cc837fb679630/mechanism_t2_snapshots.csv,356753,13e7ac22e5f64ec4f9da16a8da8d9c2c99f5f4b34e9f3d409bc4750d4a3a128b
deadline_repair_v2,1,616ded8cc837fb679630/ofdma_summary.csv,237,81b5e2b4889dd80c26f034428e19b19acc9486f9cf3477b6659f072720046a03
deadline_repair_v2,1,616ded8cc837fb679630/policy_decisions.csv,204198,f21197d96b7e225e2ad246d40361cee0d44e9178552e7daee3d5d9b40fe97909
deadline_repair_v2,1,616ded8cc837fb679630/prediction_polling_samples.csv,3183708,4c92cf7cc4c3ff5b51aefc984c62366d4e08afe43819acd5fc8770f04ebe8429
deadline_repair_v2,1,616ded8cc837fb679630/prediction_samples.csv,3971268,312c22c8b53c6b779fd332844e97399ebb49b13b7f392fdb308b82b1d414a106
deadline_repair_v2,1,616ded8cc837fb679630/resolved_config.json,7489,9e7dbea84398b90a5d28373a44084142d40f4d3d4240044fe0797fc62a7e32aa
deadline_repair_v2,1,616ded8cc837fb679630/secondary_airtime_events.csv,360649,6e9b2415999238307d331b234a2b0d1e10306068f28c8279f7136191043a17d7
deadline_repair_v2,1,616ded8cc837fb679630/secondary_airtime_settlements.csv,101160,c2e7adae1a7b5e0db5c55f7412840de6376352940571b1a6380b891e75913e06
deadline_repair_v2,1,616ded8cc837fb679630/secondary_airtime_summary.json,605,686b3402d524b352a985a8e55b524848382de32ace1e577583c327be3669ba3a
deadline_repair_v2,1,616ded8cc837fb679630/stdout.log,190,f915a4bb93bd672928714cd1f38ec0697f1305d4579c2f6216c394cf88633cf9
deadline_repair_v2,1,616ded8cc837fb679630/summary.json,1597,7441f641b4eca28e077ea6d81853401650ab3a0d74dc8e2edb2d6613916281be
deadline_repair_v2,1,89b0d5b64fd5426279a7/background_flows.csv,3077,6ea9809ed408c238a9a5edc98dade623027cf2c02e6ea76b211f015ceaeef8b9
deadline_repair_v2,1,89b0d5b64fd5426279a7/background_rate_periods.csv,332375,f7849f9c0c5ea52ad3a84dbfa1469ef51978f326aac7b7e6bec047b7e9c68fdc
deadline_repair_v2,1,89b0d5b64fd5426279a7/build_info.json,301,de111578b4c19b2255faa1ae27edd7be11de11f23b33ce3a51922b1fe3786926
deadline_repair_v2,1,89b0d5b64fd5426279a7/frame_packet_outcomes.csv,153069,b5136fb660a564a622c4731a3c85ff46a7b1b328ce01ac38c3bac22bdbe9a77a
deadline_repair_v2,1,89b0d5b64fd5426279a7/frames.csv,267672,c1d3100738ae8fa14bbb2efd36e4645d388c7656c0c09ddcbf1e2e545b108649
deadline_repair_v2,1,89b0d5b64fd5426279a7/link_intervals.csv,516,ea56e79c8816b518109d50fda30a878787994ad8bdb4b13d16c4ff5c8a8f54bb
deadline_repair_v2,1,89b0d5b64fd5426279a7/mac_summary.csv,231,bb19a4de72ba91ed9e61e4185db3145cf8620ea0959b83254ad8f7c46d4fa386
deadline_repair_v2,1,89b0d5b64fd5426279a7/mechanism_t2_actions.csv,286744,ff9aeffa9d3cb028f1ef6501c2f138c93dd6f6b31ff6a32118c6235b6e16e7ff
deadline_repair_v2,1,89b0d5b64fd5426279a7/mechanism_t2_snapshots.csv,339070,2968f2fe32662de8cc99488b87411b8949906c356cf7619574027d4782314925
deadline_repair_v2,1,89b0d5b64fd5426279a7/ofdma_summary.csv,237,81b5e2b4889dd80c26f034428e19b19acc9486f9cf3477b6659f072720046a03
deadline_repair_v2,1,89b0d5b64fd5426279a7/policy_decisions.csv,198570,7bb2312d8979f20c8fbe339ee7452b0687f11c1ae0fabdbba949a4de52a3b697
deadline_repair_v2,1,89b0d5b64fd5426279a7/prediction_polling_samples.csv,3218384,f1020d6d7bf160ceb2e876ba8ff5b95304e58a9437239dd51f50b23a1443356f
deadline_repair_v2,1,89b0d5b64fd5426279a7/prediction_samples.csv,3958553,17f46eb8f14b005f96c59c0d3fbc5d09a52665de9e1fef0b41b13e04f7a6951a
deadline_repair_v2,1,89b0d5b64fd5426279a7/resolved_config.json,7746,e7b589a591eaaedb1fe07182d5381c6a45935064b1436cdecf345508f92c49aa
deadline_repair_v2,1,89b0d5b64fd5426279a7/secondary_airtime_events.csv,435845,5e0f9ece39849d6c5020f72983b801b68b0f2e1e9a434230ba19fd95b38349f0
deadline_repair_v2,1,89b0d5b64fd5426279a7/secondary_airtime_settlements.csv,69089,f969c831abc3f15d4df5196580f91f752e3c13e3b0ab3e8a02c7a2ea5c3118b8
deadline_repair_v2,1,89b0d5b64fd5426279a7/secondary_airtime_summary.json,599,13f5d6bd488ed970f2a71ed76a3e079ec78d0deb43da8f97ba396fa786d0e8b1
deadline_repair_v2,1,89b0d5b64fd5426279a7/stdout.log,190,893a17f9da8939d8799a718e5f6ee0549cba8ef936f91e4acd49eb50269dcb12
deadline_repair_v2,1,89b0d5b64fd5426279a7/summary.json,1917,cab20ae4ce706bdd01aa71477e1788c1f0d454f0d19335a671921defb5afed9c
deadline_repair_v2,1,db204603d3880fb1409d/background_flows.csv,3043,30725f6cafedf38c28375152eeca22f600ec4ee6b82b70bff8a41a49649cdc7c
deadline_repair_v2,1,db204603d3880fb1409d/background_rate_periods.csv,190123,dc84aac585e7f5af717e8fb19d7389084f9fa73d4cb9c0ff9a49b9ef091c8b05
deadline_repair_v2,1,db204603d3880fb1409d/build_info.json,301,d62193181647c519804f2d40b8e55cb8e50cc7759721cf2a9917db21cdf7cd07
deadline_repair_v2,1,db204603d3880fb1409d/frame_packet_outcomes.csv,171717,59c038a829322550d92b16e2ef37991fdf5494d9361be168ec314051c8357410
deadline_repair_v2,1,db204603d3880fb1409d/frames.csv,277570,f80f8a0c411f2614617faff3173314f1812d603d3c1c98e937108ebb43026ece
deadline_repair_v2,1,db204603d3880fb1409d/link_intervals.csv,507,bcfd10a6fc941d2c4618c3df0ec39d4c73f524c867a370b96705982f2fa688ac
deadline_repair_v2,1,db204603d3880fb1409d/mac_summary.csv,224,6a04e238b7202603bba515adeee6237ca27957d3886ac365ceb90b3d34a6218d
deadline_repair_v2,1,db204603d3880fb1409d/mechanism_t2_actions.csv,259714,c723ffddf21590b807c5fec042a2b4c0052f2d762ec49a09f6221939012f1f6e
deadline_repair_v2,1,db204603d3880fb1409d/mechanism_t2_snapshots.csv,316272,bf1160f4f53960c375328fc070e665dea022eab89f2557c4f7ad2aeed0deab8e
deadline_repair_v2,1,db204603d3880fb1409d/ofdma_summary.csv,237,81b5e2b4889dd80c26f034428e19b19acc9486f9cf3477b6659f072720046a03
deadline_repair_v2,1,db204603d3880fb1409d/policy_decisions.csv,189988,817e29c9215efd5a9a8aa0133baac9cc2f178e27df32e6f38894f37503b236ef
deadline_repair_v2,1,db204603d3880fb1409d/prediction_polling_samples.csv,3121463,84aaef1d571ee4330151c922568f7ba740cc66ca9b2b4efb1d19e88a2f4b1274
deadline_repair_v2,1,db204603d3880fb1409d/prediction_samples.csv,3848689,22e4512ed3d88f88ac123aa5d0607682e3131d01969a96ad28b4455f3d0b3fbe
deadline_repair_v2,1,db204603d3880fb1409d/resolved_config.json,7467,af5440ace23679cc330c0ffa41ce8871fab82817dd8f47dcc969d454f6f6ec39
deadline_repair_v2,1,db204603d3880fb1409d/secondary_airtime_events.csv,99740,434582fc2f4babf4b84535db479b5ff85db0d6bd62c84bc760c12d43cb911d07
deadline_repair_v2,1,db204603d3880fb1409d/secondary_airtime_settlements.csv,26409,79a0b2fe9fd84939cc627b6c8684ccb753faf35011c8be929bb1070b79f63b2e
deadline_repair_v2,1,db204603d3880fb1409d/secondary_airtime_summary.json,603,6b0df1dbe8a6875cc738259daacf4100a4029f07aa3d609eeee2808b45bde443
deadline_repair_v2,1,db204603d3880fb1409d/stdout.log,188,84ce906c0c50cf4a07e4c17cffcd72a7c71964d16dd757a81638d71ed1e43660
deadline_repair_v2,1,db204603d3880fb1409d/summary.json,1588,f2d3660cbf6c39f13377c9cecf371525b3911561de386adfb5ec857d0d436506
deadline_repair_v2,1,deadline_oracle_pair_validation.json,10591,8b42346f98f6c3b51fde8b061a6e07f675b5f7a1cbd88c612c0051fef72967b1
deadline_repair_v2,1,deadline_sources/19f4975b10d6381d50ff/deadline_sidecar_provenance.json,765,81ed6474e478628cc02e7c359df59b6a07c53f155a0b27ab0053544821625233
deadline_repair_v2,1,deadline_sources/19f4975b10d6381d50ff/frame_packet_deadline_outcomes.csv,133177,7066b3f6af3d0346c3d7316f2dc7ac89244cd2fd578d3fa74605eb0468cabff9
deadline_repair_v2,1,deadline_sources/455b9a663e159c1cc43c/deadline_sidecar_provenance.json,763,8ea85409caf4e841bc708f8ddae0beb415575cf3d2d25affcd2594f42808d64f
deadline_repair_v2,1,deadline_sources/455b9a663e159c1cc43c/frame_packet_deadline_outcomes.csv,144235,ee9573f76cc7dcd930893a86eee78d021d0f57b0e037e786aa7c540a7ad707f8
deadline_repair_v2,1,deadline_sources/51016ab269ac17427848/deadline_sidecar_provenance.json,763,d9cf90cc953966e592c00d3bbdce95b57e53e29216a968d7fb5e8e929afccfd9
deadline_repair_v2,1,deadline_sources/51016ab269ac17427848/frame_packet_deadline_outcomes.csv,157943,799645bda350fa90a6ad310b247cc8f44e691de84079c3841f4abb5e1559da11
deadline_repair_v2,1,deadline_sources/750ce535c39c8e1daa65/deadline_sidecar_provenance.json,763,1d286b1a55ea9e52143b16481c4e5f34a1ce3b5067ae1628389774695903c9a5
deadline_repair_v2,1,deadline_sources/750ce535c39c8e1daa65/frame_packet_deadline_outcomes.csv,167548,869e098a7600e7fa718daba33a3310a2086278300909acc6149476bf5c2cda9f
deadline_repair_v2,1,deadline_sources/8c592b4f180b5685fe86/deadline_sidecar_provenance.json,763,08f113e6ae15aa726761fd72e61469f6ace9967ea2cd46698dd9655646455b76
deadline_repair_v2,1,deadline_sources/8c592b4f180b5685fe86/frame_packet_deadline_outcomes.csv,162118,0a0a00115eea8c5c9812dbcd2443cf2df781cc13ac258f89d02bac9236a21cae
deadline_repair_v2,1,deadline_sources/8dca2d0a4c58dadb3908/deadline_sidecar_provenance.json,763,e878249576844cbcbde5c441ed2b8eb8e7e03e86259dd3b8ef5859bd53315c4c
deadline_repair_v2,1,deadline_sources/8dca2d0a4c58dadb3908/frame_packet_deadline_outcomes.csv,158867,fc726e789c0dc13dcf8977e05d9b41bae21c8893522564793dfe737d6aa726c2
deadline_repair_v2,1,deadline_sources/a4f8f0992bdf667a45f0/deadline_sidecar_provenance.json,766,63fb4f8d33e51bb6ed82a6a0afe46a62b274213b202f509743b5aa63d34686cc
deadline_repair_v2,1,deadline_sources/a4f8f0992bdf667a45f0/frame_packet_deadline_outcomes.csv,116303,e6f61502c3cbb57431e9cd2203a4537b8a170eba9bbacad1880f51fe2a7c6d93
deadline_repair_v2,1,deadline_sources/aa77ac8fdc446cff675f/deadline_sidecar_provenance.json,763,b1bf272d1e78abf08663d48c521bb3bb5dc31304fefb5082011e8b1811ad8553
deadline_repair_v2,1,deadline_sources/aa77ac8fdc446cff675f/frame_packet_deadline_outcomes.csv,150265,ca9b329a03c4b54e1f15fb4f97c6092befc0841fd463a5d21ee4968675bdff95
deadline_repair_v2,1,deadline_sources/b0cca6688a84f4eed8f1/deadline_sidecar_provenance.json,766,ed6c180d274c2dbbae776c1f45061c0845c6faeabd75c76dbcdbd824857965e6
deadline_repair_v2,1,deadline_sources/b0cca6688a84f4eed8f1/frame_packet_deadline_outcomes.csv,126362,3b06d18c4d2344e6585016f05116353fb400c0c4e2bb9fc6b513250283f836f2
deadline_repair_v2,1,deadline_sources/eee12f31b8740e7e3493/deadline_sidecar_provenance.json,763,569874d16e824dd3c394403c9e20fd8e5a432d32c70c012eb273e4a500c88ed6
deadline_repair_v2,1,deadline_sources/eee12f31b8740e7e3493/frame_packet_deadline_outcomes.csv,169202,74dfb4b1d4e4560876aca416931ceb68b1a145d0def8aa6419ea826d7ce25b63
deadline_repair_v2,1,experiment_manifest.json,87146,edf85fbf353f9875c91cbb412fa6c0f92267961eff63ad2a43fcb1fdf80b3797
deadline_repair_v2,1,f9b66d1829df0a9f1b3e/background_flows.csv,3043,a2ebf513b8d68e8e308eb23a429655a481ab14299dae21a529b81f0390215d83
deadline_repair_v2,1,f9b66d1829df0a9f1b3e/background_rate_periods.csv,186258,ac3027ec402af9926a41154d85bf144518eb83d5f494229844d0589bb5da16fd
deadline_repair_v2,1,f9b66d1829df0a9f1b3e/build_info.json,301,d62193181647c519804f2d40b8e55cb8e50cc7759721cf2a9917db21cdf7cd07
deadline_repair_v2,1,f9b66d1829df0a9f1b3e/frame_packet_outcomes.csv,141569,5d4cbb71ed1d1228e2a9c16250843a662d21de1ceefcdf71bf91916898061daa
deadline_repair_v2,1,f9b66d1829df0a9f1b3e/frames.csv,261571,78d5e1d329b33b3a935136bbc4b97f4f8af3605b23cf8ca51a7d4bde96b64d38
deadline_repair_v2,1,f9b66d1829df0a9f1b3e/link_intervals.csv,519,d70b1a2db4e9854ac1c32e0ca95d98139205549a879c4f641a3fb7992b901d0b
deadline_repair_v2,1,f9b66d1829df0a9f1b3e/mac_summary.csv,233,d2e566cabd024d48116b21f49726207b01e100889da3eb04e28276420a19c91b
deadline_repair_v2,1,f9b66d1829df0a9f1b3e/mechanism_t2_actions.csv,294134,febb44d4f8139021f4cc8604c1051f156f49506215002c26f8916c3780534f7a
deadline_repair_v2,1,f9b66d1829df0a9f1b3e/mechanism_t2_snapshots.csv,335669,2bd56bf68067cde7773928e502211e74d2d8cc4f778aa06c490a1eb625c62c67
deadline_repair_v2,1,f9b66d1829df0a9f1b3e/ofdma_summary.csv,237,81b5e2b4889dd80c26f034428e19b19acc9486f9cf3477b6659f072720046a03
deadline_repair_v2,1,f9b66d1829df0a9f1b3e/policy_decisions.csv,200880,81a24744ebad0fc6296cf20b9f18150f226da05126f34427a3a6a381e713dcbe
deadline_repair_v2,1,f9b66d1829df0a9f1b3e/prediction_polling_samples.csv,3312080,e508c252362e6ef7c8ddf45ee74d5716f860071330dc71aadc84ad0f6f249df2
deadline_repair_v2,1,f9b66d1829df0a9f1b3e/prediction_samples.csv,4076001,f0450920c0049848c466ebf972035ccc4155ced0ead05089aa6427cdb7f57bb6
deadline_repair_v2,1,f9b66d1829df0a9f1b3e/resolved_config.json,7483,0ccc5116ec5a2872f2c61785d5ad31d0038128e25f0e99695671bb840b020d44
deadline_repair_v2,1,f9b66d1829df0a9f1b3e/secondary_airtime_events.csv,692928,0bcd141704d4d08f87bbe24bc52cc9cb451df140728b81db46843a8fcf8e00ef
deadline_repair_v2,1,f9b66d1829df0a9f1b3e/secondary_airtime_settlements.csv,81945,c46cd9d534ad718f8068c9fdc05d0c7f0e6e6b634329027058b963ad81a56886
deadline_repair_v2,1,f9b66d1829df0a9f1b3e/secondary_airtime_summary.json,599,30455e2daec08538330473f9edd8dc2983d66e7505ea854351c92a6eee573010
deadline_repair_v2,1,f9b66d1829df0a9f1b3e/stdout.log,190,643c2c7ce756715176319f485526fc947257e5b2d591c1f22f71a3abf3fd3a7f
deadline_repair_v2,1,f9b66d1829df0a9f1b3e/summary.json,1583,7e3f83ec6f5c1b3b24749090b9cca6ce0845df7cea962fac92d6970bc1a70f41
deadline_repair_v2,1,fd0cb805791df573df4c/background_flows.csv,3067,9f6d054eceb568e6dd5df0569c0726dc428d059d2ca577cb8a302687ee0f24b4
deadline_repair_v2,1,fd0cb805791df573df4c/background_rate_periods.csv,359393,fc5b453fb592c0c01f0fc4c0c0a18674e8da22795f6ec2b69207816cbb64069c
deadline_repair_v2,1,fd0cb805791df573df4c/build_info.json,301,d62193181647c519804f2d40b8e55cb8e50cc7759721cf2a9917db21cdf7cd07
deadline_repair_v2,1,fd0cb805791df573df4c/frame_packet_outcomes.csv,186701,2bb2aa79c39d3f9a8035dcd24a0667676c14bdce66d900dfb505dc4f64af7e9f
deadline_repair_v2,1,fd0cb805791df573df4c/frames.csv,278456,60fd92a16896b9e71d6fbf1203a063a9804392b371604515cfa081034a28d59e
deadline_repair_v2,1,fd0cb805791df573df4c/link_intervals.csv,505,8785630abc96f19da3559b1ffb20538f507e5004eb01765df4971e56cf862390
deadline_repair_v2,1,fd0cb805791df573df4c/mac_summary.csv,224,f571ccc941d18d0ef0bf02f17cb23920480b0b96a82e4fde34d8162573d770c7
deadline_repair_v2,1,fd0cb805791df573df4c/mechanism_t2_actions.csv,260732,ea644edab1d07a3f1c9747a15a351bcef48d7f8059949c5109305fc3d6b5ee94
deadline_repair_v2,1,fd0cb805791df573df4c/mechanism_t2_snapshots.csv,325737,53f1b355d199fc4485f96ea8ffe5fa73066224f47eac925c4b53f60ede7e5146
deadline_repair_v2,1,fd0cb805791df573df4c/ofdma_summary.csv,237,81b5e2b4889dd80c26f034428e19b19acc9486f9cf3477b6659f072720046a03
deadline_repair_v2,1,fd0cb805791df573df4c/policy_decisions.csv,190114,f6869732e97a7ae0ac93d9d48abd65a7e15f7903c2244e0ad070d044b8af63d7
deadline_repair_v2,1,fd0cb805791df573df4c/prediction_polling_samples.csv,3099954,dbdad93ba0014f24081397cb613d88886185d3c3dc5d5b09e562aa2aa5c61265
deadline_repair_v2,1,fd0cb805791df573df4c/prediction_samples.csv,3812276,dd506df6264cd02dc3ecf93ec7f03f697fbbbd1e27b50f44a492a4d9ce313e34
deadline_repair_v2,1,fd0cb805791df573df4c/resolved_config.json,7776,95726e14cdcd7cadedfb64db5c56218c8a1e6a2c43dc96b1ac9fda280000473d
deadline_repair_v2,1,fd0cb805791df573df4c/secondary_airtime_events.csv,68716,40ae042995c4d6f28ff8e1347b42f019368b6d413603ecccbe76399d7a30ced0
deadline_repair_v2,1,fd0cb805791df573df4c/secondary_airtime_settlements.csv,26773,0ffd19af05da7379b70e1c0f90120e4aa0ea2672d02bec1b4323bde2ea4dbc75
deadline_repair_v2,1,fd0cb805791df573df4c/secondary_airtime_summary.json,597,425a4d478e43b7851345a513843c8a9c748b21e2251a3954fe06d406b6412867
deadline_repair_v2,1,fd0cb805791df573df4c/stdout.log,188,206f97e6b78f51cf8988282743ca362cd6f27d54a48598ed4eee94c91dfc0a17
deadline_repair_v2,1,fd0cb805791df573df4c/summary.json,1874,588bb39da3797946e5000c7ea1f0b372a2da68dce2e7300185db3eba6c69da91
deadline_repair_v2,1,ff2d2c450154901f8809/background_flows.csv,3067,b628f4d607a680d95d72dcc89e89e32bb10a32826b86ed4b23b2598ba01b6d47
deadline_repair_v2,1,ff2d2c450154901f8809/background_rate_periods.csv,352207,79afc362118b2d788c1451674c989bfafe28b1b0488ebd37978856cb265f8a8b
deadline_repair_v2,1,ff2d2c450154901f8809/build_info.json,301,d62193181647c519804f2d40b8e55cb8e50cc7759721cf2a9917db21cdf7cd07
deadline_repair_v2,1,ff2d2c450154901f8809/frame_packet_outcomes.csv,184521,6fdfbd9e97759a915d0cf42030b110e7b72b91bb85de6e9ddbf6326aaef38069
deadline_repair_v2,1,ff2d2c450154901f8809/frames.csv,277233,e75048e9ce595ee545427ce6aa1bc1f74a8fd7839d5b33c63071d17400f599f6
deadline_repair_v2,1,ff2d2c450154901f8809/link_intervals.csv,507,a054ca2e877fcf71dbbf4a244b93fe68c5c4d929730491f4490669b32f44d00e
deadline_repair_v2,1,ff2d2c450154901f8809/mac_summary.csv,224,a07c392a2ae7f1dcb72fd6403aa77c22e40350e963bd6ae3df5fa88cd9996dca
deadline_repair_v2,1,ff2d2c450154901f8809/mechanism_t2_actions.csv,262484,7f5de1a0a8503ab938ebd9527f692dfacb41fa86439942ad8e0e7a1fd4583e72
deadline_repair_v2,1,ff2d2c450154901f8809/mechanism_t2_snapshots.csv,327900,411866f53617a3e692c25672df8bcf41c500150c7f78e74a83f2f41b40deeeb9
deadline_repair_v2,1,ff2d2c450154901f8809/ofdma_summary.csv,237,81b5e2b4889dd80c26f034428e19b19acc9486f9cf3477b6659f072720046a03
deadline_repair_v2,1,ff2d2c450154901f8809/policy_decisions.csv,190688,7c403d68ec47d5db88ced85c1f95d93ff15f8a3a0fe73df823fae5fb338214d6
deadline_repair_v2,1,ff2d2c450154901f8809/prediction_polling_samples.csv,3140061,98f40b60b98d5e0249fa8062afa0a3c1e904b358815d3ef9ad19582493e89f4f
deadline_repair_v2,1,ff2d2c450154901f8809/prediction_samples.csv,3854103,3dac32eb1bc02c506849be6264169fe9f0be668a747f80ebb05a688f369f4d0b
deadline_repair_v2,1,ff2d2c450154901f8809/resolved_config.json,7775,b41097755d54340af197a213a6dfabf049cc4aa0102e8b5030d12777d59df7c2
deadline_repair_v2,1,ff2d2c450154901f8809/secondary_airtime_events.csv,164562,8d221de16b20b4ac45611f2f554ea67f3df04edf7d9267548dda88c7d481c4b4
deadline_repair_v2,1,ff2d2c450154901f8809/secondary_airtime_settlements.csv,29838,d78ebd240c1e9b9116ff3a2332a3cf16bf67bfd982cf16db65cc37df9d4aac49
deadline_repair_v2,1,ff2d2c450154901f8809/secondary_airtime_summary.json,596,f11800b2e28cc2d059dad0197d7bf28dcba29eaf3f714dba5bc1e3b2d367eaba
deadline_repair_v2,1,ff2d2c450154901f8809/stdout.log,188,360bfd77b017693e7028fab46e4000c7b1f4cbf1bed32a8488a903e3e9d37cb5
deadline_repair_v2,1,ff2d2c450154901f8809/summary.json,1882,a5fe01500f5e6f26c41a2b2bcd291a099162b8940ff1a7e3f08a4516a2f64880
