family_id,scenario_id,parameter_sample,seed,run,arm_id,run_id,run_dir,generated_frame_count,completed_frame_count,deadline_miss_count,all_generated_deadline_miss_rate,completed_frame_hf7_p99_us,sender_airtime_us,background_bytes_received,background_throughput_mbps
radio_propagation,radio-propagation-qualification-p16,16,21001,1,str_mlo_nmaxinflights_1,36055a9633f78a0e291f,/home/jingweili/wifi_streaming_qualification_47e1996/results/environment_generalization_closed_loop_qualification_v1/runs/36055a9633f78a0e291f,1800,1800,0,0.0,5766.14,3090544.0,199831200,26.64416
radio_propagation,radio-propagation-qualification-p16,16,21001,1,score_aware_t2_v2,b3f705e31e8d04608ea3,/home/jingweili/wifi_streaming_qualification_47e1996/results/environment_generalization_closed_loop_qualification_v1/runs/b3f705e31e8d04608ea3,1800,1800,0,0.0,8360.169999999998,3132716.0,199828800,26.64384
radio_propagation,radio-propagation-qualification-p16,16,21001,1,distributional_shadow_t2,d7cc6616e96f354d1534,/home/jingweili/wifi_streaming_qualification_47e1996/results/environment_generalization_closed_loop_qualification_v1/runs/d7cc6616e96f354d1534,1800,1800,0,0.0,7682.099999999999,3248882.0,199828800,26.64384
radio_propagation,radio-propagation-qualification-p16,16,21002,1,str_mlo_nmaxinflights_1,32b03be30acda3f6545c,/home/jingweili/wifi_streaming_qualification_47e1996/results/environment_generalization_closed_loop_qualification_v1/runs/32b03be30acda3f6545c,1800,1795,5,0.002777777777777778,20387.5,4137898.0,201235200,26.83136
radio_propagation,radio-propagation-qualification-p16,16,21002,1,score_aware_t2_v2,c61ec9c441eed78a26ea,/home/jingweili/wifi_streaming_qualification_47e1996/results/environment_generalization_closed_loop_qualification_v1/runs/c61ec9c441eed78a26ea,1800,1797,3,0.0016666666666666668,19788.32,4947596.0,201238800,26.83184
radio_propagation,radio-propagation-qualification-p16,16,21002,1,distributional_shadow_t2,262a7a6060d7536b6c84,/home/jingweili/wifi_streaming_qualification_47e1996/results/environment_generalization_closed_loop_qualification_v1/runs/262a7a6060d7536b6c84,1800,1798,2,0.0011111111111111111,18622.27999999999,5022593.0,201238800,26.83184
radio_propagation,radio-propagation-qualification-p16,16,21003,1,str_mlo_nmaxinflights_1,8761dcbd3545e204f837,/home/jingweili/wifi_streaming_qualification_47e1996/results/environment_generalization_closed_loop_qualification_v1/runs/8761dcbd3545e204f837,1800,1800,0,0.0,5617.17,3090937.0,203856000,27.1808
radio_propagation,radio-propagation-qualification-p16,16,21003,1,score_aware_t2_v2,4f88b18164583009ba88,/home/jingweili/wifi_streaming_qualification_47e1996/results/environment_generalization_closed_loop_qualification_v1/runs/4f88b18164583009ba88,1800,1797,3,0.0016666666666666668,7934.719999999994,3168210.0,203856000,27.1808
radio_propagation,radio-propagation-qualification-p16,16,21003,1,distributional_shadow_t2,b52375c3f43793655f5a,/home/jingweili/wifi_streaming_qualification_47e1996/results/environment_generalization_closed_loop_qualification_v1/runs/b52375c3f43793655f5a,1800,1797,3,0.0016666666666666668,7430.399999999997,3299629.0,203856000,27.1808
radio_propagation,radio-propagation-qualification-p16,16,21004,1,str_mlo_nmaxinflights_1,630622330d1545dba695,/home/jingweili/wifi_streaming_qualification_47e1996/results/environment_generalization_closed_loop_qualification_v1/runs/630622330d1545dba695,1800,1790,10,0.005555555555555556,16446.029999999984,4148770.0,198840000,26.512
radio_propagation,radio-propagation-qualification-p16,16,21004,1,score_aware_t2_v2,f57e81d1db8c06e90ac8,/home/jingweili/wifi_streaming_qualification_47e1996/results/environment_generalization_closed_loop_qualification_v1/runs/f57e81d1db8c06e90ac8,1800,1797,3,0.0016666666666666668,15487.799999999985,5088388.0,198841200,26.51216
radio_propagation,radio-propagation-qualification-p16,16,21004,1,distributional_shadow_t2,18170c7e3b86a2e12e00,/home/jingweili/wifi_streaming_qualification_47e1996/results/environment_generalization_closed_loop_qualification_v1/runs/18170c7e3b86a2e12e00,1800,1797,3,0.0016666666666666668,17172.799999999996,5082552.0,198841200,26.51216
radio_propagation,radio-propagation-qualification-p17,17,21005,1,str_mlo_nmaxinflights_1,c937093ce51ea36c268e,/home/jingweili/wifi_streaming_qualification_47e1996/results/environment_generalization_closed_loop_qualification_v1/runs/c937093ce51ea36c268e,1800,1683,117,0.065,29779.560000000012,7073012.0,200689200,26.75856
radio_propagation,radio-propagation-qualification-p17,17,21005,1,score_aware_t2_v2,261f4cd0ba23304af809,/home/jingweili/wifi_streaming_qualification_47e1996/results/environment_generalization_closed_loop_qualification_v1/runs/261f4cd0ba23304af809,1800,1608,192,0.10666666666666667,30643.65,9640446.0,200653200,26.75376
radio_propagation,radio-propagation-qualification-p17,17,21005,1,distributional_shadow_t2,5423f0e08df2a7c98652,/home/jingweili/wifi_streaming_qualification_47e1996/results/environment_generalization_closed_loop_qualification_v1/runs/5423f0e08df2a7c98652,1800,1611,189,0.105,30797.300000000017,9665319.0,200646000,26.7528
radio_propagation,radio-propagation-qualification-p17,17,21006,1,str_mlo_nmaxinflights_1,8476ea31bfd8156e1748,/home/jingweili/wifi_streaming_qualification_47e1996/results/environment_generalization_closed_loop_qualification_v1/runs/8476ea31bfd8156e1748,1800,1254,546,0.30333333333333334,32202.35,12738720.0,203253600,27.10048
radio_propagation,radio-propagation-qualification-p17,17,21006,1,score_aware_t2_v2,b42b2c383e40ca6f7ec5,/home/jingweili/wifi_streaming_qualification_47e1996/results/environment_generalization_closed_loop_qualification_v1/runs/b42b2c383e40ca6f7ec5,1800,1094,706,0.39222222222222225,32372.35999999999,18633379.0,203224800,27.09664
radio_propagation,radio-propagation-qualification-p17,17,21006,1,distributional_shadow_t2,5f26a098daaa7c900e72,/home/jingweili/wifi_streaming_qualification_47e1996/results/environment_generalization_closed_loop_qualification_v1/runs/5f26a098daaa7c900e72,1800,1163,637,0.35388888888888886,32142.83999999999,18881438.0,203224800,27.09664
radio_propagation,radio-propagation-qualification-p17,17,21007,1,str_mlo_nmaxinflights_1,cf3d9b93ebfdcb90e360,/home/jingweili/wifi_streaming_qualification_47e1996/results/environment_generalization_closed_loop_qualification_v1/runs/cf3d9b93ebfdcb90e360,1800,1297,503,0.27944444444444444,32590.519999999997,11435258.0,196369200,26.18256
radio_propagation,radio-propagation-qualification-p17,17,21007,1,score_aware_t2_v2,b132cc0b9c5923944d79,/home/jingweili/wifi_streaming_qualification_47e1996/results/environment_generalization_closed_loop_qualification_v1/runs/b132cc0b9c5923944d79,1800,1175,625,0.3472222222222222,32691.260000000002,14366473.0,196344000,26.1792
radio_propagation,radio-propagation-qualification-p17,17,21007,1,distributional_shadow_t2,57127cd87e8789a5f2d3,/home/jingweili/wifi_streaming_qualification_47e1996/results/environment_generalization_closed_loop_qualification_v1/runs/57127cd87e8789a5f2d3,1800,1225,575,0.3194444444444444,32303.04,14940402.0,196357200,26.18096
radio_propagation,radio-propagation-qualification-p17,17,21008,1,str_mlo_nmaxinflights_1,82e51528936060ae348d,/home/jingweili/wifi_streaming_qualification_47e1996/results/environment_generalization_closed_loop_qualification_v1/runs/82e51528936060ae348d,1800,1609,191,0.10611111111111111,31492.840000000007,8638316.0,197485200,26.33136
radio_propagation,radio-propagation-qualification-p17,17,21008,1,score_aware_t2_v2,84bb0cb4bad3a0ff52fd,/home/jingweili/wifi_streaming_qualification_47e1996/results/environment_generalization_closed_loop_qualification_v1/runs/84bb0cb4bad3a0ff52fd,1800,1550,250,0.1388888888888889,31893.300000000003,11802950.0,197488800,26.33184
radio_propagation,radio-propagation-qualification-p17,17,21008,1,distributional_shadow_t2,fa56530b8ef64b8e27a1,/home/jingweili/wifi_streaming_qualification_47e1996/results/environment_generalization_closed_loop_qualification_v1/runs/fa56530b8ef64b8e27a1,1800,1570,230,0.12777777777777777,31959.03,12025453.0,197481600,26.33088
radio_propagation,radio-propagation-qualification-p18,18,21009,1,str_mlo_nmaxinflights_1,4cfb59287ccf7d617551,/home/jingweili/wifi_streaming_qualification_47e1996/results/environment_generalization_closed_loop_qualification_v1/runs/4cfb59287ccf7d617551,1800,1791,9,0.005,17751.899999999976,4089476.0,192810000,25.708
radio_propagation,radio-propagation-qualification-p18,18,21009,1,score_aware_t2_v2,40cc2b13e5228257ef57,/home/jingweili/wifi_streaming_qualification_47e1996/results/environment_generalization_closed_loop_qualification_v1/runs/40cc2b13e5228257ef57,1800,1795,5,0.002777777777777778,15939.959999999995,4742104.0,192745200,25.69936
radio_propagation,radio-propagation-qualification-p18,18,21009,1,distributional_shadow_t2,3964ba0a4a71b8fc93d3,/home/jingweili/wifi_streaming_qualification_47e1996/results/environment_generalization_closed_loop_qualification_v1/runs/3964ba0a4a71b8fc93d3,1800,1795,5,0.002777777777777778,15880.419999999998,4823753.0,192742800,25.69904
radio_propagation,radio-propagation-qualification-p18,18,21010,1,str_mlo_nmaxinflights_1,32c54ecd6de03687cccf,/home/jingweili/wifi_streaming_qualification_47e1996/results/environment_generalization_closed_loop_qualification_v1/runs/32c54ecd6de03687cccf,1800,1794,6,0.0033333333333333335,16032.32999999998,3824021.0,202243200,26.96576
radio_propagation,radio-propagation-qualification-p18,18,21010,1,score_aware_t2_v2,2534c442425d9af823c4,/home/jingweili/wifi_streaming_qualification_47e1996/results/environment_generalization_closed_loop_qualification_v1/runs/2534c442425d9af823c4,1800,1800,0,0.0,10592.309999999998,3721335.0,202256400,26.96752
radio_propagation,radio-propagation-qualification-p18,18,21010,1,distributional_shadow_t2,283f7d12d0983e9574ec,/home/jingweili/wifi_streaming_qualification_47e1996/results/environment_generalization_closed_loop_qualification_v1/runs/283f7d12d0983e9574ec,1800,1800,0,0.0,9959.27,4102148.0,202252800,26.96704
radio_propagation,radio-propagation-qualification-p18,18,21011,1,str_mlo_nmaxinflights_1,653ade0b56726d73958d,/home/jingweili/wifi_streaming_qualification_47e1996/results/environment_generalization_closed_loop_qualification_v1/runs/653ade0b56726d73958d,1800,1768,32,0.017777777777777778,23818.939999999984,5131186.0,200563200,26.74176
radio_propagation,radio-propagation-qualification-p18,18,21011,1,score_aware_t2_v2,4c7cf803908fcc7c08f7,/home/jingweili/wifi_streaming_qualification_47e1996/results/environment_generalization_closed_loop_qualification_v1/runs/4c7cf803908fcc7c08f7,1800,1773,27,0.015,23556.999999999996,5741274.0,200541600,26.73888
radio_propagation,radio-propagation-qualification-p18,18,21011,1,distributional_shadow_t2,e1a20f47167fe15c2b6d,/home/jingweili/wifi_streaming_qualification_47e1996/results/environment_generalization_closed_loop_qualification_v1/runs/e1a20f47167fe15c2b6d,1800,1782,18,0.01,23669.4,6043072.0,200541600,26.73888
radio_propagation,radio-propagation-qualification-p18,18,21012,1,str_mlo_nmaxinflights_1,bed82a52ddff2cb9bca4,/home/jingweili/wifi_streaming_qualification_47e1996/results/environment_generalization_closed_loop_qualification_v1/runs/bed82a52ddff2cb9bca4,1800,1800,0,0.0,9915.589999999998,3286555.0,199752000,26.6336
radio_propagation,radio-propagation-qualification-p18,18,21012,1,score_aware_t2_v2,519361bdd2d7dac3b790,/home/jingweili/wifi_streaming_qualification_47e1996/results/environment_generalization_closed_loop_qualification_v1/runs/519361bdd2d7dac3b790,1800,1800,0,0.0,7806.45,3131839.0,199729200,26.63056
radio_propagation,radio-propagation-qualification-p18,18,21012,1,distributional_shadow_t2,b6290aa912d4c394f564,/home/jingweili/wifi_streaming_qualification_47e1996/results/environment_generalization_closed_loop_qualification_v1/runs/b6290aa912d4c394f564,1800,1800,0,0.0,7225.919999999999,3358214.0,199747200,26.63296
radio_propagation,radio-propagation-qualification-p19,19,21013,1,str_mlo_nmaxinflights_1,cc0f18488cb86c6f6dc3,/home/jingweili/wifi_streaming_qualification_47e1996/results/environment_generalization_closed_loop_qualification_v1/runs/cc0f18488cb86c6f6dc3,1800,1780,20,0.011111111111111112,22047.460000000003,4847554.0,203257200,27.10096
radio_propagation,radio-propagation-qualification-p19,19,21013,1,score_aware_t2_v2,79d6b0777f2f6d57860f,/home/jingweili/wifi_streaming_qualification_47e1996/results/environment_generalization_closed_loop_qualification_v1/runs/79d6b0777f2f6d57860f,1800,1781,19,0.010555555555555556,23984.000000000007,5843716.0,203253600,27.10048
radio_propagation,radio-propagation-qualification-p19,19,21013,1,distributional_shadow_t2,7caf110cda8d4fa41b38,/home/jingweili/wifi_streaming_qualification_47e1996/results/environment_generalization_closed_loop_qualification_v1/runs/7caf110cda8d4fa41b38,1800,1786,14,0.0077777777777777776,23703.300000000014,5971937.0,203253600,27.10048
radio_propagation,radio-propagation-qualification-p19,19,21014,1,str_mlo_nmaxinflights_1,0ed99e45f512ce68d142,/home/jingweili/wifi_streaming_qualification_47e1996/results/environment_generalization_closed_loop_qualification_v1/runs/0ed99e45f512ce68d142,1800,1786,14,0.0077777777777777776,20323.650000000078,4123318.0,205852800,27.44704
radio_propagation,radio-propagation-qualification-p19,19,21014,1,score_aware_t2_v2,4f314679798c630b2b7f,/home/jingweili/wifi_streaming_qualification_47e1996/results/environment_generalization_closed_loop_qualification_v1/runs/4f314679798c630b2b7f,1800,1789,11,0.006111111111111111,12772.15999999999,4169848.0,205819200,27.44256
radio_propagation,radio-propagation-qualification-p19,19,21014,1,distributional_shadow_t2,112841ffa03f33128999,/home/jingweili/wifi_streaming_qualification_47e1996/results/environment_generalization_closed_loop_qualification_v1/runs/112841ffa03f33128999,1800,1792,8,0.0044444444444444444,12486.33999999999,4484978.0,205819200,27.44256
radio_propagation,radio-propagation-qualification-p19,19,21015,1,str_mlo_nmaxinflights_1,837aee4c688e3a290502,/home/jingweili/wifi_streaming_qualification_47e1996/results/environment_generalization_closed_loop_qualification_v1/runs/837aee4c688e3a290502,1800,1780,20,0.011111111111111112,20948.040000000008,4420858.0,196908000,26.2544
radio_propagation,radio-propagation-qualification-p19,19,21015,1,score_aware_t2_v2,99f7711ecf7e03752bff,/home/jingweili/wifi_streaming_qualification_47e1996/results/environment_generalization_closed_loop_qualification_v1/runs/99f7711ecf7e03752bff,1800,1782,18,0.01,21539.40000000006,5605357.0,196896000,26.2528
radio_propagation,radio-propagation-qualification-p19,19,21015,1,distributional_shadow_t2,6ae7fd8ad084a99e9ecb,/home/jingweili/wifi_streaming_qualification_47e1996/results/environment_generalization_closed_loop_qualification_v1/runs/6ae7fd8ad084a99e9ecb,1800,1783,17,0.009444444444444445,23440.640000000043,5640557.0,196894800,26.25264
radio_propagation,radio-propagation-qualification-p19,19,21016,1,str_mlo_nmaxinflights_1,89aed42efbb08eefcfe1,/home/jingweili/wifi_streaming_qualification_47e1996/results/environment_generalization_closed_loop_qualification_v1/runs/89aed42efbb08eefcfe1,1800,1788,12,0.006666666666666667,19414.48999999999,4382206.0,206450400,27.52672
radio_propagation,radio-propagation-qualification-p19,19,21016,1,score_aware_t2_v2,a5ce2ac110fc982e58e6,/home/jingweili/wifi_streaming_qualification_47e1996/results/environment_generalization_closed_loop_qualification_v1/runs/a5ce2ac110fc982e58e6,1800,1787,13,0.007222222222222222,21114.73999999988,5554182.0,206440800,27.52544
radio_propagation,radio-propagation-qualification-p19,19,21016,1,distributional_shadow_t2,e9442e810171618406b6,/home/jingweili/wifi_streaming_qualification_47e1996/results/environment_generalization_closed_loop_qualification_v1/runs/e9442e810171618406b6,1800,1786,14,0.0077777777777777776,22395.15000000003,5563284.0,206440800,27.52544
radio_propagation,radio-propagation-qualification-p20,20,21017,1,str_mlo_nmaxinflights_1,5685b9d56dc6f7d7fb81,/home/jingweili/wifi_streaming_qualification_47e1996/results/environment_generalization_closed_loop_qualification_v1/runs/5685b9d56dc6f7d7fb81,1800,1757,43,0.02388888888888889,24276.080000000005,5029210.0,204861600,27.31488
radio_propagation,radio-propagation-qualification-p20,20,21017,1,score_aware_t2_v2,448e48b1cca53af14743,/home/jingweili/wifi_streaming_qualification_47e1996/results/environment_generalization_closed_loop_qualification_v1/runs/448e48b1cca53af14743,1800,1795,5,0.002777777777777778,19113.87999999999,4951450.0,204819600,27.30928
radio_propagation,radio-propagation-qualification-p20,20,21017,1,distributional_shadow_t2,88387f92242bcd931ed7,/home/jingweili/wifi_streaming_qualification_47e1996/results/environment_generalization_closed_loop_qualification_v1/runs/88387f92242bcd931ed7,1800,1796,4,0.0022222222222222222,16668.94999999999,5414760.0,204819600,27.30928
radio_propagation,radio-propagation-qualification-p20,20,21018,1,str_mlo_nmaxinflights_1,07b9055c737d47fdd861,/home/jingweili/wifi_streaming_qualification_47e1996/results/environment_generalization_closed_loop_qualification_v1/runs/07b9055c737d47fdd861,1800,1680,120,0.06666666666666667,29535.510000000006,6572716.0,199632000,26.6176
radio_propagation,radio-propagation-qualification-p20,20,21018,1,score_aware_t2_v2,9183fb9633bdf84d1814,/home/jingweili/wifi_streaming_qualification_47e1996/results/environment_generalization_closed_loop_qualification_v1/runs/9183fb9633bdf84d1814,1800,1644,156,0.08666666666666667,29820.399999999998,7457208.0,199573200,26.60976
radio_propagation,radio-propagation-qualification-p20,20,21018,1,distributional_shadow_t2,eaa82dfa10cbae035f4c,/home/jingweili/wifi_streaming_qualification_47e1996/results/environment_generalization_closed_loop_qualification_v1/runs/eaa82dfa10cbae035f4c,1800,1685,115,0.06388888888888888,29990.52000000002,7867339.0,199563600,26.60848
radio_propagation,radio-propagation-qualification-p20,20,21019,1,str_mlo_nmaxinflights_1,d75ad1602644a8b70618,/home/jingweili/wifi_streaming_qualification_47e1996/results/environment_generalization_closed_loop_qualification_v1/runs/d75ad1602644a8b70618,1800,1758,42,0.023333333333333334,25865.210000000054,5810251.0,199958400,26.66112
radio_propagation,radio-propagation-qualification-p20,20,21019,1,score_aware_t2_v2,87e3d980719bbd841679,/home/jingweili/wifi_streaming_qualification_47e1996/results/environment_generalization_closed_loop_qualification_v1/runs/87e3d980719bbd841679,1800,1752,48,0.02666666666666667,27387.91,7239749.0,199946400,26.65952
radio_propagation,radio-propagation-qualification-p20,20,21019,1,distributional_shadow_t2,38dc033a4b8966ac1f15,/home/jingweili/wifi_streaming_qualification_47e1996/results/environment_generalization_closed_loop_qualification_v1/runs/38dc033a4b8966ac1f15,1800,1760,40,0.022222222222222223,27449.520000000004,7349149.0,199922400,26.65632
radio_propagation,radio-propagation-qualification-p20,20,21020,1,str_mlo_nmaxinflights_1,86c2a5aade2cb84a3acd,/home/jingweili/wifi_streaming_qualification_47e1996/results/environment_generalization_closed_loop_qualification_v1/runs/86c2a5aade2cb84a3acd,1800,1504,296,0.16444444444444445,31849.410000000007,9936995.0,194958000,25.9944
radio_propagation,radio-propagation-qualification-p20,20,21020,1,score_aware_t2_v2,5a938c649a3512563037,/home/jingweili/wifi_streaming_qualification_47e1996/results/environment_generalization_closed_loop_qualification_v1/runs/5a938c649a3512563037,1800,1393,407,0.22611111111111112,31671.99999999995,12878820.0,194964000,25.9952
radio_propagation,radio-propagation-qualification-p20,20,21020,1,distributional_shadow_t2,9466e49d79c60fe1ebc2,/home/jingweili/wifi_streaming_qualification_47e1996/results/environment_generalization_closed_loop_qualification_v1/runs/9466e49d79c60fe1ebc2,1800,1470,330,0.18333333333333332,31125.769999999982,13347231.0,194964000,25.9952
obss_intensity,obss-intensity-qualification-p16,16,21033,1,str_mlo_nmaxinflights_1,7791f434259b2a5daf40,/home/jingweili/wifi_streaming_qualification_47e1996/results/environment_generalization_closed_loop_qualification_v1/runs/7791f434259b2a5daf40,1800,1724,76,0.042222222222222223,28293.859999999986,4874042.0,224389200,29.91856
obss_intensity,obss-intensity-qualification-p16,16,21033,1,score_aware_t2_v2,592b2d28f5a2c97ffa4d,/home/jingweili/wifi_streaming_qualification_47e1996/results/environment_generalization_closed_loop_qualification_v1/runs/592b2d28f5a2c97ffa4d,1800,1708,92,0.051111111111111114,28176.150000000005,6273804.0,224406000,29.9208
obss_intensity,obss-intensity-qualification-p16,16,21033,1,distributional_shadow_t2,766f48e169c53d236027,/home/jingweili/wifi_streaming_qualification_47e1996/results/environment_generalization_closed_loop_qualification_v1/runs/766f48e169c53d236027,1800,1709,91,0.050555555555555555,28238.64,6349473.0,224403600,29.92048
obss_intensity,obss-intensity-qualification-p16,16,21034,1,str_mlo_nmaxinflights_1,4907f69444183af40cde,/home/jingweili/wifi_streaming_qualification_47e1996/results/environment_generalization_closed_loop_qualification_v1/runs/4907f69444183af40cde,1800,1761,39,0.021666666666666667,21767.400000000038,4148282.0,228314400,30.44192
obss_intensity,obss-intensity-qualification-p16,16,21034,1,score_aware_t2_v2,3ce24618cd012538cb2b,/home/jingweili/wifi_streaming_qualification_47e1996/results/environment_generalization_closed_loop_qualification_v1/runs/3ce24618cd012538cb2b,1800,1787,13,0.007222222222222222,17849.79999999993,4729189.0,228328800,30.44384
obss_intensity,obss-intensity-qualification-p16,16,21034,1,distributional_shadow_t2,27c786ccd530ee14c088,/home/jingweili/wifi_streaming_qualification_47e1996/results/environment_generalization_closed_loop_qualification_v1/runs/27c786ccd530ee14c088,1800,1790,10,0.005555555555555556,19155.609999999953,4896313.0,228326400,30.44352
obss_intensity,obss-intensity-qualification-p16,16,21035,1,str_mlo_nmaxinflights_1,52a60158c08ffc9c3232,/home/jingweili/wifi_streaming_qualification_47e1996/results/environment_generalization_closed_loop_qualification_v1/runs/52a60158c08ffc9c3232,1800,1722,78,0.043333333333333335,28665.369999999974,5117593.0,228690000,30.492
obss_intensity,obss-intensity-qualification-p16,16,21035,1,score_aware_t2_v2,9fd5c829a18193ed620b,/home/jingweili/wifi_streaming_qualification_47e1996/results/environment_generalization_closed_loop_qualification_v1/runs/9fd5c829a18193ed620b,1800,1713,87,0.04833333333333333,28862.039999999943,6178461.0,228693600,30.49248
obss_intensity,obss-intensity-qualification-p16,16,21035,1,distributional_shadow_t2,6f65af4bf7636bb86fb3,/home/jingweili/wifi_streaming_qualification_47e1996/results/environment_generalization_closed_loop_qualification_v1/runs/6f65af4bf7636bb86fb3,1800,1729,71,0.03944444444444444,26525.240000000005,6384339.0,228693600,30.49248
obss_intensity,obss-intensity-qualification-p16,16,21036,1,str_mlo_nmaxinflights_1,c124f2b842ca9fb86cd7,/home/jingweili/wifi_streaming_qualification_47e1996/results/environment_generalization_closed_loop_qualification_v1/runs/c124f2b842ca9fb86cd7,1800,1789,11,0.006111111111111111,21678.359999999993,4015311.0,228651600,30.48688
obss_intensity,obss-intensity-qualification-p16,16,21036,1,score_aware_t2_v2,2afb8ec46b1731c2e499,/home/jingweili/wifi_streaming_qualification_47e1996/results/environment_generalization_closed_loop_qualification_v1/runs/2afb8ec46b1731c2e499,1800,1790,10,0.005555555555555556,17850.019999999982,4683221.0,228609600,30.48128
obss_intensity,obss-intensity-qualification-p16,16,21036,1,distributional_shadow_t2,2e99e097a9ddc7ba614a,/home/jingweili/wifi_streaming_qualification_47e1996/results/environment_generalization_closed_loop_qualification_v1/runs/2e99e097a9ddc7ba614a,1800,1792,8,0.0044444444444444444,18996.609999999997,4745187.0,228609600,30.48128
obss_intensity,obss-intensity-qualification-p17,17,21037,1,str_mlo_nmaxinflights_1,374e60989154b57c0657,/home/jingweili/wifi_streaming_qualification_47e1996/results/environment_generalization_closed_loop_qualification_v1/runs/374e60989154b57c0657,1800,852,948,0.5266666666666666,32202.45,5934880.0,548974800,73.19664
obss_intensity,obss-intensity-qualification-p17,17,21037,1,score_aware_t2_v2,adaa733e5f0ad6c2255f,/home/jingweili/wifi_streaming_qualification_47e1996/results/environment_generalization_closed_loop_qualification_v1/runs/adaa733e5f0ad6c2255f,1800,946,854,0.47444444444444445,32565.149999999994,6234331.0,560121600,74.68288
obss_intensity,obss-intensity-qualification-p17,17,21037,1,distributional_shadow_t2,16da7be60e94ec44212e,/home/jingweili/wifi_streaming_qualification_47e1996/results/environment_generalization_closed_loop_qualification_v1/runs/16da7be60e94ec44212e,1800,940,860,0.4777777777777778,32463.760000000002,6288155.0,559819200,74.64256
obss_intensity,obss-intensity-qualification-p17,17,21038,1,str_mlo_nmaxinflights_1,277e8ac9f98bb63902d3,/home/jingweili/wifi_streaming_qualification_47e1996/results/environment_generalization_closed_loop_qualification_v1/runs/277e8ac9f98bb63902d3,1800,430,1370,0.7611111111111111,32747.97999999999,7745931.0,566664000,75.5552
obss_intensity,obss-intensity-qualification-p17,17,21038,1,score_aware_t2_v2,04add1cabc540c207727,/home/jingweili/wifi_streaming_qualification_47e1996/results/environment_generalization_closed_loop_qualification_v1/runs/04add1cabc540c207727,1800,379,1421,0.7894444444444444,32445.959999999995,7371408.0,564213600,75.22848
obss_intensity,obss-intensity-qualification-p17,17,21038,1,distributional_shadow_t2,8f1c8012d37abe19b7a3,/home/jingweili/wifi_streaming_qualification_47e1996/results/environment_generalization_closed_loop_qualification_v1/runs/8f1c8012d37abe19b7a3,1800,406,1394,0.7744444444444445,32386.399999999998,7723478.0,564984000,75.3312
obss_intensity,obss-intensity-qualification-p17,17,21039,1,str_mlo_nmaxinflights_1,823e021bc9f34dfb16ae,/home/jingweili/wifi_streaming_qualification_47e1996/results/environment_generalization_closed_loop_qualification_v1/runs/823e021bc9f34dfb16ae,1800,465,1335,0.7416666666666667,32382.520000000004,5408570.0,530252400,70.70032
obss_intensity,obss-intensity-qualification-p17,17,21039,1,score_aware_t2_v2,fd31d7828880b3849d0d,/home/jingweili/wifi_streaming_qualification_47e1996/results/environment_generalization_closed_loop_qualification_v1/runs/fd31d7828880b3849d0d,1800,630,1170,0.65,32311.15000000001,5437731.0,527821200,70.37616
obss_intensity,obss-intensity-qualification-p17,17,21039,1,distributional_shadow_t2,7889bac5ae485dc001c9,/home/jingweili/wifi_streaming_qualification_47e1996/results/environment_generalization_closed_loop_qualification_v1/runs/7889bac5ae485dc001c9,1800,630,1170,0.65,32311.15000000001,5183225.0,528280800,70.43744
obss_intensity,obss-intensity-qualification-p17,17,21040,1,str_mlo_nmaxinflights_1,75673e48baed381d2775,/home/jingweili/wifi_streaming_qualification_47e1996/results/environment_generalization_closed_loop_qualification_v1/runs/75673e48baed381d2775,1800,262,1538,0.8544444444444445,32655.159999999996,5157989.0,532854000,71.0472
obss_intensity,obss-intensity-qualification-p17,17,21040,1,score_aware_t2_v2,78c1a837b9f2d5686cd4,/home/jingweili/wifi_streaming_qualification_47e1996/results/environment_generalization_closed_loop_qualification_v1/runs/78c1a837b9f2d5686cd4,1800,1210,590,0.3277777777777778,31732.77000000001,6909059.0,472558800,63.00784
obss_intensity,obss-intensity-qualification-p17,17,21040,1,distributional_shadow_t2,a22eb9c7b1727eef28b2,/home/jingweili/wifi_streaming_qualification_47e1996/results/environment_generalization_closed_loop_qualification_v1/runs/a22eb9c7b1727eef28b2,1800,1212,588,0.32666666666666666,31745.920000000013,7088819.0,469378800,62.58384
obss_intensity,obss-intensity-qualification-p18,18,21041,1,str_mlo_nmaxinflights_1,318ba779f4aa734fd3c0,/home/jingweili/wifi_streaming_qualification_47e1996/results/environment_generalization_closed_loop_qualification_v1/runs/318ba779f4aa734fd3c0,1800,1799,1,0.0005555555555555556,17890.81999999998,3422886.0,306651600,40.88688
obss_intensity,obss-intensity-qualification-p18,18,21041,1,score_aware_t2_v2,ff4fe4abb0e591bfd774,/home/jingweili/wifi_streaming_qualification_47e1996/results/environment_generalization_closed_loop_qualification_v1/runs/ff4fe4abb0e591bfd774,1800,1797,3,0.0016666666666666668,13735.479999999996,3356875.0,306618000,40.8824
obss_intensity,obss-intensity-qualification-p18,18,21041,1,distributional_shadow_t2,c39e701a67be31938564,/home/jingweili/wifi_streaming_qualification_47e1996/results/environment_generalization_closed_loop_qualification_v1/runs/c39e701a67be31938564,1800,1799,1,0.0005555555555555556,11711.439999999997,3772424.0,306626400,40.88352
obss_intensity,obss-intensity-qualification-p18,18,21042,1,str_mlo_nmaxinflights_1,ea5ed42e9cf0b6a27dda,/home/jingweili/wifi_streaming_qualification_47e1996/results/environment_generalization_closed_loop_qualification_v1/runs/ea5ed42e9cf0b6a27dda,1800,1628,172,0.09555555555555556,30300.460000000014,5919225.0,300980400,40.13072
obss_intensity,obss-intensity-qualification-p18,18,21042,1,score_aware_t2_v2,5739c4a1a126fcd3616b,/home/jingweili/wifi_streaming_qualification_47e1996/results/environment_generalization_closed_loop_qualification_v1/runs/5739c4a1a126fcd3616b,1800,1527,273,0.15166666666666667,31473.839999999997,7414698.0,300944400,40.12592
obss_intensity,obss-intensity-qualification-p18,18,21042,1,distributional_shadow_t2,505eab239cf0e2fa20a1,/home/jingweili/wifi_streaming_qualification_47e1996/results/environment_generalization_closed_loop_qualification_v1/runs/505eab239cf0e2fa20a1,1800,1536,264,0.14666666666666667,31495.500000000015,7628890.0,300937200,40.12496
obss_intensity,obss-intensity-qualification-p18,18,21043,1,str_mlo_nmaxinflights_1,0ec3c5e9256c069a483a,/home/jingweili/wifi_streaming_qualification_47e1996/results/environment_generalization_closed_loop_qualification_v1/runs/0ec3c5e9256c069a483a,1800,1784,16,0.008888888888888889,22260.91000000004,3918347.0,315831600,42.11088
obss_intensity,obss-intensity-qualification-p18,18,21043,1,score_aware_t2_v2,32a1837eac8df12b3e4b,/home/jingweili/wifi_streaming_qualification_47e1996/results/environment_generalization_closed_loop_qualification_v1/runs/32a1837eac8df12b3e4b,1800,1766,34,0.01888888888888889,26440.549999999876,5119109.0,312045600,41.60608
obss_intensity,obss-intensity-qualification-p18,18,21043,1,distributional_shadow_t2,dab6c0a878ddc497f48b,/home/jingweili/wifi_streaming_qualification_47e1996/results/environment_generalization_closed_loop_qualification_v1/runs/dab6c0a878ddc497f48b,1800,1762,38,0.021111111111111112,26799.95999999989,5044838.0,315856800,42.11424
obss_intensity,obss-intensity-qualification-p18,18,21044,1,str_mlo_nmaxinflights_1,0138971c7999a5c94a13,/home/jingweili/wifi_streaming_qualification_47e1996/results/environment_generalization_closed_loop_qualification_v1/runs/0138971c7999a5c94a13,1800,1671,129,0.07166666666666667,29071.899999999994,5606697.0,302244000,40.2992
obss_intensity,obss-intensity-qualification-p18,18,21044,1,score_aware_t2_v2,39343ff7dac44dac946d,/home/jingweili/wifi_streaming_qualification_47e1996/results/environment_generalization_closed_loop_qualification_v1/runs/39343ff7dac44dac946d,1800,1541,259,0.1438888888888889,29719.999999999996,7623049.0,302290800,40.30544
obss_intensity,obss-intensity-qualification-p18,18,21044,1,distributional_shadow_t2,3fa11e28294476ca41e6,/home/jingweili/wifi_streaming_qualification_47e1996/results/environment_generalization_closed_loop_qualification_v1/runs/3fa11e28294476ca41e6,1800,1543,257,0.14277777777777778,31390.719999999994,7621537.0,302290800,40.30544
obss_intensity,obss-intensity-qualification-p19,19,21045,1,str_mlo_nmaxinflights_1,28dbcfeeba5ac0474d83,/home/jingweili/wifi_streaming_qualification_47e1996/results/environment_generalization_closed_loop_qualification_v1/runs/28dbcfeeba5ac0474d83,1800,1249,551,0.3061111111111111,31061.92,6037913.0,395554800,52.74064
obss_intensity,obss-intensity-qualification-p19,19,21045,1,score_aware_t2_v2,82b3c5e3cd7439c12554,/home/jingweili/wifi_streaming_qualification_47e1996/results/environment_generalization_closed_loop_qualification_v1/runs/82b3c5e3cd7439c12554,1800,1282,518,0.2877777777777778,32167.880000000005,6649911.0,395157000,52.6876
obss_intensity,obss-intensity-qualification-p19,19,21045,1,distributional_shadow_t2,c85ba966b51a3ec0bdbc,/home/jingweili/wifi_streaming_qualification_47e1996/results/environment_generalization_closed_loop_qualification_v1/runs/c85ba966b51a3ec0bdbc,1800,1315,485,0.26944444444444443,32142.87999999999,6920935.0,395040000,52.672
obss_intensity,obss-intensity-qualification-p19,19,21046,1,str_mlo_nmaxinflights_1,80f2e48b579e8aa72af0,/home/jingweili/wifi_streaming_qualification_47e1996/results/environment_generalization_closed_loop_qualification_v1/runs/80f2e48b579e8aa72af0,1800,716,1084,0.6022222222222222,32040.8,8189006.0,396210600,52.82808
obss_intensity,obss-intensity-qualification-p19,19,21046,1,score_aware_t2_v2,e6afbc10d239a8e5e2ef,/home/jingweili/wifi_streaming_qualification_47e1996/results/environment_generalization_closed_loop_qualification_v1/runs/e6afbc10d239a8e5e2ef,1800,620,1180,0.6555555555555556,32210.009999999995,8720622.0,388249800,51.76664
obss_intensity,obss-intensity-qualification-p19,19,21046,1,distributional_shadow_t2,490ccf45e74f65cb0199,/home/jingweili/wifi_streaming_qualification_47e1996/results/environment_generalization_closed_loop_qualification_v1/runs/490ccf45e74f65cb0199,1800,638,1162,0.6455555555555555,32149.18,9339070.0,388292400,51.77232
obss_intensity,obss-intensity-qualification-p19,19,21047,1,str_mlo_nmaxinflights_1,bf911ffc159f398accaf,/home/jingweili/wifi_streaming_qualification_47e1996/results/environment_generalization_closed_loop_qualification_v1/runs/bf911ffc159f398accaf,1800,1617,183,0.10166666666666667,28631.439999999962,4410071.0,385981200,51.46416
obss_intensity,obss-intensity-qualification-p19,19,21047,1,score_aware_t2_v2,b522a6d52de5966dfd69,/home/jingweili/wifi_streaming_qualification_47e1996/results/environment_generalization_closed_loop_qualification_v1/runs/b522a6d52de5966dfd69,1800,1151,649,0.3605555555555556,30974.5,6182184.0,392820000,52.376
obss_intensity,obss-intensity-qualification-p19,19,21047,1,distributional_shadow_t2,78e1bddd69f5a225f0b1,/home/jingweili/wifi_streaming_qualification_47e1996/results/environment_generalization_closed_loop_qualification_v1/runs/78e1bddd69f5a225f0b1,1800,1137,663,0.36833333333333335,30984.72,6220380.0,392546400,52.33952
obss_intensity,obss-intensity-qualification-p19,19,21048,1,str_mlo_nmaxinflights_1,6886e189336bcfc31a66,/home/jingweili/wifi_streaming_qualification_47e1996/results/environment_generalization_closed_loop_qualification_v1/runs/6886e189336bcfc31a66,1800,1555,245,0.1361111111111111,30697.74,4670846.0,388939800,51.85864
obss_intensity,obss-intensity-qualification-p19,19,21048,1,score_aware_t2_v2,dc3a4e7f89b342c002c3,/home/jingweili/wifi_streaming_qualification_47e1996/results/environment_generalization_closed_loop_qualification_v1/runs/dc3a4e7f89b342c002c3,1800,1427,373,0.20722222222222222,31308.0,5809667.0,388512000,51.8016
obss_intensity,obss-intensity-qualification-p19,19,21048,1,distributional_shadow_t2,30c63450ab80390a4c4c,/home/jingweili/wifi_streaming_qualification_47e1996/results/environment_generalization_closed_loop_qualification_v1/runs/30c63450ab80390a4c4c,1800,1449,351,0.195,31311.120000000003,5904810.0,388461000,51.7948
obss_intensity,obss-intensity-qualification-p21,21,21053,1,str_mlo_nmaxinflights_1,2bc30448b382ad1a336e,/home/jingweili/wifi_streaming_qualification_47e1996/results/environment_generalization_closed_loop_qualification_v1/runs/2bc30448b382ad1a336e,1800,1736,64,0.035555555555555556,24683.000000000007,4795344.0,292002112,38.93361493333333
obss_intensity,obss-intensity-qualification-p21,21,21053,1,score_aware_t2_v2,f5a228a63af86e773645,/home/jingweili/wifi_streaming_qualification_47e1996/results/environment_generalization_closed_loop_qualification_v1/runs/f5a228a63af86e773645,1800,1673,127,0.07055555555555555,29371.439999999995,6852168.0,292028608,38.93714773333333
obss_intensity,obss-intensity-qualification-p21,21,21053,1,distributional_shadow_t2,ef9fee5f5ab0d1c4e244,/home/jingweili/wifi_streaming_qualification_47e1996/results/environment_generalization_closed_loop_qualification_v1/runs/ef9fee5f5ab0d1c4e244,1800,1661,139,0.07722222222222222,30351.40000000001,6782736.0,292028608,38.93714773333333
obss_intensity,obss-intensity-qualification-p21,21,21054,1,str_mlo_nmaxinflights_1,078bfbbecd842f226031,/home/jingweili/wifi_streaming_qualification_47e1996/results/environment_generalization_closed_loop_qualification_v1/runs/078bfbbecd842f226031,1800,1782,18,0.01,21661.12000000003,4317577.0,290356416,38.714188799999995
obss_intensity,obss-intensity-qualification-p21,21,21054,1,score_aware_t2_v2,b4ac6c4876d020f25bbe,/home/jingweili/wifi_streaming_qualification_47e1996/results/environment_generalization_closed_loop_qualification_v1/runs/b4ac6c4876d020f25bbe,1800,1781,19,0.010555555555555556,25758.60000000002,5551177.0,290369664,38.7159552
obss_intensity,obss-intensity-qualification-p21,21,21054,1,distributional_shadow_t2,1b79575e960097fc495f,/home/jingweili/wifi_streaming_qualification_47e1996/results/environment_generalization_closed_loop_qualification_v1/runs/1b79575e960097fc495f,1800,1778,22,0.012222222222222223,25762.610000000008,5480838.0,290369664,38.7159552
obss_intensity,obss-intensity-qualification-p21,21,21055,1,str_mlo_nmaxinflights_1,953e4e1ab9b4ad429da5,/home/jingweili/wifi_streaming_qualification_47e1996/results/environment_generalization_closed_loop_qualification_v1/runs/953e4e1ab9b4ad429da5,1800,1753,47,0.026111111111111113,28065.280000000006,5187545.0,296378368,39.517115733333334
obss_intensity,obss-intensity-qualification-p21,21,21055,1,score_aware_t2_v2,8140a6f8ce156418cf32,/home/jingweili/wifi_streaming_qualification_47e1996/results/environment_generalization_closed_loop_qualification_v1/runs/8140a6f8ce156418cf32,1800,1735,65,0.03611111111111111,27639.460000000003,6057432.0,296329792,39.51063893333333
obss_intensity,obss-intensity-qualification-p21,21,21055,1,distributional_shadow_t2,393274fdfaca8ff63446,/home/jingweili/wifi_streaming_qualification_47e1996/results/environment_generalization_closed_loop_qualification_v1/runs/393274fdfaca8ff63446,1800,1745,55,0.030555555555555555,27496.12,6245824.0,296337152,39.51162026666667
obss_intensity,obss-intensity-qualification-p21,21,21056,1,str_mlo_nmaxinflights_1,7f390aa755444ebc4c7e,/home/jingweili/wifi_streaming_qualification_47e1996/results/environment_generalization_closed_loop_qualification_v1/runs/7f390aa755444ebc4c7e,1800,1713,87,0.04833333333333333,28170.639999999956,5228168.0,298790976,39.8387968
obss_intensity,obss-intensity-qualification-p21,21,21056,1,score_aware_t2_v2,d3f836dc2deec18c96fe,/home/jingweili/wifi_streaming_qualification_47e1996/results/environment_generalization_closed_loop_qualification_v1/runs/d3f836dc2deec18c96fe,1800,1744,56,0.03111111111111111,24309.739999999994,4973789.0,298788032,39.838404266666664
obss_intensity,obss-intensity-qualification-p21,21,21056,1,distributional_shadow_t2,d608c8188a010f96f100,/home/jingweili/wifi_streaming_qualification_47e1996/results/environment_generalization_closed_loop_qualification_v1/runs/d608c8188a010f96f100,1800,1761,39,0.021666666666666667,24425.200000000004,5481198.0,298788032,39.838404266666664
obss_geometry_mac,obss-geometry-mac-qualification-p16,16,21065,1,str_mlo_nmaxinflights_1,d0fefc1f54fa6805b732,/home/jingweili/wifi_streaming_qualification_47e1996/results/environment_generalization_closed_loop_qualification_v1/runs/d0fefc1f54fa6805b732,1800,1790,10,0.005555555555555556,16439.50999999996,4100443.0,202100400,26.94672
obss_geometry_mac,obss-geometry-mac-qualification-p16,16,21065,1,score_aware_t2_v2,730d54e5472128f7410c,/home/jingweili/wifi_streaming_qualification_47e1996/results/environment_generalization_closed_loop_qualification_v1/runs/730d54e5472128f7410c,1800,1788,12,0.006666666666666667,15372.929999999993,4650307.0,202104000,26.9472
obss_geometry_mac,obss-geometry-mac-qualification-p16,16,21065,1,distributional_shadow_t2,c7623645916d2d14c21e,/home/jingweili/wifi_streaming_qualification_47e1996/results/environment_generalization_closed_loop_qualification_v1/runs/c7623645916d2d14c21e,1800,1789,11,0.006111111111111111,15362.839999999993,4784071.0,202104000,26.9472
obss_geometry_mac,obss-geometry-mac-qualification-p16,16,21066,1,str_mlo_nmaxinflights_1,a5aaf41c3d806dc2caa1,/home/jingweili/wifi_streaming_qualification_47e1996/results/environment_generalization_closed_loop_qualification_v1/runs/a5aaf41c3d806dc2caa1,1800,1779,21,0.011666666666666667,22465.640000000007,4605121.0,198928800,26.52384
obss_geometry_mac,obss-geometry-mac-qualification-p16,16,21066,1,score_aware_t2_v2,fdbdac453349fd4043e3,/home/jingweili/wifi_streaming_qualification_47e1996/results/environment_generalization_closed_loop_qualification_v1/runs/fdbdac453349fd4043e3,1800,1778,22,0.012222222222222223,23624.560000000005,5234198.0,198768000,26.5024
obss_geometry_mac,obss-geometry-mac-qualification-p16,16,21066,1,distributional_shadow_t2,874f17a75f4752c41dfb,/home/jingweili/wifi_streaming_qualification_47e1996/results/environment_generalization_closed_loop_qualification_v1/runs/874f17a75f4752c41dfb,1800,1784,16,0.008888888888888889,18176.710000000006,5435634.0,198768000,26.5024
obss_geometry_mac,obss-geometry-mac-qualification-p16,16,21067,1,str_mlo_nmaxinflights_1,4ce2819cf0c1d16bfa9d,/home/jingweili/wifi_streaming_qualification_47e1996/results/environment_generalization_closed_loop_qualification_v1/runs/4ce2819cf0c1d16bfa9d,1800,1796,4,0.0022222222222222222,12901.699999999984,3821323.0,197502000,26.3336
obss_geometry_mac,obss-geometry-mac-qualification-p16,16,21067,1,score_aware_t2_v2,f90452fa41e7db45f1ea,/home/jingweili/wifi_streaming_qualification_47e1996/results/environment_generalization_closed_loop_qualification_v1/runs/f90452fa41e7db45f1ea,1800,1795,5,0.002777777777777778,13726.65999999997,4433042.0,197505600,26.33408
obss_geometry_mac,obss-geometry-mac-qualification-p16,16,21067,1,distributional_shadow_t2,6e97436dbfe65e99c7d9,/home/jingweili/wifi_streaming_qualification_47e1996/results/environment_generalization_closed_loop_qualification_v1/runs/6e97436dbfe65e99c7d9,1800,1795,5,0.002777777777777778,13280.259999999984,4582943.0,197505600,26.33408
obss_geometry_mac,obss-geometry-mac-qualification-p16,16,21068,1,str_mlo_nmaxinflights_1,08ecbd3ae8aece8738bf,/home/jingweili/wifi_streaming_qualification_47e1996/results/environment_generalization_closed_loop_qualification_v1/runs/08ecbd3ae8aece8738bf,1800,1798,2,0.0011111111111111111,8302.689999999999,3375784.0,200200800,26.69344
obss_geometry_mac,obss-geometry-mac-qualification-p16,16,21068,1,score_aware_t2_v2,96b91710d7002a6baafc,/home/jingweili/wifi_streaming_qualification_47e1996/results/environment_generalization_closed_loop_qualification_v1/runs/96b91710d7002a6baafc,1800,1798,2,0.0011111111111111111,9574.71,3493893.0,200197200,26.69296
obss_geometry_mac,obss-geometry-mac-qualification-p16,16,21068,1,distributional_shadow_t2,66b1bc7ac653e4e283c8,/home/jingweili/wifi_streaming_qualification_47e1996/results/environment_generalization_closed_loop_qualification_v1/runs/66b1bc7ac653e4e283c8,1800,1799,1,0.0005555555555555556,8765.259999999997,3757525.0,200197200,26.69296
obss_geometry_mac,obss-geometry-mac-qualification-p17,17,21069,1,str_mlo_nmaxinflights_1,615e6ad9f6cab70ecb5e,/home/jingweili/wifi_streaming_qualification_47e1996/results/environment_generalization_closed_loop_qualification_v1/runs/615e6ad9f6cab70ecb5e,1800,1796,4,0.0022222222222222222,19415.499999999993,4115517.0,205736400,27.43152
obss_geometry_mac,obss-geometry-mac-qualification-p17,17,21069,1,score_aware_t2_v2,affe278e7ccbe5a99e9c,/home/jingweili/wifi_streaming_qualification_47e1996/results/environment_generalization_closed_loop_qualification_v1/runs/affe278e7ccbe5a99e9c,1800,1794,6,0.0033333333333333335,18172.119999999984,5087470.0,205736400,27.43152
obss_geometry_mac,obss-geometry-mac-qualification-p17,17,21069,1,distributional_shadow_t2,1ff2368ab5a2272caf47,/home/jingweili/wifi_streaming_qualification_47e1996/results/environment_generalization_closed_loop_qualification_v1/runs/1ff2368ab5a2272caf47,1800,1792,8,0.0044444444444444444,19806.129999999997,5052873.0,205736400,27.43152
obss_geometry_mac,obss-geometry-mac-qualification-p17,17,21070,1,str_mlo_nmaxinflights_1,da3479d879a236857ec0,/home/jingweili/wifi_streaming_qualification_47e1996/results/environment_generalization_closed_loop_qualification_v1/runs/da3479d879a236857ec0,1800,1798,2,0.0011111111111111111,12994.369999999997,3637107.0,204795600,27.30608
obss_geometry_mac,obss-geometry-mac-qualification-p17,17,21070,1,score_aware_t2_v2,9e953f92eb87d1196548,/home/jingweili/wifi_streaming_qualification_47e1996/results/environment_generalization_closed_loop_qualification_v1/runs/9e953f92eb87d1196548,1800,1798,2,0.0011111111111111111,10617.209999999997,3586596.0,204795600,27.30608
obss_geometry_mac,obss-geometry-mac-qualification-p17,17,21070,1,distributional_shadow_t2,02ece77e47ae377fc178,/home/jingweili/wifi_streaming_qualification_47e1996/results/environment_generalization_closed_loop_qualification_v1/runs/02ece77e47ae377fc178,1800,1800,0,0.0,9222.52,3903068.0,204795600,27.30608
obss_geometry_mac,obss-geometry-mac-qualification-p17,17,21071,1,str_mlo_nmaxinflights_1,3adbf144ee719bdb250f,/home/jingweili/wifi_streaming_qualification_47e1996/results/environment_generalization_closed_loop_qualification_v1/runs/3adbf144ee719bdb250f,1800,1789,11,0.006111111111111111,17588.159999999996,4250515.0,195099600,26.01328
obss_geometry_mac,obss-geometry-mac-qualification-p17,17,21071,1,score_aware_t2_v2,502bfb4a69b84d98f9fd,/home/jingweili/wifi_streaming_qualification_47e1996/results/environment_generalization_closed_loop_qualification_v1/runs/502bfb4a69b84d98f9fd,1800,1795,5,0.002777777777777778,17355.46,5411047.0,195099600,26.01328
obss_geometry_mac,obss-geometry-mac-qualification-p17,17,21071,1,distributional_shadow_t2,bfd0318e1a747d7a95b2,/home/jingweili/wifi_streaming_qualification_47e1996/results/environment_generalization_closed_loop_qualification_v1/runs/bfd0318e1a747d7a95b2,1800,1793,7,0.0038888888888888888,20007.599999999977,5356859.0,195099600,26.01328
obss_geometry_mac,obss-geometry-mac-qualification-p17,17,21072,1,str_mlo_nmaxinflights_1,15be909c41a83f8fb87a,/home/jingweili/wifi_streaming_qualification_47e1996/results/environment_generalization_closed_loop_qualification_v1/runs/15be909c41a83f8fb87a,1800,1800,0,0.0,7926.5599999999995,3391866.0,194340000,25.912
obss_geometry_mac,obss-geometry-mac-qualification-p17,17,21072,1,score_aware_t2_v2,cfdba698f79d26088d8e,/home/jingweili/wifi_streaming_qualification_47e1996/results/environment_generalization_closed_loop_qualification_v1/runs/cfdba698f79d26088d8e,1800,1800,0,0.0,12775.73,3677974.0,194340000,25.912
obss_geometry_mac,obss-geometry-mac-qualification-p17,17,21072,1,distributional_shadow_t2,9cf87fc210fedb5758fb,/home/jingweili/wifi_streaming_qualification_47e1996/results/environment_generalization_closed_loop_qualification_v1/runs/9cf87fc210fedb5758fb,1800,1800,0,0.0,9540.349999999991,3922282.0,194340000,25.912
obss_geometry_mac,obss-geometry-mac-qualification-p18,18,21073,1,str_mlo_nmaxinflights_1,29fdda1448e1cc941c29,/home/jingweili/wifi_streaming_qualification_47e1996/results/environment_generalization_closed_loop_qualification_v1/runs/29fdda1448e1cc941c29,1800,1763,37,0.020555555555555556,24812.19999999999,4672173.0,201453600,26.86048
obss_geometry_mac,obss-geometry-mac-qualification-p18,18,21073,1,score_aware_t2_v2,ac774f07e8bd1980aa1e,/home/jingweili/wifi_streaming_qualification_47e1996/results/environment_generalization_closed_loop_qualification_v1/runs/ac774f07e8bd1980aa1e,1800,1756,44,0.024444444444444446,27414.750000000007,6174657.0,201453600,26.86048
obss_geometry_mac,obss-geometry-mac-qualification-p18,18,21073,1,distributional_shadow_t2,3fab03023daea86c49fd,/home/jingweili/wifi_streaming_qualification_47e1996/results/environment_generalization_closed_loop_qualification_v1/runs/3fab03023daea86c49fd,1800,1746,54,0.03,29652.29999999998,6171654.0,201453600,26.86048
obss_geometry_mac,obss-geometry-mac-qualification-p18,18,21074,1,str_mlo_nmaxinflights_1,b96669e0183156a8e77f,/home/jingweili/wifi_streaming_qualification_47e1996/results/environment_generalization_closed_loop_qualification_v1/runs/b96669e0183156a8e77f,1800,1793,7,0.0038888888888888888,19158.23999999996,3983457.0,197110800,26.28144
obss_geometry_mac,obss-geometry-mac-qualification-p18,18,21074,1,score_aware_t2_v2,3b53a2a5aa56cafcad5d,/home/jingweili/wifi_streaming_qualification_47e1996/results/environment_generalization_closed_loop_qualification_v1/runs/3b53a2a5aa56cafcad5d,1800,1787,13,0.007222222222222222,22989.25999999998,5214840.0,197110800,26.28144
obss_geometry_mac,obss-geometry-mac-qualification-p18,18,21074,1,distributional_shadow_t2,db73626a9d13863bd58d,/home/jingweili/wifi_streaming_qualification_47e1996/results/environment_generalization_closed_loop_qualification_v1/runs/db73626a9d13863bd58d,1800,1764,36,0.02,24754.06999999999,5098562.0,197110800,26.28144
obss_geometry_mac,obss-geometry-mac-qualification-p18,18,21075,1,str_mlo_nmaxinflights_1,076522d360997a102962,/home/jingweili/wifi_streaming_qualification_47e1996/results/environment_generalization_closed_loop_qualification_v1/runs/076522d360997a102962,1800,1787,13,0.007222222222222222,18719.199999999953,4134234.0,200089200,26.67856
obss_geometry_mac,obss-geometry-mac-qualification-p18,18,21075,1,score_aware_t2_v2,4e3cc7231b850fb23aa3,/home/jingweili/wifi_streaming_qualification_47e1996/results/environment_generalization_closed_loop_qualification_v1/runs/4e3cc7231b850fb23aa3,1800,1795,5,0.002777777777777778,17131.25999999998,5247817.0,200089200,26.67856
obss_geometry_mac,obss-geometry-mac-qualification-p18,18,21075,1,distributional_shadow_t2,acf0236e5b7293c0ed2e,/home/jingweili/wifi_streaming_qualification_47e1996/results/environment_generalization_closed_loop_qualification_v1/runs/acf0236e5b7293c0ed2e,1800,1787,13,0.007222222222222222,18960.77999999996,5207284.0,200089200,26.67856
obss_geometry_mac,obss-geometry-mac-qualification-p18,18,21076,1,str_mlo_nmaxinflights_1,6b2eab5ef83618e62c3b,/home/jingweili/wifi_streaming_qualification_47e1996/results/environment_generalization_closed_loop_qualification_v1/runs/6b2eab5ef83618e62c3b,1800,1798,2,0.0011111111111111111,10530.319999999998,3345338.0,197056800,26.27424
obss_geometry_mac,obss-geometry-mac-qualification-p18,18,21076,1,score_aware_t2_v2,1dd4f60ee87b1ab919fb,/home/jingweili/wifi_streaming_qualification_47e1996/results/environment_generalization_closed_loop_qualification_v1/runs/1dd4f60ee87b1ab919fb,1800,1799,1,0.0005555555555555556,12260.979999999985,3455443.0,197056800,26.27424
obss_geometry_mac,obss-geometry-mac-qualification-p18,18,21076,1,distributional_shadow_t2,c729feb1b9b0f9e80fdf,/home/jingweili/wifi_streaming_qualification_47e1996/results/environment_generalization_closed_loop_qualification_v1/runs/c729feb1b9b0f9e80fdf,1800,1800,0,0.0,9001.739999999998,3746589.0,197056800,26.27424
obss_geometry_mac,obss-geometry-mac-qualification-p19,19,21077,1,str_mlo_nmaxinflights_1,4329c14b83517d546ded,/home/jingweili/wifi_streaming_qualification_47e1996/results/environment_generalization_closed_loop_qualification_v1/runs/4329c14b83517d546ded,1800,1782,18,0.01,26930.06,4821183.0,200257200,26.70096
obss_geometry_mac,obss-geometry-mac-qualification-p19,19,21077,1,score_aware_t2_v2,f5e4d38722f3073178f6,/home/jingweili/wifi_streaming_qualification_47e1996/results/environment_generalization_closed_loop_qualification_v1/runs/f5e4d38722f3073178f6,1800,1786,14,0.0077777777777777776,21906.000000000025,5468046.0,200226000,26.6968
obss_geometry_mac,obss-geometry-mac-qualification-p19,19,21077,1,distributional_shadow_t2,0834a690ea14acb099f9,/home/jingweili/wifi_streaming_qualification_47e1996/results/environment_generalization_closed_loop_qualification_v1/runs/0834a690ea14acb099f9,1800,1787,13,0.007222222222222222,20405.03999999999,5645936.0,200247600,26.69968
obss_geometry_mac,obss-geometry-mac-qualification-p19,19,21078,1,str_mlo_nmaxinflights_1,83007429f349929fc915,/home/jingweili/wifi_streaming_qualification_47e1996/results/environment_generalization_closed_loop_qualification_v1/runs/83007429f349929fc915,1800,1787,13,0.007222222222222222,21016.96,4446115.0,199233600,26.56448
obss_geometry_mac,obss-geometry-mac-qualification-p19,19,21078,1,score_aware_t2_v2,f57f14c2aeb1134ae4ce,/home/jingweili/wifi_streaming_qualification_47e1996/results/environment_generalization_closed_loop_qualification_v1/runs/f57f14c2aeb1134ae4ce,1800,1784,16,0.008888888888888889,24285.57,5871890.0,199216800,26.56224
obss_geometry_mac,obss-geometry-mac-qualification-p19,19,21078,1,distributional_shadow_t2,566db38ff29fa5f08037,/home/jingweili/wifi_streaming_qualification_47e1996/results/environment_generalization_closed_loop_qualification_v1/runs/566db38ff29fa5f08037,1800,1763,37,0.020555555555555556,24410.47999999997,5803613.0,199222800,26.56304
obss_geometry_mac,obss-geometry-mac-qualification-p19,19,21079,1,str_mlo_nmaxinflights_1,869be2efad3a56a7a87d,/home/jingweili/wifi_streaming_qualification_47e1996/results/environment_generalization_closed_loop_qualification_v1/runs/869be2efad3a56a7a87d,1800,1799,1,0.0005555555555555556,11153.039999999995,3438428.0,198948000,26.5264
obss_geometry_mac,obss-geometry-mac-qualification-p19,19,21079,1,score_aware_t2_v2,ac7a6f90ed0639d3b594,/home/jingweili/wifi_streaming_qualification_47e1996/results/environment_generalization_closed_loop_qualification_v1/runs/ac7a6f90ed0639d3b594,1800,1799,1,0.0005555555555555556,9730.599999999997,3336688.0,198912000,26.5216
obss_geometry_mac,obss-geometry-mac-qualification-p19,19,21079,1,distributional_shadow_t2,741af17de1e5d081a838,/home/jingweili/wifi_streaming_qualification_47e1996/results/environment_generalization_closed_loop_qualification_v1/runs/741af17de1e5d081a838,1800,1800,0,0.0,8123.769999999997,3717176.0,198913200,26.52176
obss_geometry_mac,obss-geometry-mac-qualification-p19,19,21080,1,str_mlo_nmaxinflights_1,2a6cb6db2fabeed4c96b,/home/jingweili/wifi_streaming_qualification_47e1996/results/environment_generalization_closed_loop_qualification_v1/runs/2a6cb6db2fabeed4c96b,1800,1750,50,0.027777777777777776,27344.969999999998,5796144.0,207632400,27.68432
obss_geometry_mac,obss-geometry-mac-qualification-p19,19,21080,1,score_aware_t2_v2,3a298829b882635f6ab7,/home/jingweili/wifi_streaming_qualification_47e1996/results/environment_generalization_closed_loop_qualification_v1/runs/3a298829b882635f6ab7,1800,1755,45,0.025,25928.24000000004,6301368.0,207640800,27.68544
obss_geometry_mac,obss-geometry-mac-qualification-p19,19,21080,1,distributional_shadow_t2,e79660a8bd9d43a5a58c,/home/jingweili/wifi_streaming_qualification_47e1996/results/environment_generalization_closed_loop_qualification_v1/runs/e79660a8bd9d43a5a58c,1800,1767,33,0.018333333333333333,26610.71999999998,6598126.0,207631200,27.68416
obss_geometry_mac,obss-geometry-mac-qualification-p20,20,21081,1,str_mlo_nmaxinflights_1,fb70b887288436a907f5,/home/jingweili/wifi_streaming_qualification_47e1996/results/environment_generalization_closed_loop_qualification_v1/runs/fb70b887288436a907f5,1800,1795,5,0.002777777777777778,15700.759999999964,3974653.0,189687600,25.29168
obss_geometry_mac,obss-geometry-mac-qualification-p20,20,21081,1,score_aware_t2_v2,082a24e0343e927594d6,/home/jingweili/wifi_streaming_qualification_47e1996/results/environment_generalization_closed_loop_qualification_v1/runs/082a24e0343e927594d6,1800,1799,1,0.0005555555555555556,12172.459999999997,4043169.0,189687600,25.29168
obss_geometry_mac,obss-geometry-mac-qualification-p20,20,21081,1,distributional_shadow_t2,f61178972b518cb3ffa1,/home/jingweili/wifi_streaming_qualification_47e1996/results/environment_generalization_closed_loop_qualification_v1/runs/f61178972b518cb3ffa1,1800,1799,1,0.0005555555555555556,10489.599999999999,4337073.0,189687600,25.29168
obss_geometry_mac,obss-geometry-mac-qualification-p20,20,21082,1,str_mlo_nmaxinflights_1,5339f08df7a8dde7c974,/home/jingweili/wifi_streaming_qualification_47e1996/results/environment_generalization_closed_loop_qualification_v1/runs/5339f08df7a8dde7c974,1800,1769,31,0.017222222222222222,25588.399999999994,4907216.0,199018800,26.53584
obss_geometry_mac,obss-geometry-mac-qualification-p20,20,21082,1,score_aware_t2_v2,456683e427d0a62a7bfe,/home/jingweili/wifi_streaming_qualification_47e1996/results/environment_generalization_closed_loop_qualification_v1/runs/456683e427d0a62a7bfe,1800,1758,42,0.023333333333333334,26983.750000000015,6033669.0,199018800,26.53584
obss_geometry_mac,obss-geometry-mac-qualification-p20,20,21082,1,distributional_shadow_t2,af2d462363b923a99a9a,/home/jingweili/wifi_streaming_qualification_47e1996/results/environment_generalization_closed_loop_qualification_v1/runs/af2d462363b923a99a9a,1800,1753,47,0.026111111111111113,26756.240000000005,6181037.0,199018800,26.53584
obss_geometry_mac,obss-geometry-mac-qualification-p20,20,21083,1,str_mlo_nmaxinflights_1,28d3e71121ad9c6c8cf0,/home/jingweili/wifi_streaming_qualification_47e1996/results/environment_generalization_closed_loop_qualification_v1/runs/28d3e71121ad9c6c8cf0,1800,1785,15,0.008333333333333333,24165.560000000074,4277791.0,204657600,27.28768
obss_geometry_mac,obss-geometry-mac-qualification-p20,20,21083,1,score_aware_t2_v2,05872998fa594a14eba0,/home/jingweili/wifi_streaming_qualification_47e1996/results/environment_generalization_closed_loop_qualification_v1/runs/05872998fa594a14eba0,1800,1799,1,0.0005555555555555556,10541.559999999996,3823994.0,204657600,27.28768
obss_geometry_mac,obss-geometry-mac-qualification-p20,20,21083,1,distributional_shadow_t2,1d0c4315f23e796c48da,/home/jingweili/wifi_streaming_qualification_47e1996/results/environment_generalization_closed_loop_qualification_v1/runs/1d0c4315f23e796c48da,1800,1800,0,0.0,9800.38,4325232.0,204657600,27.28768
obss_geometry_mac,obss-geometry-mac-qualification-p20,20,21084,1,str_mlo_nmaxinflights_1,e3b7413df59434d2e365,/home/jingweili/wifi_streaming_qualification_47e1996/results/environment_generalization_closed_loop_qualification_v1/runs/e3b7413df59434d2e365,1800,1749,51,0.028333333333333332,27441.76,5468550.0,200556000,26.7408
obss_geometry_mac,obss-geometry-mac-qualification-p20,20,21084,1,score_aware_t2_v2,e6bfd62caf314dd8a103,/home/jingweili/wifi_streaming_qualification_47e1996/results/environment_generalization_closed_loop_qualification_v1/runs/e6bfd62caf314dd8a103,1800,1755,45,0.025,26096.4,6108509.0,200556000,26.7408
obss_geometry_mac,obss-geometry-mac-qualification-p20,20,21084,1,distributional_shadow_t2,182da5bc8a112c8ed291,/home/jingweili/wifi_streaming_qualification_47e1996/results/environment_generalization_closed_loop_qualification_v1/runs/182da5bc8a112c8ed291,1800,1757,43,0.02388888888888889,25484.4,6365810.0,200556000,26.7408
video_workload,video-workload-qualification-p16,16,21097,1,str_mlo_nmaxinflights_1,efb9a04cbe4ff21e3b53,/home/jingweili/wifi_streaming_qualification_47e1996/results/environment_generalization_closed_loop_qualification_v1/runs/efb9a04cbe4ff21e3b53,3600,3526,74,0.020555555555555556,13620.75,6295758.0,192877200,25.71696
video_workload,video-workload-qualification-p16,16,21097,1,score_aware_t2_v2,60b85f13b990a74c85cd,/home/jingweili/wifi_streaming_qualification_47e1996/results/environment_generalization_closed_loop_qualification_v1/runs/60b85f13b990a74c85cd,3600,3487,113,0.03138888888888889,13349.319999999996,7452395.0,192840000,25.712
video_workload,video-workload-qualification-p16,16,21097,1,distributional_shadow_t2,3085de624dbd3a0cf652,/home/jingweili/wifi_streaming_qualification_47e1996/results/environment_generalization_closed_loop_qualification_v1/runs/3085de624dbd3a0cf652,3600,3465,135,0.0375,13682.920000000006,7430938.0,192837600,25.71168
video_workload,video-workload-qualification-p16,16,21098,1,str_mlo_nmaxinflights_1,8a0c9622eb72098399cb,/home/jingweili/wifi_streaming_qualification_47e1996/results/environment_generalization_closed_loop_qualification_v1/runs/8a0c9622eb72098399cb,3600,3481,119,0.03305555555555555,14133.399999999983,6664478.0,198285600,26.43808
video_workload,video-workload-qualification-p16,16,21098,1,score_aware_t2_v2,c31f5c16be41b463bb23,/home/jingweili/wifi_streaming_qualification_47e1996/results/environment_generalization_closed_loop_qualification_v1/runs/c31f5c16be41b463bb23,3600,3416,184,0.051111111111111114,14226.599999999995,7762989.0,198280800,26.43744
video_workload,video-workload-qualification-p16,16,21098,1,distributional_shadow_t2,415e22b5f3feed9ec6b0,/home/jingweili/wifi_streaming_qualification_47e1996/results/environment_generalization_closed_loop_qualification_v1/runs/415e22b5f3feed9ec6b0,3600,3446,154,0.042777777777777776,14092.150000000016,7844938.0,198289200,26.43856
video_workload,video-workload-qualification-p16,16,21099,1,str_mlo_nmaxinflights_1,0d6980875f8b68d1ab2f,/home/jingweili/wifi_streaming_qualification_47e1996/results/environment_generalization_closed_loop_qualification_v1/runs/0d6980875f8b68d1ab2f,3600,3598,2,0.0005555555555555556,4671.0599999999995,4260897.0,198034800,26.40464
video_workload,video-workload-qualification-p16,16,21099,1,score_aware_t2_v2,ef23ca69600918b92533,/home/jingweili/wifi_streaming_qualification_47e1996/results/environment_generalization_closed_loop_qualification_v1/runs/ef23ca69600918b92533,3600,3600,0,0.0,5023.089999999998,4343803.0,198031200,26.40416
video_workload,video-workload-qualification-p16,16,21099,1,distributional_shadow_t2,3c5b28d66076fcb5e164,/home/jingweili/wifi_streaming_qualification_47e1996/results/environment_generalization_closed_loop_qualification_v1/runs/3c5b28d66076fcb5e164,3600,3600,0,0.0,4045.079999999998,4470446.0,198031200,26.40416
video_workload,video-workload-qualification-p16,16,21100,1,str_mlo_nmaxinflights_1,78706dafe69b5250af17,/home/jingweili/wifi_streaming_qualification_47e1996/results/environment_generalization_closed_loop_qualification_v1/runs/78706dafe69b5250af17,3600,3532,68,0.01888888888888889,13158.76,6046872.0,197920800,26.38944
video_workload,video-workload-qualification-p16,16,21100,1,score_aware_t2_v2,946f764bbea2c105f165,/home/jingweili/wifi_streaming_qualification_47e1996/results/environment_generalization_closed_loop_qualification_v1/runs/946f764bbea2c105f165,3600,3497,103,0.02861111111111111,13571.44,7446058.0,197892000,26.3856
video_workload,video-workload-qualification-p16,16,21100,1,distributional_shadow_t2,8cd38246a52ada731431,/home/jingweili/wifi_streaming_qualification_47e1996/results/environment_generalization_closed_loop_qualification_v1/runs/8cd38246a52ada731431,3600,3478,122,0.03388888888888889,13851.0,7414359.0,197898000,26.3864
video_workload,video-workload-qualification-p17,17,21101,1,str_mlo_nmaxinflights_1,781e153e638f4b576ba8,/home/jingweili/wifi_streaming_qualification_47e1996/results/environment_generalization_closed_loop_qualification_v1/runs/781e153e638f4b576ba8,3600,3551,49,0.01361111111111111,12650.0,8048148.0,203638800,27.15184
video_workload,video-workload-qualification-p17,17,21101,1,score_aware_t2_v2,0c183c114b5e9d8308dc,/home/jingweili/wifi_streaming_qualification_47e1996/results/environment_generalization_closed_loop_qualification_v1/runs/0c183c114b5e9d8308dc,3600,3582,18,0.005,11304.66000000001,8232064.0,203619600,27.14928
video_workload,video-workload-qualification-p17,17,21101,1,distributional_shadow_t2,4ec3b164dc0560447eef,/home/jingweili/wifi_streaming_qualification_47e1996/results/environment_generalization_closed_loop_qualification_v1/runs/4ec3b164dc0560447eef,3600,3588,12,0.0033333333333333335,10904.280000000017,8304776.0,203612400,27.14832
video_workload,video-workload-qualification-p17,17,21102,1,str_mlo_nmaxinflights_1,3bbdf1ae928cf3811f78,/home/jingweili/wifi_streaming_qualification_47e1996/results/environment_generalization_closed_loop_qualification_v1/runs/3bbdf1ae928cf3811f78,3600,3434,166,0.04611111111111111,14613.44000000001,9735274.0,201748800,26.89984
video_workload,video-workload-qualification-p17,17,21102,1,score_aware_t2_v2,0b3dc2b9b29bbc2a98a5,/home/jingweili/wifi_streaming_qualification_47e1996/results/environment_generalization_closed_loop_qualification_v1/runs/0b3dc2b9b29bbc2a98a5,3600,3265,335,0.09305555555555556,15334.32,12276714.0,201690000,26.892
video_workload,video-workload-qualification-p17,17,21102,1,distributional_shadow_t2,d8de8dc039475e202923,/home/jingweili/wifi_streaming_qualification_47e1996/results/environment_generalization_closed_loop_qualification_v1/runs/d8de8dc039475e202923,3600,3280,320,0.08888888888888889,15363.68,12177778.0,201690000,26.892
video_workload,video-workload-qualification-p17,17,21103,1,str_mlo_nmaxinflights_1,37816e9f94359799f28f,/home/jingweili/wifi_streaming_qualification_47e1996/results/environment_generalization_closed_loop_qualification_v1/runs/37816e9f94359799f28f,3600,3590,10,0.002777777777777778,9149.960000000005,7077336.0,201930000,26.924
video_workload,video-workload-qualification-p17,17,21103,1,score_aware_t2_v2,93cbe2277b240ab058f5,/home/jingweili/wifi_streaming_qualification_47e1996/results/environment_generalization_closed_loop_qualification_v1/runs/93cbe2277b240ab058f5,3600,3589,11,0.0030555555555555557,9914.2,7663974.0,201915600,26.92208
video_workload,video-workload-qualification-p17,17,21103,1,distributional_shadow_t2,2e7388bd456702c37253,/home/jingweili/wifi_streaming_qualification_47e1996/results/environment_generalization_closed_loop_qualification_v1/runs/2e7388bd456702c37253,3600,3589,11,0.0030555555555555557,9916.959999999997,7580995.0,201915600,26.92208
video_workload,video-workload-qualification-p17,17,21104,1,str_mlo_nmaxinflights_1,b5cd049f178986555a45,/home/jingweili/wifi_streaming_qualification_47e1996/results/environment_generalization_closed_loop_qualification_v1/runs/b5cd049f178986555a45,3600,3408,192,0.05333333333333334,14686.369999999999,10120993.0,194960400,25.99472
video_workload,video-workload-qualification-p17,17,21104,1,score_aware_t2_v2,deb9279bf0dad50deabd,/home/jingweili/wifi_streaming_qualification_47e1996/results/environment_generalization_closed_loop_qualification_v1/runs/deb9279bf0dad50deabd,3600,3302,298,0.08277777777777778,15275.949999999977,11248812.0,194935200,25.99136
video_workload,video-workload-qualification-p17,17,21104,1,distributional_shadow_t2,339ba85d0562827868ab,/home/jingweili/wifi_streaming_qualification_47e1996/results/environment_generalization_closed_loop_qualification_v1/runs/339ba85d0562827868ab,3600,3324,276,0.07666666666666666,14951.55,11409881.0,194935200,25.99136
video_workload,video-workload-qualification-p18,18,21105,1,str_mlo_nmaxinflights_1,95fc5e42b73bcc3f3344,/home/jingweili/wifi_streaming_qualification_47e1996/results/environment_generalization_closed_loop_qualification_v1/runs/95fc5e42b73bcc3f3344,1440,1418,22,0.015277777777777777,23469.93999999998,3730509.0,194371200,25.91616
video_workload,video-workload-qualification-p18,18,21105,1,score_aware_t2_v2,ab4ccaf21f0f834f97e6,/home/jingweili/wifi_streaming_qualification_47e1996/results/environment_generalization_closed_loop_qualification_v1/runs/ab4ccaf21f0f834f97e6,1440,1438,2,0.001388888888888889,9991.519999999964,3423064.0,194407200,25.92096
video_workload,video-workload-qualification-p18,18,21105,1,distributional_shadow_t2,68dcd2758b28a18b1622,/home/jingweili/wifi_streaming_qualification_47e1996/results/environment_generalization_closed_loop_qualification_v1/runs/68dcd2758b28a18b1622,1440,1438,2,0.001388888888888889,10427.18999999994,3865414.0,194407200,25.92096
video_workload,video-workload-qualification-p18,18,21106,1,str_mlo_nmaxinflights_1,19b3bb65b5a2068a18bf,/home/jingweili/wifi_streaming_qualification_47e1996/results/environment_generalization_closed_loop_qualification_v1/runs/19b3bb65b5a2068a18bf,1440,1420,20,0.013888888888888888,28509.799999999985,4253464.0,206403600,27.52048
video_workload,video-workload-qualification-p18,18,21106,1,score_aware_t2_v2,9ea3953e0c2592701471,/home/jingweili/wifi_streaming_qualification_47e1996/results/environment_generalization_closed_loop_qualification_v1/runs/9ea3953e0c2592701471,1440,1419,21,0.014583333333333334,32573.859999999888,5142269.0,206392800,27.51904
video_workload,video-workload-qualification-p18,18,21106,1,distributional_shadow_t2,2a1ec77d151e3f34848a,/home/jingweili/wifi_streaming_qualification_47e1996/results/environment_generalization_closed_loop_qualification_v1/runs/2a1ec77d151e3f34848a,1440,1425,15,0.010416666666666666,28713.64,5205182.0,206394000,27.5192
video_workload,video-workload-qualification-p18,18,21107,1,str_mlo_nmaxinflights_1,a8e5cebe2ad89b8a418f,/home/jingweili/wifi_streaming_qualification_47e1996/results/environment_generalization_closed_loop_qualification_v1/runs/a8e5cebe2ad89b8a418f,1440,1435,5,0.003472222222222222,24749.50000000004,4163346.0,201614400,26.88192
video_workload,video-workload-qualification-p18,18,21107,1,score_aware_t2_v2,85ca9fe942fb08d52d68,/home/jingweili/wifi_streaming_qualification_47e1996/results/environment_generalization_closed_loop_qualification_v1/runs/85ca9fe942fb08d52d68,1440,1435,5,0.003472222222222222,25465.400000000038,4789406.0,201600000,26.88
video_workload,video-workload-qualification-p18,18,21107,1,distributional_shadow_t2,fe063a09ca25508d9c3d,/home/jingweili/wifi_streaming_qualification_47e1996/results/environment_generalization_closed_loop_qualification_v1/runs/fe063a09ca25508d9c3d,1440,1436,4,0.002777777777777778,24655.40000000002,4849203.0,201600000,26.88
video_workload,video-workload-qualification-p18,18,21108,1,str_mlo_nmaxinflights_1,1c6940821a79c0e33eb8,/home/jingweili/wifi_streaming_qualification_47e1996/results/environment_generalization_closed_loop_qualification_v1/runs/1c6940821a79c0e33eb8,1440,1433,7,0.004861111111111111,20900.20000000002,3555296.0,203378400,27.11712
video_workload,video-workload-qualification-p18,18,21108,1,score_aware_t2_v2,9f9779fccec02bd60473,/home/jingweili/wifi_streaming_qualification_47e1996/results/environment_generalization_closed_loop_qualification_v1/runs/9f9779fccec02bd60473,1440,1440,0,0.0,10179.77999999998,3421383.0,203392800,27.11904
video_workload,video-workload-qualification-p18,18,21108,1,distributional_shadow_t2,21612466ddbc3f3fae4d,/home/jingweili/wifi_streaming_qualification_47e1996/results/environment_generalization_closed_loop_qualification_v1/runs/21612466ddbc3f3fae4d,1440,1440,0,0.0,10166.909999999976,3730881.0,203392800,27.11904
video_workload,video-workload-qualification-p19,19,21109,1,str_mlo_nmaxinflights_1,cc8247f9b2d25e73528e,/home/jingweili/wifi_streaming_qualification_47e1996/results/environment_generalization_closed_loop_qualification_v1/runs/cc8247f9b2d25e73528e,1800,1777,23,0.012777777777777779,19824.68,4213177.0,196248000,26.1664
video_workload,video-workload-qualification-p19,19,21109,1,score_aware_t2_v2,d4d934eaa990c3e96482,/home/jingweili/wifi_streaming_qualification_47e1996/results/environment_generalization_closed_loop_qualification_v1/runs/d4d934eaa990c3e96482,1800,1784,16,0.008888888888888889,22980.310000000063,5266440.0,196206000,26.1608
video_workload,video-workload-qualification-p19,19,21109,1,distributional_shadow_t2,b7a72fd6cca189bdcbc3,/home/jingweili/wifi_streaming_qualification_47e1996/results/environment_generalization_closed_loop_qualification_v1/runs/b7a72fd6cca189bdcbc3,1800,1781,19,0.010555555555555556,21194.20000000002,5361398.0,196214400,26.16192
video_workload,video-workload-qualification-p19,19,21110,1,str_mlo_nmaxinflights_1,27d0fdf1805ea5bbdd96,/home/jingweili/wifi_streaming_qualification_47e1996/results/environment_generalization_closed_loop_qualification_v1/runs/27d0fdf1805ea5bbdd96,1800,1798,2,0.0011111111111111111,11826.989999999987,3130855.0,198490800,26.46544
video_workload,video-workload-qualification-p19,19,21110,1,score_aware_t2_v2,40048fdbcac537e4b8d5,/home/jingweili/wifi_streaming_qualification_47e1996/results/environment_generalization_closed_loop_qualification_v1/runs/40048fdbcac537e4b8d5,1800,1800,0,0.0,7944.53,2958738.0,198489600,26.46528
video_workload,video-workload-qualification-p19,19,21110,1,distributional_shadow_t2,25b93357b786d4500b01,/home/jingweili/wifi_streaming_qualification_47e1996/results/environment_generalization_closed_loop_qualification_v1/runs/25b93357b786d4500b01,1800,1800,0,0.0,6000.5199999999995,3310242.0,198489600,26.46528
video_workload,video-workload-qualification-p19,19,21111,1,str_mlo_nmaxinflights_1,a53214a0b95b9347c167,/home/jingweili/wifi_streaming_qualification_47e1996/results/environment_generalization_closed_loop_qualification_v1/runs/a53214a0b95b9347c167,1800,1776,24,0.013333333333333334,23746.0,4458368.0,197421600,26.32288
video_workload,video-workload-qualification-p19,19,21111,1,score_aware_t2_v2,fabd7e4cc184679243f3,/home/jingweili/wifi_streaming_qualification_47e1996/results/environment_generalization_closed_loop_qualification_v1/runs/fabd7e4cc184679243f3,1800,1786,14,0.0077777777777777776,21006.850000000017,5284298.0,197421600,26.32288
video_workload,video-workload-qualification-p19,19,21111,1,distributional_shadow_t2,4168a86ee9cce73a21c3,/home/jingweili/wifi_streaming_qualification_47e1996/results/environment_generalization_closed_loop_qualification_v1/runs/4168a86ee9cce73a21c3,1800,1791,9,0.005,19424.499999999967,5470120.0,197421600,26.32288
video_workload,video-workload-qualification-p19,19,21112,1,str_mlo_nmaxinflights_1,459b877103832821252f,/home/jingweili/wifi_streaming_qualification_47e1996/results/environment_generalization_closed_loop_qualification_v1/runs/459b877103832821252f,1800,1787,13,0.007222222222222222,18514.159999999974,3766393.0,198184800,26.42464
video_workload,video-workload-qualification-p19,19,21112,1,score_aware_t2_v2,22d6bcf73e0e168026ee,/home/jingweili/wifi_streaming_qualification_47e1996/results/environment_generalization_closed_loop_qualification_v1/runs/22d6bcf73e0e168026ee,1800,1798,2,0.0011111111111111111,9976.669999999996,3343586.0,198190800,26.42544
video_workload,video-workload-qualification-p19,19,21112,1,distributional_shadow_t2,8507c1dd4f49f9ab771e,/home/jingweili/wifi_streaming_qualification_47e1996/results/environment_generalization_closed_loop_qualification_v1/runs/8507c1dd4f49f9ab771e,1800,1798,2,0.0011111111111111111,8801.159999999998,3815841.0,198193200,26.42576
video_workload,video-workload-qualification-p20,20,21113,1,str_mlo_nmaxinflights_1,6ef4b1f33103135b06b8,/home/jingweili/wifi_streaming_qualification_47e1996/results/environment_generalization_closed_loop_qualification_v1/runs/6ef4b1f33103135b06b8,2700,2659,41,0.015185185185185185,14677.660000000013,4356828.0,203296800,27.10624
video_workload,video-workload-qualification-p20,20,21113,1,score_aware_t2_v2,cb13414866f2d660d95a,/home/jingweili/wifi_streaming_qualification_47e1996/results/environment_generalization_closed_loop_qualification_v1/runs/cb13414866f2d660d95a,2700,2659,41,0.015185185185185185,14128.260000000007,5614494.0,203305200,27.10736
video_workload,video-workload-qualification-p20,20,21113,1,distributional_shadow_t2,2d23002e750eed44115e,/home/jingweili/wifi_streaming_qualification_47e1996/results/environment_generalization_closed_loop_qualification_v1/runs/2d23002e750eed44115e,2700,2632,68,0.025185185185185185,15531.360000000019,5602393.0,203305200,27.10736
video_workload,video-workload-qualification-p20,20,21114,1,str_mlo_nmaxinflights_1,e89d1e7a5798c1bb38c1,/home/jingweili/wifi_streaming_qualification_47e1996/results/environment_generalization_closed_loop_qualification_v1/runs/e89d1e7a5798c1bb38c1,2700,2696,4,0.0014814814814814814,9012.150000000032,3211809.0,195802800,26.10704
video_workload,video-workload-qualification-p20,20,21114,1,score_aware_t2_v2,98f0eee75681faa776ec,/home/jingweili/wifi_streaming_qualification_47e1996/results/environment_generalization_closed_loop_qualification_v1/runs/98f0eee75681faa776ec,2700,2699,1,0.00037037037037037035,4717.48,3027281.0,195786000,26.1048
video_workload,video-workload-qualification-p20,20,21114,1,distributional_shadow_t2,c5ea70ace2af4fd7fc31,/home/jingweili/wifi_streaming_qualification_47e1996/results/environment_generalization_closed_loop_qualification_v1/runs/c5ea70ace2af4fd7fc31,2700,2700,0,0.0,3850.0099999999998,3202838.0,195786000,26.1048
video_workload,video-workload-qualification-p20,20,21115,1,str_mlo_nmaxinflights_1,1ed29e612255c4129b0b,/home/jingweili/wifi_streaming_qualification_47e1996/results/environment_generalization_closed_loop_qualification_v1/runs/1ed29e612255c4129b0b,2700,2662,38,0.014074074074074074,14927.409999999998,4358800.0,197313600,26.30848
video_workload,video-workload-qualification-p20,20,21115,1,score_aware_t2_v2,e8b53787d325f473c0f5,/home/jingweili/wifi_streaming_qualification_47e1996/results/environment_generalization_closed_loop_qualification_v1/runs/e8b53787d325f473c0f5,2700,2691,9,0.0033333333333333335,13240.199999999993,4802044.0,197294400,26.30592
video_workload,video-workload-qualification-p20,20,21115,1,distributional_shadow_t2,4370eb76d40af1df5ed0,/home/jingweili/wifi_streaming_qualification_47e1996/results/environment_generalization_closed_loop_qualification_v1/runs/4370eb76d40af1df5ed0,2700,2693,7,0.0025925925925925925,12077.119999999977,5039504.0,197313600,26.30848
video_workload,video-workload-qualification-p20,20,21116,1,str_mlo_nmaxinflights_1,ede98ee61b77989af073,/home/jingweili/wifi_streaming_qualification_47e1996/results/environment_generalization_closed_loop_qualification_v1/runs/ede98ee61b77989af073,2700,2699,1,0.00037037037037037035,9592.0,3445644.0,197365200,26.31536
video_workload,video-workload-qualification-p20,20,21116,1,score_aware_t2_v2,fac32b0393049d5701ab,/home/jingweili/wifi_streaming_qualification_47e1996/results/environment_generalization_closed_loop_qualification_v1/runs/fac32b0393049d5701ab,2700,2698,2,0.0007407407407407407,8723.640000000018,3927237.0,197358000,26.3144
video_workload,video-workload-qualification-p20,20,21116,1,distributional_shadow_t2,dc2fea429797d34b6cbc,/home/jingweili/wifi_streaming_qualification_47e1996/results/environment_generalization_closed_loop_qualification_v1/runs/dc2fea429797d34b6cbc,2700,2697,3,0.0011111111111111111,8019.239999999999,4046126.0,197353200,26.31376
legacy_coexistence,legacy-coexistence-qualification-p16,16,21129,1,str_mlo_nmaxinflights_1,ae82cc3daa9020cc85a8,/home/jingweili/wifi_streaming_qualification_47e1996/results/environment_generalization_closed_loop_qualification_v1/runs/ae82cc3daa9020cc85a8,1800,1718,82,0.04555555555555556,28703.519999999997,5905180.0,200611200,26.74816
legacy_coexistence,legacy-coexistence-qualification-p16,16,21129,1,score_aware_t2_v2,13c446affac42dbd4446,/home/jingweili/wifi_streaming_qualification_47e1996/results/environment_generalization_closed_loop_qualification_v1/runs/13c446affac42dbd4446,1800,1725,75,0.041666666666666664,28650.519999999997,5734110.0,200606400,26.74752
legacy_coexistence,legacy-coexistence-qualification-p16,16,21129,1,distributional_shadow_t2,170be359dbca41acf18e,/home/jingweili/wifi_streaming_qualification_47e1996/results/environment_generalization_closed_loop_qualification_v1/runs/170be359dbca41acf18e,1800,1742,58,0.03222222222222222,27129.069999999985,6110536.0,200606400,26.74752
legacy_coexistence,legacy-coexistence-qualification-p16,16,21130,1,str_mlo_nmaxinflights_1,c909d17f7ff697d8cf6c,/home/jingweili/wifi_streaming_qualification_47e1996/results/environment_generalization_closed_loop_qualification_v1/runs/c909d17f7ff697d8cf6c,1800,1787,13,0.007222222222222222,19082.199999999903,4283465.0,197655600,26.35408
legacy_coexistence,legacy-coexistence-qualification-p16,16,21130,1,score_aware_t2_v2,dddcb2dbd56818c6a0fb,/home/jingweili/wifi_streaming_qualification_47e1996/results/environment_generalization_closed_loop_qualification_v1/runs/dddcb2dbd56818c6a0fb,1800,1789,11,0.006111111111111111,18669.639999999985,4645438.0,197643600,26.35248
legacy_coexistence,legacy-coexistence-qualification-p16,16,21130,1,distributional_shadow_t2,73f2af162965a452f574,/home/jingweili/wifi_streaming_qualification_47e1996/results/environment_generalization_closed_loop_qualification_v1/runs/73f2af162965a452f574,1800,1793,7,0.0038888888888888888,18913.43999999994,4725229.0,197643600,26.35248
legacy_coexistence,legacy-coexistence-qualification-p16,16,21131,1,str_mlo_nmaxinflights_1,f839afa9764de925ef88,/home/jingweili/wifi_streaming_qualification_47e1996/results/environment_generalization_closed_loop_qualification_v1/runs/f839afa9764de925ef88,1800,1734,66,0.03666666666666667,29151.04,5412389.0,197539200,26.33856
legacy_coexistence,legacy-coexistence-qualification-p16,16,21131,1,score_aware_t2_v2,9817ccb78bdeb56f8e5e,/home/jingweili/wifi_streaming_qualification_47e1996/results/environment_generalization_closed_loop_qualification_v1/runs/9817ccb78bdeb56f8e5e,1800,1663,137,0.07611111111111112,31266.799999999937,6795107.0,197515200,26.33536
legacy_coexistence,legacy-coexistence-qualification-p16,16,21131,1,distributional_shadow_t2,80598a8b3576d5ed627f,/home/jingweili/wifi_streaming_qualification_47e1996/results/environment_generalization_closed_loop_qualification_v1/runs/80598a8b3576d5ed627f,1800,1683,117,0.065,31001.40000000001,6854509.0,197511600,26.33488
legacy_coexistence,legacy-coexistence-qualification-p16,16,21132,1,str_mlo_nmaxinflights_1,0a42aafd58cca2ff3e6a,/home/jingweili/wifi_streaming_qualification_47e1996/results/environment_generalization_closed_loop_qualification_v1/runs/0a42aafd58cca2ff3e6a,1800,1756,44,0.024444444444444446,26971.450000000004,4608620.0,201196800,26.82624
legacy_coexistence,legacy-coexistence-qualification-p16,16,21132,1,score_aware_t2_v2,2835bf40e9093740b292,/home/jingweili/wifi_streaming_qualification_47e1996/results/environment_generalization_closed_loop_qualification_v1/runs/2835bf40e9093740b292,1800,1795,5,0.002777777777777778,19225.039999999997,3958777.0,201180000,26.824
legacy_coexistence,legacy-coexistence-qualification-p16,16,21132,1,distributional_shadow_t2,3c496f6896a4eef92ca7,/home/jingweili/wifi_streaming_qualification_47e1996/results/environment_generalization_closed_loop_qualification_v1/runs/3c496f6896a4eef92ca7,1800,1793,7,0.0038888888888888888,18638.839999999946,3999266.0,201180000,26.824
legacy_coexistence,legacy-coexistence-qualification-p17,17,21133,1,str_mlo_nmaxinflights_1,c41a443f6a04277d5e8d,/home/jingweili/wifi_streaming_qualification_47e1996/results/environment_generalization_closed_loop_qualification_v1/runs/c41a443f6a04277d5e8d,1800,1280,520,0.28888888888888886,31762.880000000005,6108052.0,202312800,26.97504
legacy_coexistence,legacy-coexistence-qualification-p17,17,21133,1,score_aware_t2_v2,e06c6913cb8a851044f9,/home/jingweili/wifi_streaming_qualification_47e1996/results/environment_generalization_closed_loop_qualification_v1/runs/e06c6913cb8a851044f9,1800,659,1141,0.6338888888888888,32700.759999999995,7752045.0,202196400,26.95952
legacy_coexistence,legacy-coexistence-qualification-p17,17,21133,1,distributional_shadow_t2,da65f24edc963d8153c7,/home/jingweili/wifi_streaming_qualification_47e1996/results/environment_generalization_closed_loop_qualification_v1/runs/da65f24edc963d8153c7,1800,695,1105,0.6138888888888889,32543.91999999999,7907126.0,202185600,26.95808
legacy_coexistence,legacy-coexistence-qualification-p17,17,21134,1,str_mlo_nmaxinflights_1,fac152b6c676f6d59a8b,/home/jingweili/wifi_streaming_qualification_47e1996/results/environment_generalization_closed_loop_qualification_v1/runs/fac152b6c676f6d59a8b,1800,1484,316,0.17555555555555555,30320.89000000001,5337960.0,199928400,26.65712
legacy_coexistence,legacy-coexistence-qualification-p17,17,21134,1,score_aware_t2_v2,88992e9d04cc5fa564c5,/home/jingweili/wifi_streaming_qualification_47e1996/results/environment_generalization_closed_loop_qualification_v1/runs/88992e9d04cc5fa564c5,1800,1425,375,0.20833333333333334,31960.52,5721226.0,199476000,26.5968
legacy_coexistence,legacy-coexistence-qualification-p17,17,21134,1,distributional_shadow_t2,2986715fe0eb5d1f7fb5,/home/jingweili/wifi_streaming_qualification_47e1996/results/environment_generalization_closed_loop_qualification_v1/runs/2986715fe0eb5d1f7fb5,1800,1458,342,0.19,32089.52000000001,5933894.0,199477200,26.59696
legacy_coexistence,legacy-coexistence-qualification-p17,17,21135,1,str_mlo_nmaxinflights_1,3c1974ca0f64ca997349,/home/jingweili/wifi_streaming_qualification_47e1996/results/environment_generalization_closed_loop_qualification_v1/runs/3c1974ca0f64ca997349,1800,1307,493,0.2738888888888889,31470.400000000005,6116091.0,196436400,26.19152
legacy_coexistence,legacy-coexistence-qualification-p17,17,21135,1,score_aware_t2_v2,e1d2f0bcb15ee8ca815f,/home/jingweili/wifi_streaming_qualification_47e1996/results/environment_generalization_closed_loop_qualification_v1/runs/e1d2f0bcb15ee8ca815f,1800,916,884,0.4911111111111111,32702.350000000006,7337508.0,196132800,26.15104
legacy_coexistence,legacy-coexistence-qualification-p17,17,21135,1,distributional_shadow_t2,a4fc4e6332751b0cb3c6,/home/jingweili/wifi_streaming_qualification_47e1996/results/environment_generalization_closed_loop_qualification_v1/runs/a4fc4e6332751b0cb3c6,1800,924,876,0.4866666666666667,32298.92,7540054.0,196122000,26.1496
legacy_coexistence,legacy-coexistence-qualification-p17,17,21136,1,str_mlo_nmaxinflights_1,3dacd969c8dfa4978676,/home/jingweili/wifi_streaming_qualification_47e1996/results/environment_generalization_closed_loop_qualification_v1/runs/3dacd969c8dfa4978676,1800,952,848,0.4711111111111111,32145.350000000002,7491421.0,208386000,27.7848
legacy_coexistence,legacy-coexistence-qualification-p17,17,21136,1,score_aware_t2_v2,f5ee97bdaaa85eb0bd51,/home/jingweili/wifi_streaming_qualification_47e1996/results/environment_generalization_closed_loop_qualification_v1/runs/f5ee97bdaaa85eb0bd51,1800,788,1012,0.5622222222222222,32895.51,7307596.0,207974400,27.72992
legacy_coexistence,legacy-coexistence-qualification-p17,17,21136,1,distributional_shadow_t2,e0a5e2c9bb93dc97ab72,/home/jingweili/wifi_streaming_qualification_47e1996/results/environment_generalization_closed_loop_qualification_v1/runs/e0a5e2c9bb93dc97ab72,1800,806,994,0.5522222222222222,32937.950000000004,7725310.0,208000800,27.73344
legacy_coexistence,legacy-coexistence-qualification-p18,18,21137,1,str_mlo_nmaxinflights_1,9ac233298f8e8a1f5733,/home/jingweili/wifi_streaming_qualification_47e1996/results/environment_generalization_closed_loop_qualification_v1/runs/9ac233298f8e8a1f5733,1800,1600,200,0.1111111111111111,30321.809999999998,5359479.0,207594000,27.6792
legacy_coexistence,legacy-coexistence-qualification-p18,18,21137,1,score_aware_t2_v2,debdeea000a265fb2bcc,/home/jingweili/wifi_streaming_qualification_47e1996/results/environment_generalization_closed_loop_qualification_v1/runs/debdeea000a265fb2bcc,1800,1341,459,0.255,32015.59999999999,7466744.0,207608400,27.68112
legacy_coexistence,legacy-coexistence-qualification-p18,18,21137,1,distributional_shadow_t2,5f3559fef605773819c3,/home/jingweili/wifi_streaming_qualification_47e1996/results/environment_generalization_closed_loop_qualification_v1/runs/5f3559fef605773819c3,1800,1343,457,0.2538888888888889,32060.82,7504417.0,207640800,27.68544
legacy_coexistence,legacy-coexistence-qualification-p18,18,21138,1,str_mlo_nmaxinflights_1,84405006f27e1dbdba61,/home/jingweili/wifi_streaming_qualification_47e1996/results/environment_generalization_closed_loop_qualification_v1/runs/84405006f27e1dbdba61,1800,1594,206,0.11444444444444445,29979.149999999965,5509512.0,192003600,25.60048
legacy_coexistence,legacy-coexistence-qualification-p18,18,21138,1,score_aware_t2_v2,ad74fd3667a913991472,/home/jingweili/wifi_streaming_qualification_47e1996/results/environment_generalization_closed_loop_qualification_v1/runs/ad74fd3667a913991472,1800,1282,518,0.2877777777777778,32056.32,7607792.0,191930400,25.59072
legacy_coexistence,legacy-coexistence-qualification-p18,18,21138,1,distributional_shadow_t2,752ce00f2b60c05f080e,/home/jingweili/wifi_streaming_qualification_47e1996/results/environment_generalization_closed_loop_qualification_v1/runs/752ce00f2b60c05f080e,1800,1285,515,0.2861111111111111,31868.84000000001,7676965.0,191960400,25.59472
legacy_coexistence,legacy-coexistence-qualification-p18,18,21139,1,str_mlo_nmaxinflights_1,9a7fec8e3dbc9ac258df,/home/jingweili/wifi_streaming_qualification_47e1996/results/environment_generalization_closed_loop_qualification_v1/runs/9a7fec8e3dbc9ac258df,1800,1539,261,0.145,30986.15999999999,5735444.0,195164400,26.02192
legacy_coexistence,legacy-coexistence-qualification-p18,18,21139,1,score_aware_t2_v2,1ff83889b9f07b0d4e23,/home/jingweili/wifi_streaming_qualification_47e1996/results/environment_generalization_closed_loop_qualification_v1/runs/1ff83889b9f07b0d4e23,1800,1453,347,0.19277777777777777,31884.680000000008,6178917.0,195148800,26.01984
legacy_coexistence,legacy-coexistence-qualification-p18,18,21139,1,distributional_shadow_t2,563b8a153b0b96ff6684,/home/jingweili/wifi_streaming_qualification_47e1996/results/environment_generalization_closed_loop_qualification_v1/runs/563b8a153b0b96ff6684,1800,1460,340,0.18888888888888888,31867.180000000022,6432435.0,195134400,26.01792
legacy_coexistence,legacy-coexistence-qualification-p18,18,21140,1,str_mlo_nmaxinflights_1,736641938fc8b8b045b5,/home/jingweili/wifi_streaming_qualification_47e1996/results/environment_generalization_closed_loop_qualification_v1/runs/736641938fc8b8b045b5,1800,1525,275,0.1527777777777778,30955.68,5592798.0,201592800,26.87904
legacy_coexistence,legacy-coexistence-qualification-p18,18,21140,1,score_aware_t2_v2,4b396ffab7dcf38ac2f0,/home/jingweili/wifi_streaming_qualification_47e1996/results/environment_generalization_closed_loop_qualification_v1/runs/4b396ffab7dcf38ac2f0,1800,1110,690,0.38333333333333336,31655.74000000001,8228103.0,201403200,26.85376
legacy_coexistence,legacy-coexistence-qualification-p18,18,21140,1,distributional_shadow_t2,78690729f8d717faba02,/home/jingweili/wifi_streaming_qualification_47e1996/results/environment_generalization_closed_loop_qualification_v1/runs/78690729f8d717faba02,1800,1121,679,0.37722222222222224,31643.59999999999,8186190.0,201390000,26.852
legacy_coexistence,legacy-coexistence-qualification-p19,19,21141,1,str_mlo_nmaxinflights_1,5668924c5adfbdc36a36,/home/jingweili/wifi_streaming_qualification_47e1996/results/environment_generalization_closed_loop_qualification_v1/runs/5668924c5adfbdc36a36,1800,1767,33,0.018333333333333333,24405.55999999999,3985390.0,201212400,26.82832
legacy_coexistence,legacy-coexistence-qualification-p19,19,21141,1,score_aware_t2_v2,9beddc326e44bcaed4b1,/home/jingweili/wifi_streaming_qualification_47e1996/results/environment_generalization_closed_loop_qualification_v1/runs/9beddc326e44bcaed4b1,1800,1774,26,0.014444444444444444,24880.949999999997,4794638.0,171976800,22.93024
legacy_coexistence,legacy-coexistence-qualification-p19,19,21141,1,distributional_shadow_t2,952558202c5b2df25b57,/home/jingweili/wifi_streaming_qualification_47e1996/results/environment_generalization_closed_loop_qualification_v1/runs/952558202c5b2df25b57,1800,1785,15,0.008333333333333333,23812.840000000047,4808341.0,171973200,22.92976
legacy_coexistence,legacy-coexistence-qualification-p19,19,21142,1,str_mlo_nmaxinflights_1,ceecb2452504984f5e65,/home/jingweili/wifi_streaming_qualification_47e1996/results/environment_generalization_closed_loop_qualification_v1/runs/ceecb2452504984f5e65,1800,1633,167,0.09277777777777778,30309.480000000003,5323596.0,191176800,25.49024
legacy_coexistence,legacy-coexistence-qualification-p19,19,21142,1,score_aware_t2_v2,ac6ebd77032697b07141,/home/jingweili/wifi_streaming_qualification_47e1996/results/environment_generalization_closed_loop_qualification_v1/runs/ac6ebd77032697b07141,1800,1267,533,0.2961111111111111,32337.959999999995,7537048.0,191128800,25.48384
legacy_coexistence,legacy-coexistence-qualification-p19,19,21142,1,distributional_shadow_t2,2e135ce66993b0909e87,/home/jingweili/wifi_streaming_qualification_47e1996/results/environment_generalization_closed_loop_qualification_v1/runs/2e135ce66993b0909e87,1800,1269,531,0.295,31851.719999999987,7543368.0,191113200,25.48176
legacy_coexistence,legacy-coexistence-qualification-p19,19,21143,1,str_mlo_nmaxinflights_1,206b4623d0214010f4f8,/home/jingweili/wifi_streaming_qualification_47e1996/results/environment_generalization_closed_loop_qualification_v1/runs/206b4623d0214010f4f8,1800,1679,121,0.06722222222222222,30859.600000000006,4807880.0,198438000,26.4584
legacy_coexistence,legacy-coexistence-qualification-p19,19,21143,1,score_aware_t2_v2,bfaa887226670605dfff,/home/jingweili/wifi_streaming_qualification_47e1996/results/environment_generalization_closed_loop_qualification_v1/runs/bfaa887226670605dfff,1800,1776,24,0.013333333333333334,26726.75,4687854.0,198362400,26.44832
legacy_coexistence,legacy-coexistence-qualification-p19,19,21143,1,distributional_shadow_t2,93536f4ce0aea9ea9fa0,/home/jingweili/wifi_streaming_qualification_47e1996/results/environment_generalization_closed_loop_qualification_v1/runs/93536f4ce0aea9ea9fa0,1800,1774,26,0.014444444444444444,25948.339999999997,4933253.0,198373200,26.44976
legacy_coexistence,legacy-coexistence-qualification-p19,19,21144,1,str_mlo_nmaxinflights_1,9b88cf6d80cb24b05181,/home/jingweili/wifi_streaming_qualification_47e1996/results/environment_generalization_closed_loop_qualification_v1/runs/9b88cf6d80cb24b05181,1800,1677,123,0.06833333333333333,28931.4,4771764.0,203894400,27.18592
legacy_coexistence,legacy-coexistence-qualification-p19,19,21144,1,score_aware_t2_v2,e92047d82909277248aa,/home/jingweili/wifi_streaming_qualification_47e1996/results/environment_generalization_closed_loop_qualification_v1/runs/e92047d82909277248aa,1800,1487,313,0.1738888888888889,31227.420000000016,7053667.0,203869200,27.18256
legacy_coexistence,legacy-coexistence-qualification-p19,19,21144,1,distributional_shadow_t2,ebd3a1fc57a124a392f6,/home/jingweili/wifi_streaming_qualification_47e1996/results/environment_generalization_closed_loop_qualification_v1/runs/ebd3a1fc57a124a392f6,1800,1486,314,0.17444444444444446,31382.750000000004,7017242.0,203870400,27.18272
legacy_coexistence,legacy-coexistence-qualification-p20,20,21145,1,str_mlo_nmaxinflights_1,7e61429a5759124a6e01,/home/jingweili/wifi_streaming_qualification_47e1996/results/environment_generalization_closed_loop_qualification_v1/runs/7e61429a5759124a6e01,1800,1751,49,0.02722222222222222,24116.0,3877993.0,203845200,27.17936
legacy_coexistence,legacy-coexistence-qualification-p20,20,21145,1,score_aware_t2_v2,4133f207c909ae10aaf8,/home/jingweili/wifi_streaming_qualification_47e1996/results/environment_generalization_closed_loop_qualification_v1/runs/4133f207c909ae10aaf8,1800,1675,125,0.06944444444444445,28746.6,5636968.0,203866800,27.18224
legacy_coexistence,legacy-coexistence-qualification-p20,20,21145,1,distributional_shadow_t2,9bac9a2f5aa5493bb004,/home/jingweili/wifi_streaming_qualification_47e1996/results/environment_generalization_closed_loop_qualification_v1/runs/9bac9a2f5aa5493bb004,1800,1679,121,0.06722222222222222,29058.000000000007,5560284.0,203871600,27.18288
legacy_coexistence,legacy-coexistence-qualification-p20,20,21146,1,str_mlo_nmaxinflights_1,e9f63c6fef043c84a7e8,/home/jingweili/wifi_streaming_qualification_47e1996/results/environment_generalization_closed_loop_qualification_v1/runs/e9f63c6fef043c84a7e8,1800,1697,103,0.05722222222222222,27748.76,5165004.0,200950800,26.79344
legacy_coexistence,legacy-coexistence-qualification-p20,20,21146,1,score_aware_t2_v2,fd34523b39e951a49154,/home/jingweili/wifi_streaming_qualification_47e1996/results/environment_generalization_closed_loop_qualification_v1/runs/fd34523b39e951a49154,1800,1487,313,0.1738888888888889,30579.660000000003,6920110.0,200816400,26.77552
legacy_coexistence,legacy-coexistence-qualification-p20,20,21146,1,distributional_shadow_t2,94573abfe16b3638648d,/home/jingweili/wifi_streaming_qualification_47e1996/results/environment_generalization_closed_loop_qualification_v1/runs/94573abfe16b3638648d,1800,1492,308,0.1711111111111111,30756.639999999963,7057456.0,200794800,26.77264
legacy_coexistence,legacy-coexistence-qualification-p20,20,21147,1,str_mlo_nmaxinflights_1,d97355f231cdc104ca47,/home/jingweili/wifi_streaming_qualification_47e1996/results/environment_generalization_closed_loop_qualification_v1/runs/d97355f231cdc104ca47,1800,1756,44,0.024444444444444446,25612.100000000017,4136589.0,203215200,27.09536
legacy_coexistence,legacy-coexistence-qualification-p20,20,21147,1,score_aware_t2_v2,2d7cb4378f185843ac2d,/home/jingweili/wifi_streaming_qualification_47e1996/results/environment_generalization_closed_loop_qualification_v1/runs/2d7cb4378f185843ac2d,1800,1627,173,0.0961111111111111,28776.4,6323040.0,203238000,27.0984
legacy_coexistence,legacy-coexistence-qualification-p20,20,21147,1,distributional_shadow_t2,79f9190e7f4f7b40ab9a,/home/jingweili/wifi_streaming_qualification_47e1996/results/environment_generalization_closed_loop_qualification_v1/runs/79f9190e7f4f7b40ab9a,1800,1624,176,0.09777777777777778,30102.66999999999,6215637.0,203238000,27.0984
legacy_coexistence,legacy-coexistence-qualification-p20,20,21148,1,str_mlo_nmaxinflights_1,ecc3c62a376fc49955dc,/home/jingweili/wifi_streaming_qualification_47e1996/results/environment_generalization_closed_loop_qualification_v1/runs/ecc3c62a376fc49955dc,1800,1796,4,0.0022222222222222222,13605.699999999968,3449242.0,192865200,25.71536
legacy_coexistence,legacy-coexistence-qualification-p20,20,21148,1,score_aware_t2_v2,db98ff67f6fa90e39a70,/home/jingweili/wifi_streaming_qualification_47e1996/results/environment_generalization_closed_loop_qualification_v1/runs/db98ff67f6fa90e39a70,1800,1788,12,0.006666666666666667,20070.85999999994,4234357.0,192872400,25.71632
legacy_coexistence,legacy-coexistence-qualification-p20,20,21148,1,distributional_shadow_t2,189e7e8d3529343e9bbe,/home/jingweili/wifi_streaming_qualification_47e1996/results/environment_generalization_closed_loop_qualification_v1/runs/189e7e8d3529343e9bbe,1800,1792,8,0.0044444444444444444,17685.14999999994,4252433.0,192872400,25.71632
compound_shift,compound-shift-qualification-p16,16,21161,1,str_mlo_nmaxinflights_1,f1ab4aadf1d7eb0abaab,/home/jingweili/wifi_streaming_qualification_47e1996/results/environment_generalization_closed_loop_qualification_v1/runs/f1ab4aadf1d7eb0abaab,1440,1074,366,0.25416666666666665,37505.74,3593477.0,296875200,39.58336
compound_shift,compound-shift-qualification-p16,16,21161,1,score_aware_t2_v2,7fa84e373aa9c1a3d521,/home/jingweili/wifi_streaming_qualification_47e1996/results/environment_generalization_closed_loop_qualification_v1/runs/7fa84e373aa9c1a3d521,1440,986,454,0.31527777777777777,39897.35,3893101.0,296587200,39.54496
compound_shift,compound-shift-qualification-p16,16,21161,1,distributional_shadow_t2,3e77bde2319a8f696d2b,/home/jingweili/wifi_streaming_qualification_47e1996/results/environment_generalization_closed_loop_qualification_v1/runs/3e77bde2319a8f696d2b,1440,1012,428,0.2972222222222222,40243.02,4123715.0,296655600,39.55408
compound_shift,compound-shift-qualification-p16,16,21162,1,str_mlo_nmaxinflights_1,8509e7663e544c31d27f,/home/jingweili/wifi_streaming_qualification_47e1996/results/environment_generalization_closed_loop_qualification_v1/runs/8509e7663e544c31d27f,1440,873,567,0.39375,39247.12,4094336.0,295078800,39.34384
compound_shift,compound-shift-qualification-p16,16,21162,1,score_aware_t2_v2,5212a8185d79080dbb9f,/home/jingweili/wifi_streaming_qualification_47e1996/results/environment_generalization_closed_loop_qualification_v1/runs/5212a8185d79080dbb9f,1440,486,954,0.6625,41003.49999999999,5887268.0,295177200,39.35696
compound_shift,compound-shift-qualification-p16,16,21162,1,distributional_shadow_t2,e272a999d534a6f57ab5,/home/jingweili/wifi_streaming_qualification_47e1996/results/environment_generalization_closed_loop_qualification_v1/runs/e272a999d534a6f57ab5,1440,508,932,0.6472222222222223,40833.65,6071470.0,295100400,39.34672
compound_shift,compound-shift-qualification-p16,16,21163,1,str_mlo_nmaxinflights_1,fb5c97f83c841cbd5362,/home/jingweili/wifi_streaming_qualification_47e1996/results/environment_generalization_closed_loop_qualification_v1/runs/fb5c97f83c841cbd5362,1440,1049,391,0.27152777777777776,39530.4,3844329.0,294242400,39.23232
compound_shift,compound-shift-qualification-p16,16,21163,1,score_aware_t2_v2,0259ca04a3a1f515689e,/home/jingweili/wifi_streaming_qualification_47e1996/results/environment_generalization_closed_loop_qualification_v1/runs/0259ca04a3a1f515689e,1440,946,494,0.34305555555555556,40108.149999999994,4157252.0,293928000,39.1904
compound_shift,compound-shift-qualification-p16,16,21163,1,distributional_shadow_t2,5501f57f5a4e7df073bb,/home/jingweili/wifi_streaming_qualification_47e1996/results/environment_generalization_closed_loop_qualification_v1/runs/5501f57f5a4e7df073bb,1440,982,458,0.31805555555555554,39448.97,4460990.0,293713200,39.16176
compound_shift,compound-shift-qualification-p16,16,21164,1,str_mlo_nmaxinflights_1,2a5cb08bc385a5ff1280,/home/jingweili/wifi_streaming_qualification_47e1996/results/environment_generalization_closed_loop_qualification_v1/runs/2a5cb08bc385a5ff1280,1440,473,967,0.6715277777777777,40147.31999999999,5905661.0,299125200,39.88336
compound_shift,compound-shift-qualification-p16,16,21164,1,score_aware_t2_v2,0825669354496e9b7e0e,/home/jingweili/wifi_streaming_qualification_47e1996/results/environment_generalization_closed_loop_qualification_v1/runs/0825669354496e9b7e0e,1440,364,1076,0.7472222222222222,41007.37,5482917.0,299074800,39.87664
compound_shift,compound-shift-qualification-p16,16,21164,1,distributional_shadow_t2,5ceac39061fe94d4e0df,/home/jingweili/wifi_streaming_qualification_47e1996/results/environment_generalization_closed_loop_qualification_v1/runs/5ceac39061fe94d4e0df,1440,393,1047,0.7270833333333333,40935.15999999999,5859093.0,299030400,39.87072
compound_shift,compound-shift-qualification-p17,17,21165,1,str_mlo_nmaxinflights_1,c7541bc67786d8c2bf96,/home/jingweili/wifi_streaming_qualification_47e1996/results/environment_generalization_closed_loop_qualification_v1/runs/c7541bc67786d8c2bf96,1800,1724,76,0.042222222222222223,28018.469999999987,3742751.0,223087200,29.74496
compound_shift,compound-shift-qualification-p17,17,21165,1,score_aware_t2_v2,77552113416195284fa7,/home/jingweili/wifi_streaming_qualification_47e1996/results/environment_generalization_closed_loop_qualification_v1/runs/77552113416195284fa7,1800,1425,375,0.20833333333333334,29068.199999999997,5346633.0,222895200,29.71936
compound_shift,compound-shift-qualification-p17,17,21165,1,distributional_shadow_t2,fa3ef2bf14ead0f15152,/home/jingweili/wifi_streaming_qualification_47e1996/results/environment_generalization_closed_loop_qualification_v1/runs/fa3ef2bf14ead0f15152,1800,1485,315,0.175,29954.640000000014,5414592.0,222854400,29.71392
compound_shift,compound-shift-qualification-p17,17,21166,1,str_mlo_nmaxinflights_1,c0cacff1b9c0f32539bd,/home/jingweili/wifi_streaming_qualification_47e1996/results/environment_generalization_closed_loop_qualification_v1/runs/c0cacff1b9c0f32539bd,1800,1603,197,0.10944444444444444,30410.719999999998,4538203.0,221677200,29.55696
compound_shift,compound-shift-qualification-p17,17,21166,1,score_aware_t2_v2,bf2f7332d68aa9adc94a,/home/jingweili/wifi_streaming_qualification_47e1996/results/environment_generalization_closed_loop_qualification_v1/runs/bf2f7332d68aa9adc94a,1800,1508,292,0.1622222222222222,30232.540000000005,6366753.0,186910800,24.92144
compound_shift,compound-shift-qualification-p17,17,21166,1,distributional_shadow_t2,40cca6868f77e5a92117,/home/jingweili/wifi_streaming_qualification_47e1996/results/environment_generalization_closed_loop_qualification_v1/runs/40cca6868f77e5a92117,1800,1541,259,0.1438888888888889,30557.599999999984,6347096.0,186908400,24.92112
compound_shift,compound-shift-qualification-p17,17,21167,1,str_mlo_nmaxinflights_1,3a0786858b0de8793018,/home/jingweili/wifi_streaming_qualification_47e1996/results/environment_generalization_closed_loop_qualification_v1/runs/3a0786858b0de8793018,1800,1575,225,0.125,30815.6,4625535.0,221368800,29.51584
compound_shift,compound-shift-qualification-p17,17,21167,1,score_aware_t2_v2,d37fff6f6a5ff9993f13,/home/jingweili/wifi_streaming_qualification_47e1996/results/environment_generalization_closed_loop_qualification_v1/runs/d37fff6f6a5ff9993f13,1800,1102,698,0.3877777777777778,31683.440000000002,6392287.0,221049600,29.47328
compound_shift,compound-shift-qualification-p17,17,21167,1,distributional_shadow_t2,32b0b9a0a0aba205612c,/home/jingweili/wifi_streaming_qualification_47e1996/results/environment_generalization_closed_loop_qualification_v1/runs/32b0b9a0a0aba205612c,1800,1108,692,0.3844444444444444,32150.64000000001,6552219.0,221042400,29.47232
compound_shift,compound-shift-qualification-p17,17,21168,1,str_mlo_nmaxinflights_1,178fae7ac6b8bc915feb,/home/jingweili/wifi_streaming_qualification_47e1996/results/environment_generalization_closed_loop_qualification_v1/runs/178fae7ac6b8bc915feb,1800,1745,55,0.030555555555555555,28330.399999999994,3757047.0,219024000,29.2032
compound_shift,compound-shift-qualification-p17,17,21168,1,score_aware_t2_v2,59a2b8b2b2a1bcb01a64,/home/jingweili/wifi_streaming_qualification_47e1996/results/environment_generalization_closed_loop_qualification_v1/runs/59a2b8b2b2a1bcb01a64,1800,1575,225,0.125,31224.799999999996,5033874.0,219114000,29.2152
compound_shift,compound-shift-qualification-p17,17,21168,1,distributional_shadow_t2,d756c78cfe0856547f52,/home/jingweili/wifi_streaming_qualification_47e1996/results/environment_generalization_closed_loop_qualification_v1/runs/d756c78cfe0856547f52,1800,1572,228,0.12666666666666668,31159.54,5060360.0,219117600,29.21568
compound_shift,compound-shift-qualification-p18,18,21169,1,str_mlo_nmaxinflights_1,9860961fbd767fe85b68,/home/jingweili/wifi_streaming_qualification_47e1996/results/environment_generalization_closed_loop_qualification_v1/runs/9860961fbd767fe85b68,1440,1428,12,0.008333333333333333,27156.260000000017,2943871.0,303824400,40.50992
compound_shift,compound-shift-qualification-p18,18,21169,1,score_aware_t2_v2,014cadf22c1670e2fd70,/home/jingweili/wifi_streaming_qualification_47e1996/results/environment_generalization_closed_loop_qualification_v1/runs/014cadf22c1670e2fd70,1440,1389,51,0.035416666666666666,31820.95999999999,3839897.0,303721200,40.49616
compound_shift,compound-shift-qualification-p18,18,21169,1,distributional_shadow_t2,495bdb19d84b500b1237,/home/jingweili/wifi_streaming_qualification_47e1996/results/environment_generalization_closed_loop_qualification_v1/runs/495bdb19d84b500b1237,1440,1399,41,0.02847222222222222,32700.37999999999,3797263.0,303631200,40.48416
compound_shift,compound-shift-qualification-p18,18,21170,1,str_mlo_nmaxinflights_1,8a6b962c8eca39a6c63c,/home/jingweili/wifi_streaming_qualification_47e1996/results/environment_generalization_closed_loop_qualification_v1/runs/8a6b962c8eca39a6c63c,1440,1405,35,0.024305555555555556,23177.440000000013,2947837.0,301708800,40.22784
compound_shift,compound-shift-qualification-p18,18,21170,1,score_aware_t2_v2,65468a99f1f645bb3c37,/home/jingweili/wifi_streaming_qualification_47e1996/results/environment_generalization_closed_loop_qualification_v1/runs/65468a99f1f645bb3c37,1440,1406,34,0.02361111111111111,29461.400000000012,3533751.0,301518000,40.2024
compound_shift,compound-shift-qualification-p18,18,21170,1,distributional_shadow_t2,01507ef8b7d64b0b8e80,/home/jingweili/wifi_streaming_qualification_47e1996/results/environment_generalization_closed_loop_qualification_v1/runs/01507ef8b7d64b0b8e80,1440,1412,28,0.019444444444444445,28260.390000000043,3490405.0,301508400,40.20112
compound_shift,compound-shift-qualification-p18,18,21171,1,str_mlo_nmaxinflights_1,077e84612bbb954bd4e2,/home/jingweili/wifi_streaming_qualification_47e1996/results/environment_generalization_closed_loop_qualification_v1/runs/077e84612bbb954bd4e2,1440,1349,91,0.06319444444444444,32629.959999999992,3706327.0,302126400,40.28352
compound_shift,compound-shift-qualification-p18,18,21171,1,score_aware_t2_v2,b0ad0b8c3a32170bb21e,/home/jingweili/wifi_streaming_qualification_47e1996/results/environment_generalization_closed_loop_qualification_v1/runs/b0ad0b8c3a32170bb21e,1440,1254,186,0.12916666666666668,38287.05,4896945.0,302256000,40.3008
compound_shift,compound-shift-qualification-p18,18,21171,1,distributional_shadow_t2,862f62b0b7223457f5e4,/home/jingweili/wifi_streaming_qualification_47e1996/results/environment_generalization_closed_loop_qualification_v1/runs/862f62b0b7223457f5e4,1440,1260,180,0.125,37848.18000000001,4955110.0,302256000,40.3008
compound_shift,compound-shift-qualification-p18,18,21172,1,str_mlo_nmaxinflights_1,414936e88d9fca2c587b,/home/jingweili/wifi_streaming_qualification_47e1996/results/environment_generalization_closed_loop_qualification_v1/runs/414936e88d9fca2c587b,1440,1421,19,0.013194444444444444,25230.79999999998,2833470.0,299156400,39.88752
compound_shift,compound-shift-qualification-p18,18,21172,1,score_aware_t2_v2,c109e2808e1fa1726a4d,/home/jingweili/wifi_streaming_qualification_47e1996/results/environment_generalization_closed_loop_qualification_v1/runs/c109e2808e1fa1726a4d,1440,1421,19,0.013194444444444444,32489.399999999965,3374230.0,298993200,39.86576
compound_shift,compound-shift-qualification-p18,18,21172,1,distributional_shadow_t2,24c6c40697ba8a611fc7,/home/jingweili/wifi_streaming_qualification_47e1996/results/environment_generalization_closed_loop_qualification_v1/runs/24c6c40697ba8a611fc7,1440,1426,14,0.009722222222222222,30257.75,3340123.0,298953600,39.86048
compound_shift,compound-shift-qualification-p19,19,21173,1,str_mlo_nmaxinflights_1,185733f50c9243be9ccb,/home/jingweili/wifi_streaming_qualification_47e1996/results/environment_generalization_closed_loop_qualification_v1/runs/185733f50c9243be9ccb,1800,1593,207,0.115,30254.15999999998,5269852.0,175586400,23.41152
compound_shift,compound-shift-qualification-p19,19,21173,1,score_aware_t2_v2,cf380b7f0ad23b1f00cb,/home/jingweili/wifi_streaming_qualification_47e1996/results/environment_generalization_closed_loop_qualification_v1/runs/cf380b7f0ad23b1f00cb,1800,1266,534,0.2966666666666667,31649.54999999996,7481950.0,175530000,23.404
compound_shift,compound-shift-qualification-p19,19,21173,1,distributional_shadow_t2,a6b61d1a028d2a0fbbc4,/home/jingweili/wifi_streaming_qualification_47e1996/results/environment_generalization_closed_loop_qualification_v1/runs/a6b61d1a028d2a0fbbc4,1800,1270,530,0.29444444444444445,31949.10999999999,7495077.0,175508400,23.40112
compound_shift,compound-shift-qualification-p19,19,21174,1,str_mlo_nmaxinflights_1,15f85a8f91146a255917,/home/jingweili/wifi_streaming_qualification_47e1996/results/environment_generalization_closed_loop_qualification_v1/runs/15f85a8f91146a255917,1800,1603,197,0.10944444444444444,30242.780000000002,5865362.0,171324000,22.8432
compound_shift,compound-shift-qualification-p19,19,21174,1,score_aware_t2_v2,c0bbed7bdb69a63ac567,/home/jingweili/wifi_streaming_qualification_47e1996/results/environment_generalization_closed_loop_qualification_v1/runs/c0bbed7bdb69a63ac567,1800,1361,439,0.24388888888888888,31892.200000000004,7042530.0,171210000,22.828
compound_shift,compound-shift-qualification-p19,19,21174,1,distributional_shadow_t2,2e61710fbc11aacb8a1c,/home/jingweili/wifi_streaming_qualification_47e1996/results/environment_generalization_closed_loop_qualification_v1/runs/2e61710fbc11aacb8a1c,1800,1377,423,0.235,31786.440000000002,7221929.0,171220800,22.82944
compound_shift,compound-shift-qualification-p19,19,21175,1,str_mlo_nmaxinflights_1,fb8305ac0954100a0a65,/home/jingweili/wifi_streaming_qualification_47e1996/results/environment_generalization_closed_loop_qualification_v1/runs/fb8305ac0954100a0a65,1800,1664,136,0.07555555555555556,28336.53999999997,4851820.0,167535600,22.33808
compound_shift,compound-shift-qualification-p19,19,21175,1,score_aware_t2_v2,d5f4cdef489d3e6462ca,/home/jingweili/wifi_streaming_qualification_47e1996/results/environment_generalization_closed_loop_qualification_v1/runs/d5f4cdef489d3e6462ca,1800,1200,600,0.3333333333333333,32072.109999999997,7480620.0,167517600,22.33568
compound_shift,compound-shift-qualification-p19,19,21175,1,distributional_shadow_t2,333ccfeb412990550ad6,/home/jingweili/wifi_streaming_qualification_47e1996/results/environment_generalization_closed_loop_qualification_v1/runs/333ccfeb412990550ad6,1800,1223,577,0.32055555555555554,32066.999999999996,7475961.0,167520000,22.336
compound_shift,compound-shift-qualification-p19,19,21176,1,str_mlo_nmaxinflights_1,f7922b8de27cec32c175,/home/jingweili/wifi_streaming_qualification_47e1996/results/environment_generalization_closed_loop_qualification_v1/runs/f7922b8de27cec32c175,1800,1696,104,0.057777777777777775,26493.79999999997,4697738.0,168229200,22.43056
compound_shift,compound-shift-qualification-p19,19,21176,1,score_aware_t2_v2,6ae1aea2e67088a1aac2,/home/jingweili/wifi_streaming_qualification_47e1996/results/environment_generalization_closed_loop_qualification_v1/runs/6ae1aea2e67088a1aac2,1800,1419,381,0.21166666666666667,32143.57999999999,6500651.0,168192000,22.4256
compound_shift,compound-shift-qualification-p19,19,21176,1,distributional_shadow_t2,642920dd6a69e9ee4357,/home/jingweili/wifi_streaming_qualification_47e1996/results/environment_generalization_closed_loop_qualification_v1/runs/642920dd6a69e9ee4357,1800,1428,372,0.20666666666666667,32142.58,6495463.0,168171600,22.42288
compound_shift,compound-shift-qualification-p21,21,21181,1,str_mlo_nmaxinflights_1,11b13d9512bd1eb90359,/home/jingweili/wifi_streaming_qualification_47e1996/results/environment_generalization_closed_loop_qualification_v1/runs/11b13d9512bd1eb90359,2700,2454,246,0.09111111111111111,20028.339999999997,6287851.0,167400000,22.32
compound_shift,compound-shift-qualification-p21,21,21181,1,score_aware_t2_v2,c42d1dc91bcb7a1d81c1,/home/jingweili/wifi_streaming_qualification_47e1996/results/environment_generalization_closed_loop_qualification_v1/runs/c42d1dc91bcb7a1d81c1,2700,2565,135,0.05,19536.24,6103808.0,170055600,22.67408
compound_shift,compound-shift-qualification-p21,21,21181,1,distributional_shadow_t2,3b79a890795074c065fc,/home/jingweili/wifi_streaming_qualification_47e1996/results/environment_generalization_closed_loop_qualification_v1/runs/3b79a890795074c065fc,2700,2581,119,0.04407407407407407,19534.6,6516124.0,170050800,22.67344
compound_shift,compound-shift-qualification-p21,21,21182,1,str_mlo_nmaxinflights_1,a0adecbf03444d09ba53,/home/jingweili/wifi_streaming_qualification_47e1996/results/environment_generalization_closed_loop_qualification_v1/runs/a0adecbf03444d09ba53,2700,2345,355,0.13148148148148148,20549.639999999996,6750937.0,163334400,21.77792
compound_shift,compound-shift-qualification-p21,21,21182,1,score_aware_t2_v2,229696258f99f3081823,/home/jingweili/wifi_streaming_qualification_47e1996/results/environment_generalization_closed_loop_qualification_v1/runs/229696258f99f3081823,2700,2051,649,0.24037037037037037,20855.0,8956176.0,166125600,22.15008
compound_shift,compound-shift-qualification-p21,21,21182,1,distributional_shadow_t2,3432d8d9de4349e31b39,/home/jingweili/wifi_streaming_qualification_47e1996/results/environment_generalization_closed_loop_qualification_v1/runs/3432d8d9de4349e31b39,2700,2111,589,0.21814814814814815,21239.300000000007,9112850.0,166117200,22.14896
compound_shift,compound-shift-qualification-p21,21,21183,1,str_mlo_nmaxinflights_1,978426fc9ccbb614522a,/home/jingweili/wifi_streaming_qualification_47e1996/results/environment_generalization_closed_loop_qualification_v1/runs/978426fc9ccbb614522a,2700,2426,274,0.10148148148148148,20834.0,6689138.0,162043200,21.60576
compound_shift,compound-shift-qualification-p21,21,21183,1,score_aware_t2_v2,5825f43febaeac8b8e32,/home/jingweili/wifi_streaming_qualification_47e1996/results/environment_generalization_closed_loop_qualification_v1/runs/5825f43febaeac8b8e32,2700,2299,401,0.14851851851851852,21034.179999999997,7854018.0,161998800,21.59984
compound_shift,compound-shift-qualification-p21,21,21183,1,distributional_shadow_t2,e2fed2710acf69e167a0,/home/jingweili/wifi_streaming_qualification_47e1996/results/environment_generalization_closed_loop_qualification_v1/runs/e2fed2710acf69e167a0,2700,2337,363,0.13444444444444445,20724.399999999998,8087445.0,161992800,21.59904
compound_shift,compound-shift-qualification-p21,21,21184,1,str_mlo_nmaxinflights_1,84806f33ee3abaa06157,/home/jingweili/wifi_streaming_qualification_47e1996/results/environment_generalization_closed_loop_qualification_v1/runs/84806f33ee3abaa06157,2700,2419,281,0.10407407407407407,20414.600000000002,6532578.0,145612800,19.41504
compound_shift,compound-shift-qualification-p21,21,21184,1,score_aware_t2_v2,e7c974e14a2529e6ca20,/home/jingweili/wifi_streaming_qualification_47e1996/results/environment_generalization_closed_loop_qualification_v1/runs/e7c974e14a2529e6ca20,2700,2012,688,0.2548148148148148,21527.139999999996,8580691.0,165699600,22.09328
compound_shift,compound-shift-qualification-p21,21,21184,1,distributional_shadow_t2,a14ce2d804eff38d1264,/home/jingweili/wifi_streaming_qualification_47e1996/results/environment_generalization_closed_loop_qualification_v1/runs/a14ce2d804eff38d1264,2700,2069,631,0.2337037037037037,21335.36,8939741.0,165699600,22.09328
