family_id,scenario_id,parameter_sample,seed,run,arm_id,run_id,generated_frame_count,completed_frame_count,incomplete_frame_count,deadline_miss_count,all_generated_deadline_miss_rate,completed_frame_hf7_p99_supported,completed_frame_hf7_p99_us,sender_airtime_us,background_throughput_mbps
radio_propagation,radio-propagation-qualification-p16,16,21001,1,str_mlo_nmaxinflights_1,36055a9633f78a0e291f,1800,1800,0,0,0.0,1,5766.14,3090544.0,26.64416
radio_propagation,radio-propagation-qualification-p16,16,21001,1,score_aware_t2_v2,b3f705e31e8d04608ea3,1800,1800,0,0,0.0,1,8360.169999999998,3132716.0,26.64384
radio_propagation,radio-propagation-qualification-p16,16,21001,1,distributional_shadow_t2,d7cc6616e96f354d1534,1800,1800,0,0,0.0,1,7682.099999999999,3248882.0,26.64384
radio_propagation,radio-propagation-qualification-p16,16,21002,1,str_mlo_nmaxinflights_1,32b03be30acda3f6545c,1800,1795,5,5,0.002777777777777778,1,20387.5,4137898.0,26.83136
radio_propagation,radio-propagation-qualification-p16,16,21002,1,score_aware_t2_v2,c61ec9c441eed78a26ea,1800,1797,3,3,0.0016666666666666668,1,19788.32,4947596.0,26.83184
radio_propagation,radio-propagation-qualification-p16,16,21002,1,distributional_shadow_t2,262a7a6060d7536b6c84,1800,1798,2,2,0.0011111111111111111,1,18622.27999999999,5022593.0,26.83184
radio_propagation,radio-propagation-qualification-p16,16,21003,1,str_mlo_nmaxinflights_1,8761dcbd3545e204f837,1800,1800,0,0,0.0,1,5617.17,3090937.0,27.1808
radio_propagation,radio-propagation-qualification-p16,16,21003,1,score_aware_t2_v2,4f88b18164583009ba88,1800,1797,3,3,0.0016666666666666668,1,7934.719999999994,3168210.0,27.1808
radio_propagation,radio-propagation-qualification-p16,16,21003,1,distributional_shadow_t2,b52375c3f43793655f5a,1800,1797,3,3,0.0016666666666666668,1,7430.399999999997,3299629.0,27.1808
radio_propagation,radio-propagation-qualification-p16,16,21004,1,str_mlo_nmaxinflights_1,630622330d1545dba695,1800,1790,10,10,0.005555555555555556,1,16446.029999999984,4148770.0,26.512
radio_propagation,radio-propagation-qualification-p16,16,21004,1,score_aware_t2_v2,f57e81d1db8c06e90ac8,1800,1797,3,3,0.0016666666666666668,1,15487.799999999985,5088388.0,26.51216
radio_propagation,radio-propagation-qualification-p16,16,21004,1,distributional_shadow_t2,18170c7e3b86a2e12e00,1800,1797,3,3,0.0016666666666666668,1,17172.799999999996,5082552.0,26.51216
radio_propagation,radio-propagation-qualification-p17,17,21005,1,str_mlo_nmaxinflights_1,c937093ce51ea36c268e,1800,1683,117,117,0.065,1,29779.560000000012,7073012.0,26.75856
radio_propagation,radio-propagation-qualification-p17,17,21005,1,score_aware_t2_v2,261f4cd0ba23304af809,1800,1608,192,192,0.10666666666666667,1,30643.65,9640446.0,26.75376
radio_propagation,radio-propagation-qualification-p17,17,21005,1,distributional_shadow_t2,5423f0e08df2a7c98652,1800,1611,189,189,0.105,1,30797.300000000017,9665319.0,26.7528
radio_propagation,radio-propagation-qualification-p17,17,21006,1,str_mlo_nmaxinflights_1,8476ea31bfd8156e1748,1800,1254,546,546,0.30333333333333334,1,32202.35,12738720.0,27.10048
radio_propagation,radio-propagation-qualification-p17,17,21006,1,score_aware_t2_v2,b42b2c383e40ca6f7ec5,1800,1094,706,706,0.39222222222222225,1,32372.35999999999,18633379.0,27.09664
radio_propagation,radio-propagation-qualification-p17,17,21006,1,distributional_shadow_t2,5f26a098daaa7c900e72,1800,1163,637,637,0.35388888888888886,1,32142.83999999999,18881438.0,27.09664
radio_propagation,radio-propagation-qualification-p17,17,21007,1,str_mlo_nmaxinflights_1,cf3d9b93ebfdcb90e360,1800,1297,503,503,0.27944444444444444,1,32590.519999999997,11435258.0,26.18256
radio_propagation,radio-propagation-qualification-p17,17,21007,1,score_aware_t2_v2,b132cc0b9c5923944d79,1800,1175,625,625,0.3472222222222222,1,32691.260000000002,14366473.0,26.1792
radio_propagation,radio-propagation-qualification-p17,17,21007,1,distributional_shadow_t2,57127cd87e8789a5f2d3,1800,1225,575,575,0.3194444444444444,1,32303.04,14940402.0,26.18096
radio_propagation,radio-propagation-qualification-p17,17,21008,1,str_mlo_nmaxinflights_1,82e51528936060ae348d,1800,1609,191,191,0.10611111111111111,1,31492.840000000007,8638316.0,26.33136
radio_propagation,radio-propagation-qualification-p17,17,21008,1,score_aware_t2_v2,84bb0cb4bad3a0ff52fd,1800,1550,250,250,0.1388888888888889,1,31893.300000000003,11802950.0,26.33184
radio_propagation,radio-propagation-qualification-p17,17,21008,1,distributional_shadow_t2,fa56530b8ef64b8e27a1,1800,1570,230,230,0.12777777777777777,1,31959.03,12025453.0,26.33088
radio_propagation,radio-propagation-qualification-p18,18,21009,1,str_mlo_nmaxinflights_1,4cfb59287ccf7d617551,1800,1791,9,9,0.005,1,17751.899999999976,4089476.0,25.708
radio_propagation,radio-propagation-qualification-p18,18,21009,1,score_aware_t2_v2,40cc2b13e5228257ef57,1800,1795,5,5,0.002777777777777778,1,15939.959999999995,4742104.0,25.69936
radio_propagation,radio-propagation-qualification-p18,18,21009,1,distributional_shadow_t2,3964ba0a4a71b8fc93d3,1800,1795,5,5,0.002777777777777778,1,15880.419999999998,4823753.0,25.69904
radio_propagation,radio-propagation-qualification-p18,18,21010,1,str_mlo_nmaxinflights_1,32c54ecd6de03687cccf,1800,1794,6,6,0.0033333333333333335,1,16032.32999999998,3824021.0,26.96576
radio_propagation,radio-propagation-qualification-p18,18,21010,1,score_aware_t2_v2,2534c442425d9af823c4,1800,1800,0,0,0.0,1,10592.309999999998,3721335.0,26.96752
radio_propagation,radio-propagation-qualification-p18,18,21010,1,distributional_shadow_t2,283f7d12d0983e9574ec,1800,1800,0,0,0.0,1,9959.27,4102148.0,26.96704
radio_propagation,radio-propagation-qualification-p18,18,21011,1,str_mlo_nmaxinflights_1,653ade0b56726d73958d,1800,1768,32,32,0.017777777777777778,1,23818.939999999984,5131186.0,26.74176
radio_propagation,radio-propagation-qualification-p18,18,21011,1,score_aware_t2_v2,4c7cf803908fcc7c08f7,1800,1773,27,27,0.015,1,23556.999999999996,5741274.0,26.73888
radio_propagation,radio-propagation-qualification-p18,18,21011,1,distributional_shadow_t2,e1a20f47167fe15c2b6d,1800,1782,18,18,0.01,1,23669.4,6043072.0,26.73888
radio_propagation,radio-propagation-qualification-p18,18,21012,1,str_mlo_nmaxinflights_1,bed82a52ddff2cb9bca4,1800,1800,0,0,0.0,1,9915.589999999998,3286555.0,26.6336
radio_propagation,radio-propagation-qualification-p18,18,21012,1,score_aware_t2_v2,519361bdd2d7dac3b790,1800,1800,0,0,0.0,1,7806.45,3131839.0,26.63056
radio_propagation,radio-propagation-qualification-p18,18,21012,1,distributional_shadow_t2,b6290aa912d4c394f564,1800,1800,0,0,0.0,1,7225.919999999999,3358214.0,26.63296
radio_propagation,radio-propagation-qualification-p19,19,21013,1,str_mlo_nmaxinflights_1,cc0f18488cb86c6f6dc3,1800,1780,20,20,0.011111111111111112,1,22047.460000000003,4847554.0,27.10096
radio_propagation,radio-propagation-qualification-p19,19,21013,1,score_aware_t2_v2,79d6b0777f2f6d57860f,1800,1781,19,19,0.010555555555555556,1,23984.000000000007,5843716.0,27.10048
radio_propagation,radio-propagation-qualification-p19,19,21013,1,distributional_shadow_t2,7caf110cda8d4fa41b38,1800,1786,14,14,0.0077777777777777776,1,23703.300000000014,5971937.0,27.10048
radio_propagation,radio-propagation-qualification-p19,19,21014,1,str_mlo_nmaxinflights_1,0ed99e45f512ce68d142,1800,1786,14,14,0.0077777777777777776,1,20323.650000000078,4123318.0,27.44704
radio_propagation,radio-propagation-qualification-p19,19,21014,1,score_aware_t2_v2,4f314679798c630b2b7f,1800,1789,11,11,0.006111111111111111,1,12772.15999999999,4169848.0,27.44256
radio_propagation,radio-propagation-qualification-p19,19,21014,1,distributional_shadow_t2,112841ffa03f33128999,1800,1792,8,8,0.0044444444444444444,1,12486.33999999999,4484978.0,27.44256
radio_propagation,radio-propagation-qualification-p19,19,21015,1,str_mlo_nmaxinflights_1,837aee4c688e3a290502,1800,1780,20,20,0.011111111111111112,1,20948.040000000008,4420858.0,26.2544
radio_propagation,radio-propagation-qualification-p19,19,21015,1,score_aware_t2_v2,99f7711ecf7e03752bff,1800,1782,18,18,0.01,1,21539.40000000006,5605357.0,26.2528
radio_propagation,radio-propagation-qualification-p19,19,21015,1,distributional_shadow_t2,6ae7fd8ad084a99e9ecb,1800,1783,17,17,0.009444444444444445,1,23440.640000000043,5640557.0,26.25264
radio_propagation,radio-propagation-qualification-p19,19,21016,1,str_mlo_nmaxinflights_1,89aed42efbb08eefcfe1,1800,1788,12,12,0.006666666666666667,1,19414.48999999999,4382206.0,27.52672
radio_propagation,radio-propagation-qualification-p19,19,21016,1,score_aware_t2_v2,a5ce2ac110fc982e58e6,1800,1787,13,13,0.007222222222222222,1,21114.73999999988,5554182.0,27.52544
radio_propagation,radio-propagation-qualification-p19,19,21016,1,distributional_shadow_t2,e9442e810171618406b6,1800,1786,14,14,0.0077777777777777776,1,22395.15000000003,5563284.0,27.52544
radio_propagation,radio-propagation-qualification-p20,20,21017,1,str_mlo_nmaxinflights_1,5685b9d56dc6f7d7fb81,1800,1757,43,43,0.02388888888888889,1,24276.080000000005,5029210.0,27.31488
radio_propagation,radio-propagation-qualification-p20,20,21017,1,score_aware_t2_v2,448e48b1cca53af14743,1800,1795,5,5,0.002777777777777778,1,19113.87999999999,4951450.0,27.30928
radio_propagation,radio-propagation-qualification-p20,20,21017,1,distributional_shadow_t2,88387f92242bcd931ed7,1800,1796,4,4,0.0022222222222222222,1,16668.94999999999,5414760.0,27.30928
radio_propagation,radio-propagation-qualification-p20,20,21018,1,str_mlo_nmaxinflights_1,07b9055c737d47fdd861,1800,1680,120,120,0.06666666666666667,1,29535.510000000006,6572716.0,26.6176
radio_propagation,radio-propagation-qualification-p20,20,21018,1,score_aware_t2_v2,9183fb9633bdf84d1814,1800,1644,156,156,0.08666666666666667,1,29820.399999999998,7457208.0,26.60976
radio_propagation,radio-propagation-qualification-p20,20,21018,1,distributional_shadow_t2,eaa82dfa10cbae035f4c,1800,1685,115,115,0.06388888888888888,1,29990.52000000002,7867339.0,26.60848
radio_propagation,radio-propagation-qualification-p20,20,21019,1,str_mlo_nmaxinflights_1,d75ad1602644a8b70618,1800,1758,42,42,0.023333333333333334,1,25865.210000000054,5810251.0,26.66112
radio_propagation,radio-propagation-qualification-p20,20,21019,1,score_aware_t2_v2,87e3d980719bbd841679,1800,1752,48,48,0.02666666666666667,1,27387.91,7239749.0,26.65952
radio_propagation,radio-propagation-qualification-p20,20,21019,1,distributional_shadow_t2,38dc033a4b8966ac1f15,1800,1760,40,40,0.022222222222222223,1,27449.520000000004,7349149.0,26.65632
radio_propagation,radio-propagation-qualification-p20,20,21020,1,str_mlo_nmaxinflights_1,86c2a5aade2cb84a3acd,1800,1504,296,296,0.16444444444444445,1,31849.410000000007,9936995.0,25.9944
radio_propagation,radio-propagation-qualification-p20,20,21020,1,score_aware_t2_v2,5a938c649a3512563037,1800,1393,407,407,0.22611111111111112,1,31671.99999999995,12878820.0,25.9952
radio_propagation,radio-propagation-qualification-p20,20,21020,1,distributional_shadow_t2,9466e49d79c60fe1ebc2,1800,1470,330,330,0.18333333333333332,1,31125.769999999982,13347231.0,25.9952
radio_propagation,radio-propagation-qualification-p21,21,21021,1,str_mlo_nmaxinflights_1,0b3d01f2fbf3294895e1,1800,1796,4,4,0.0022222222222222222,1,18504.24999999999,4130217.0,26.3696
radio_propagation,radio-propagation-qualification-p21,21,21021,1,score_aware_t2_v2,40d2556d43fcf221400d,1800,1796,4,4,0.0022222222222222222,1,14648.549999999968,4263862.0,26.3688
radio_propagation,radio-propagation-qualification-p21,21,21021,1,distributional_shadow_t2,da3b57aa828f4187bbf1,1800,1797,3,3,0.0016666666666666668,1,14233.039999999995,4486909.0,26.3688
radio_propagation,radio-propagation-qualification-p21,21,21022,1,str_mlo_nmaxinflights_1,2939396f8c1375306a77,1800,1776,24,24,0.013333333333333334,1,22182.25,4773936.0,25.34784
radio_propagation,radio-propagation-qualification-p21,21,21022,1,score_aware_t2_v2,68fe5d5dc0c93a90b8f7,1800,1777,23,23,0.012777777777777779,1,20580.800000000003,6289406.0,25.34752
radio_propagation,radio-propagation-qualification-p21,21,21022,1,distributional_shadow_t2,4a8dc497db2bc7ddf10f,1800,1778,22,22,0.012222222222222223,1,21537.490000000005,6290378.0,25.34752
radio_propagation,radio-propagation-qualification-p21,21,21023,1,str_mlo_nmaxinflights_1,a6728571ddfc3075955f,1800,1795,5,5,0.002777777777777778,1,17927.15999999999,4073217.0,26.30352
radio_propagation,radio-propagation-qualification-p21,21,21023,1,score_aware_t2_v2,b76aaab1f6225a41c43c,1800,1793,7,7,0.0038888888888888888,1,17699.999999999978,4645977.0,26.30416
radio_propagation,radio-propagation-qualification-p21,21,21023,1,distributional_shadow_t2,3692258cc0e422abd775,1800,1793,7,7,0.0038888888888888888,1,15732.64,4778485.0,26.30416
radio_propagation,radio-propagation-qualification-p21,21,21024,1,str_mlo_nmaxinflights_1,b1d9526ec7d2f41eb6f0,1800,1765,35,35,0.019444444444444445,1,22310.6,4795218.0,26.97776
radio_propagation,radio-propagation-qualification-p21,21,21024,1,score_aware_t2_v2,515d1c45c324b64ca9d8,1800,1758,42,42,0.023333333333333334,1,26810.96000000002,6226642.0,26.97472
radio_propagation,radio-propagation-qualification-p21,21,21024,1,distributional_shadow_t2,eaf7c05cb6d1563ddf62,1800,1767,33,33,0.018333333333333333,1,26372.719999999987,6266935.0,26.97472
radio_propagation,radio-propagation-qualification-p22,22,21025,1,str_mlo_nmaxinflights_1,dfb6dd3f974f710ff8e4,1800,1800,0,0,0.0,1,10154.669999999998,3515933.0,26.67936
radio_propagation,radio-propagation-qualification-p22,22,21025,1,score_aware_t2_v2,83aadec8598a1ba57098,1800,1799,1,1,0.0005555555555555556,1,10798.739999999998,3649616.0,26.68256
radio_propagation,radio-propagation-qualification-p22,22,21025,1,distributional_shadow_t2,36c87af9b5a711cd3c9f,1800,1800,0,0,0.0,1,9307.169999999996,3893903.0,26.68256
radio_propagation,radio-propagation-qualification-p22,22,21026,1,str_mlo_nmaxinflights_1,393cd886ed9af91aaa78,1800,1795,5,5,0.002777777777777778,1,15213.919999999976,3867180.0,27.30912
radio_propagation,radio-propagation-qualification-p22,22,21026,1,score_aware_t2_v2,9df53474c12554d5b1eb,1800,1793,7,7,0.0038888888888888888,1,15984.799999999983,4643520.0,27.04032
radio_propagation,radio-propagation-qualification-p22,22,21026,1,distributional_shadow_t2,cbf9c8ae898339f940bb,1800,1795,5,5,0.002777777777777778,1,14400.119999999986,4672764.0,27.04032
radio_propagation,radio-propagation-qualification-p22,22,21027,1,str_mlo_nmaxinflights_1,21a7ce8348580ffe3e95,1800,1800,0,0,0.0,1,5828.03,3130622.0,26.65472
radio_propagation,radio-propagation-qualification-p22,22,21027,1,score_aware_t2_v2,028d2e41fa69e69d9b7d,1800,1799,1,1,0.0005555555555555556,1,8456.3,3244190.0,26.65328
radio_propagation,radio-propagation-qualification-p22,22,21027,1,distributional_shadow_t2,82bb046e096888f3cd94,1800,1800,0,0,0.0,1,7459.389999999999,3511362.0,26.65328
radio_propagation,radio-propagation-qualification-p22,22,21028,1,str_mlo_nmaxinflights_1,f296bb5920d7d5793742,1800,1800,0,0,0.0,1,10902.89,3569900.0,27.09808
radio_propagation,radio-propagation-qualification-p22,22,21028,1,score_aware_t2_v2,eec94034efdd4e8b5ee0,1800,1800,0,0,0.0,1,10778.279999999999,3786039.0,27.09872
radio_propagation,radio-propagation-qualification-p22,22,21028,1,distributional_shadow_t2,4b99d50b4058cdfa6874,1800,1800,0,0,0.0,1,9828.839999999998,4044280.0,27.09872
radio_propagation,radio-propagation-qualification-p23,23,21029,1,str_mlo_nmaxinflights_1,a99c2fb8301065086595,1800,1312,488,488,0.27111111111111114,1,31923.36,9481669.0,26.34
radio_propagation,radio-propagation-qualification-p23,23,21029,1,score_aware_t2_v2,d4c41da2db37ded9b912,1800,1130,670,670,0.37222222222222223,1,32703.210000000003,14221992.0,26.33584
radio_propagation,radio-propagation-qualification-p23,23,21029,1,distributional_shadow_t2,2d81ee1c5d50a80817bc,1800,1153,647,647,0.35944444444444446,1,32717.48,14293224.0,26.33584
radio_propagation,radio-propagation-qualification-p23,23,21030,1,str_mlo_nmaxinflights_1,5158a50f0ce12503acd2,1800,1437,363,363,0.20166666666666666,1,32045.080000000005,8985866.0,26.32752
radio_propagation,radio-propagation-qualification-p23,23,21030,1,score_aware_t2_v2,da7d1150de1d81ba764f,1800,1254,546,546,0.30333333333333334,1,32064.29,11546898.0,26.31712
radio_propagation,radio-propagation-qualification-p23,23,21030,1,distributional_shadow_t2,d9cba4742bd84662a175,1800,1297,503,503,0.27944444444444444,1,32037.28,11834456.0,26.31712
radio_propagation,radio-propagation-qualification-p23,23,21031,1,str_mlo_nmaxinflights_1,9d6a0166040a124d0331,1800,1293,507,507,0.2816666666666667,1,32508.799999999996,10288917.0,25.95728
radio_propagation,radio-propagation-qualification-p23,23,21031,1,score_aware_t2_v2,326adc21ef0719e45bd4,1800,1175,625,625,0.3472222222222222,1,32258.760000000002,12227631.0,25.95792
radio_propagation,radio-propagation-qualification-p23,23,21031,1,distributional_shadow_t2,bf1f739b4c42fb8db2a4,1800,1241,559,559,0.31055555555555553,1,32081.4,12796745.0,25.95744
radio_propagation,radio-propagation-qualification-p23,23,21032,1,str_mlo_nmaxinflights_1,28fcaa0f259c76f2a43f,1800,1371,429,429,0.23833333333333334,1,32416.899999999987,10149693.0,26.73408
radio_propagation,radio-propagation-qualification-p23,23,21032,1,score_aware_t2_v2,55f076a05db43bee4143,1800,1273,527,527,0.2927777777777778,1,32419.24,11169642.0,26.72112
radio_propagation,radio-propagation-qualification-p23,23,21032,1,distributional_shadow_t2,6cdc5cc1468eabde264f,1800,1331,469,469,0.26055555555555554,1,32027.5,11939166.0,26.72112
obss_intensity,obss-intensity-qualification-p16,16,21033,1,str_mlo_nmaxinflights_1,7791f434259b2a5daf40,1800,1724,76,76,0.042222222222222223,1,28293.859999999986,4874042.0,29.91856
obss_intensity,obss-intensity-qualification-p16,16,21033,1,score_aware_t2_v2,592b2d28f5a2c97ffa4d,1800,1708,92,92,0.051111111111111114,1,28176.150000000005,6273804.0,29.9208
obss_intensity,obss-intensity-qualification-p16,16,21033,1,distributional_shadow_t2,766f48e169c53d236027,1800,1709,91,91,0.050555555555555555,1,28238.64,6349473.0,29.92048
obss_intensity,obss-intensity-qualification-p16,16,21034,1,str_mlo_nmaxinflights_1,4907f69444183af40cde,1800,1761,39,39,0.021666666666666667,1,21767.400000000038,4148282.0,30.44192
obss_intensity,obss-intensity-qualification-p16,16,21034,1,score_aware_t2_v2,3ce24618cd012538cb2b,1800,1787,13,13,0.007222222222222222,1,17849.79999999993,4729189.0,30.44384
obss_intensity,obss-intensity-qualification-p16,16,21034,1,distributional_shadow_t2,27c786ccd530ee14c088,1800,1790,10,10,0.005555555555555556,1,19155.609999999953,4896313.0,30.44352
obss_intensity,obss-intensity-qualification-p16,16,21035,1,str_mlo_nmaxinflights_1,52a60158c08ffc9c3232,1800,1722,78,78,0.043333333333333335,1,28665.369999999974,5117593.0,30.492
obss_intensity,obss-intensity-qualification-p16,16,21035,1,score_aware_t2_v2,9fd5c829a18193ed620b,1800,1713,87,87,0.04833333333333333,1,28862.039999999943,6178461.0,30.49248
obss_intensity,obss-intensity-qualification-p16,16,21035,1,distributional_shadow_t2,6f65af4bf7636bb86fb3,1800,1729,71,71,0.03944444444444444,1,26525.240000000005,6384339.0,30.49248
obss_intensity,obss-intensity-qualification-p16,16,21036,1,str_mlo_nmaxinflights_1,c124f2b842ca9fb86cd7,1800,1789,11,11,0.006111111111111111,1,21678.359999999993,4015311.0,30.48688
obss_intensity,obss-intensity-qualification-p16,16,21036,1,score_aware_t2_v2,2afb8ec46b1731c2e499,1800,1790,10,10,0.005555555555555556,1,17850.019999999982,4683221.0,30.48128
obss_intensity,obss-intensity-qualification-p16,16,21036,1,distributional_shadow_t2,2e99e097a9ddc7ba614a,1800,1792,8,8,0.0044444444444444444,1,18996.609999999997,4745187.0,30.48128
obss_intensity,obss-intensity-qualification-p17,17,21037,1,str_mlo_nmaxinflights_1,374e60989154b57c0657,1800,852,948,948,0.5266666666666666,1,32202.45,5934880.0,73.19664
obss_intensity,obss-intensity-qualification-p17,17,21037,1,score_aware_t2_v2,adaa733e5f0ad6c2255f,1800,946,854,854,0.47444444444444445,1,32565.149999999994,6234331.0,74.68288
obss_intensity,obss-intensity-qualification-p17,17,21037,1,distributional_shadow_t2,16da7be60e94ec44212e,1800,940,860,860,0.4777777777777778,1,32463.760000000002,6288155.0,74.64256
obss_intensity,obss-intensity-qualification-p17,17,21038,1,str_mlo_nmaxinflights_1,277e8ac9f98bb63902d3,1800,430,1370,1370,0.7611111111111111,1,32747.97999999999,7745931.0,75.5552
obss_intensity,obss-intensity-qualification-p17,17,21038,1,score_aware_t2_v2,04add1cabc540c207727,1800,379,1421,1421,0.7894444444444444,1,32445.959999999995,7371408.0,75.22848
obss_intensity,obss-intensity-qualification-p17,17,21038,1,distributional_shadow_t2,8f1c8012d37abe19b7a3,1800,406,1394,1394,0.7744444444444445,1,32386.399999999998,7723478.0,75.3312
obss_intensity,obss-intensity-qualification-p17,17,21039,1,str_mlo_nmaxinflights_1,823e021bc9f34dfb16ae,1800,465,1335,1335,0.7416666666666667,1,32382.520000000004,5408570.0,70.70032
obss_intensity,obss-intensity-qualification-p17,17,21039,1,score_aware_t2_v2,fd31d7828880b3849d0d,1800,630,1170,1170,0.65,1,32311.15000000001,5437731.0,70.37616
obss_intensity,obss-intensity-qualification-p17,17,21039,1,distributional_shadow_t2,7889bac5ae485dc001c9,1800,630,1170,1170,0.65,1,32311.15000000001,5183225.0,70.43744
obss_intensity,obss-intensity-qualification-p17,17,21040,1,str_mlo_nmaxinflights_1,75673e48baed381d2775,1800,262,1538,1538,0.8544444444444445,1,32655.159999999996,5157989.0,71.0472
obss_intensity,obss-intensity-qualification-p17,17,21040,1,score_aware_t2_v2,78c1a837b9f2d5686cd4,1800,1210,590,590,0.3277777777777778,1,31732.77000000001,6909059.0,63.00784
obss_intensity,obss-intensity-qualification-p17,17,21040,1,distributional_shadow_t2,a22eb9c7b1727eef28b2,1800,1212,588,588,0.32666666666666666,1,31745.920000000013,7088819.0,62.58384
obss_intensity,obss-intensity-qualification-p18,18,21041,1,str_mlo_nmaxinflights_1,318ba779f4aa734fd3c0,1800,1799,1,1,0.0005555555555555556,1,17890.81999999998,3422886.0,40.88688
obss_intensity,obss-intensity-qualification-p18,18,21041,1,score_aware_t2_v2,ff4fe4abb0e591bfd774,1800,1797,3,3,0.0016666666666666668,1,13735.479999999996,3356875.0,40.8824
obss_intensity,obss-intensity-qualification-p18,18,21041,1,distributional_shadow_t2,c39e701a67be31938564,1800,1799,1,1,0.0005555555555555556,1,11711.439999999997,3772424.0,40.88352
obss_intensity,obss-intensity-qualification-p18,18,21042,1,str_mlo_nmaxinflights_1,ea5ed42e9cf0b6a27dda,1800,1628,172,172,0.09555555555555556,1,30300.460000000014,5919225.0,40.13072
obss_intensity,obss-intensity-qualification-p18,18,21042,1,score_aware_t2_v2,5739c4a1a126fcd3616b,1800,1527,273,273,0.15166666666666667,1,31473.839999999997,7414698.0,40.12592
obss_intensity,obss-intensity-qualification-p18,18,21042,1,distributional_shadow_t2,505eab239cf0e2fa20a1,1800,1536,264,264,0.14666666666666667,1,31495.500000000015,7628890.0,40.12496
obss_intensity,obss-intensity-qualification-p18,18,21043,1,str_mlo_nmaxinflights_1,0ec3c5e9256c069a483a,1800,1784,16,16,0.008888888888888889,1,22260.91000000004,3918347.0,42.11088
obss_intensity,obss-intensity-qualification-p18,18,21043,1,score_aware_t2_v2,32a1837eac8df12b3e4b,1800,1766,34,34,0.01888888888888889,1,26440.549999999876,5119109.0,41.60608
obss_intensity,obss-intensity-qualification-p18,18,21043,1,distributional_shadow_t2,dab6c0a878ddc497f48b,1800,1762,38,38,0.021111111111111112,1,26799.95999999989,5044838.0,42.11424
obss_intensity,obss-intensity-qualification-p18,18,21044,1,str_mlo_nmaxinflights_1,0138971c7999a5c94a13,1800,1671,129,129,0.07166666666666667,1,29071.899999999994,5606697.0,40.2992
obss_intensity,obss-intensity-qualification-p18,18,21044,1,score_aware_t2_v2,39343ff7dac44dac946d,1800,1541,259,259,0.1438888888888889,1,29719.999999999996,7623049.0,40.30544
obss_intensity,obss-intensity-qualification-p18,18,21044,1,distributional_shadow_t2,3fa11e28294476ca41e6,1800,1543,257,257,0.14277777777777778,1,31390.719999999994,7621537.0,40.30544
obss_intensity,obss-intensity-qualification-p19,19,21045,1,str_mlo_nmaxinflights_1,28dbcfeeba5ac0474d83,1800,1249,551,551,0.3061111111111111,1,31061.92,6037913.0,52.74064
obss_intensity,obss-intensity-qualification-p19,19,21045,1,score_aware_t2_v2,82b3c5e3cd7439c12554,1800,1282,518,518,0.2877777777777778,1,32167.880000000005,6649911.0,52.6876
obss_intensity,obss-intensity-qualification-p19,19,21045,1,distributional_shadow_t2,c85ba966b51a3ec0bdbc,1800,1315,485,485,0.26944444444444443,1,32142.87999999999,6920935.0,52.672
obss_intensity,obss-intensity-qualification-p19,19,21046,1,str_mlo_nmaxinflights_1,80f2e48b579e8aa72af0,1800,716,1084,1084,0.6022222222222222,1,32040.8,8189006.0,52.82808
obss_intensity,obss-intensity-qualification-p19,19,21046,1,score_aware_t2_v2,e6afbc10d239a8e5e2ef,1800,620,1180,1180,0.6555555555555556,1,32210.009999999995,8720622.0,51.76664
obss_intensity,obss-intensity-qualification-p19,19,21046,1,distributional_shadow_t2,490ccf45e74f65cb0199,1800,638,1162,1162,0.6455555555555555,1,32149.18,9339070.0,51.77232
obss_intensity,obss-intensity-qualification-p19,19,21047,1,str_mlo_nmaxinflights_1,bf911ffc159f398accaf,1800,1617,183,183,0.10166666666666667,1,28631.439999999962,4410071.0,51.46416
obss_intensity,obss-intensity-qualification-p19,19,21047,1,score_aware_t2_v2,b522a6d52de5966dfd69,1800,1151,649,649,0.3605555555555556,1,30974.5,6182184.0,52.376
obss_intensity,obss-intensity-qualification-p19,19,21047,1,distributional_shadow_t2,78e1bddd69f5a225f0b1,1800,1137,663,663,0.36833333333333335,1,30984.72,6220380.0,52.33952
obss_intensity,obss-intensity-qualification-p19,19,21048,1,str_mlo_nmaxinflights_1,6886e189336bcfc31a66,1800,1555,245,245,0.1361111111111111,1,30697.74,4670846.0,51.85864
obss_intensity,obss-intensity-qualification-p19,19,21048,1,score_aware_t2_v2,dc3a4e7f89b342c002c3,1800,1427,373,373,0.20722222222222222,1,31308.0,5809667.0,51.8016
obss_intensity,obss-intensity-qualification-p19,19,21048,1,distributional_shadow_t2,30c63450ab80390a4c4c,1800,1449,351,351,0.195,1,31311.120000000003,5904810.0,51.7948
obss_intensity,obss-intensity-qualification-p20,20,21049,1,str_mlo_nmaxinflights_1,9893eb6f2fe9e4ed4f1a,1800,1,1799,1799,0.9994444444444445,0,,4098009.0,70.51608
obss_intensity,obss-intensity-qualification-p20,20,21049,1,score_aware_t2_v2,c146c6c2776be572f63b,1800,5,1795,1795,0.9972222222222222,0,,2683013.0,69.43432
obss_intensity,obss-intensity-qualification-p20,20,21049,1,distributional_shadow_t2,dc588d9dee139b3fce08,1800,2,1798,1798,0.9988888888888889,0,,2437773.0,69.59328
obss_intensity,obss-intensity-qualification-p20,20,21050,1,str_mlo_nmaxinflights_1,36f8ffa87f7b9dcb049f,1800,455,1345,1345,0.7472222222222222,1,32110.799999999996,4582070.0,77.01376
obss_intensity,obss-intensity-qualification-p20,20,21050,1,score_aware_t2_v2,6841d6c0e0a6bc93015c,1800,421,1379,1379,0.7661111111111111,1,32877.4,4759463.0,75.94176
obss_intensity,obss-intensity-qualification-p20,20,21050,1,distributional_shadow_t2,4eddb795d688511756a1,1800,405,1395,1395,0.775,1,32890.479999999996,4785150.0,76.90024
obss_intensity,obss-intensity-qualification-p20,20,21051,1,str_mlo_nmaxinflights_1,b7b08745cf903c88af98,1800,12,1788,1788,0.9933333333333333,0,,4574328.0,75.38464
obss_intensity,obss-intensity-qualification-p20,20,21051,1,score_aware_t2_v2,e1202f24a4669108df66,1800,23,1777,1777,0.9872222222222222,0,,5706172.0,74.75672
obss_intensity,obss-intensity-qualification-p20,20,21051,1,distributional_shadow_t2,6b8135f9c708f7f19f42,1800,5,1795,1795,0.9972222222222222,0,,5564487.0,74.93208
obss_intensity,obss-intensity-qualification-p20,20,21052,1,str_mlo_nmaxinflights_1,fb315d018e84a58211f7,1800,83,1717,1717,0.9538888888888889,0,,4030449.0,66.39896
obss_intensity,obss-intensity-qualification-p20,20,21052,1,score_aware_t2_v2,be1cc0e4644edff76958,1800,91,1709,1709,0.9494444444444444,0,,4037101.0,65.5712
obss_intensity,obss-intensity-qualification-p20,20,21052,1,distributional_shadow_t2,75d62ae0eec88396a112,1800,90,1710,1710,0.95,0,,3773392.0,65.48416
obss_intensity,obss-intensity-qualification-p21,21,21053,1,str_mlo_nmaxinflights_1,2bc30448b382ad1a336e,1800,1736,64,64,0.035555555555555556,1,24683.000000000007,4795344.0,38.93361493333333
obss_intensity,obss-intensity-qualification-p21,21,21053,1,score_aware_t2_v2,f5a228a63af86e773645,1800,1673,127,127,0.07055555555555555,1,29371.439999999995,6852168.0,38.93714773333333
obss_intensity,obss-intensity-qualification-p21,21,21053,1,distributional_shadow_t2,ef9fee5f5ab0d1c4e244,1800,1661,139,139,0.07722222222222222,1,30351.40000000001,6782736.0,38.93714773333333
obss_intensity,obss-intensity-qualification-p21,21,21054,1,str_mlo_nmaxinflights_1,078bfbbecd842f226031,1800,1782,18,18,0.01,1,21661.12000000003,4317577.0,38.714188799999995
obss_intensity,obss-intensity-qualification-p21,21,21054,1,score_aware_t2_v2,b4ac6c4876d020f25bbe,1800,1781,19,19,0.010555555555555556,1,25758.60000000002,5551177.0,38.7159552
obss_intensity,obss-intensity-qualification-p21,21,21054,1,distributional_shadow_t2,1b79575e960097fc495f,1800,1778,22,22,0.012222222222222223,1,25762.610000000008,5480838.0,38.7159552
obss_intensity,obss-intensity-qualification-p21,21,21055,1,str_mlo_nmaxinflights_1,953e4e1ab9b4ad429da5,1800,1753,47,47,0.026111111111111113,1,28065.280000000006,5187545.0,39.517115733333334
obss_intensity,obss-intensity-qualification-p21,21,21055,1,score_aware_t2_v2,8140a6f8ce156418cf32,1800,1735,65,65,0.03611111111111111,1,27639.460000000003,6057432.0,39.51063893333333
obss_intensity,obss-intensity-qualification-p21,21,21055,1,distributional_shadow_t2,393274fdfaca8ff63446,1800,1745,55,55,0.030555555555555555,1,27496.12,6245824.0,39.51162026666667
obss_intensity,obss-intensity-qualification-p21,21,21056,1,str_mlo_nmaxinflights_1,7f390aa755444ebc4c7e,1800,1713,87,87,0.04833333333333333,1,28170.639999999956,5228168.0,39.8387968
obss_intensity,obss-intensity-qualification-p21,21,21056,1,score_aware_t2_v2,d3f836dc2deec18c96fe,1800,1744,56,56,0.03111111111111111,1,24309.739999999994,4973789.0,39.838404266666664
obss_intensity,obss-intensity-qualification-p21,21,21056,1,distributional_shadow_t2,d608c8188a010f96f100,1800,1761,39,39,0.021666666666666667,1,24425.200000000004,5481198.0,39.838404266666664
obss_intensity,obss-intensity-qualification-p22,22,21057,1,str_mlo_nmaxinflights_1,ae2b3a000ca3f147ec35,1800,1647,153,153,0.085,1,30045.999999999993,5278150.0,47.23333973333333
obss_intensity,obss-intensity-qualification-p22,22,21057,1,score_aware_t2_v2,850652739494d3d6d253,1800,1570,230,230,0.12777777777777777,1,29854.319999999996,6555853.0,47.22705920000001
obss_intensity,obss-intensity-qualification-p22,22,21057,1,distributional_shadow_t2,999bab395f28ec9afd3e,1800,1594,206,206,0.11444444444444445,1,29926.909999999993,6762175.0,47.229610666666666
obss_intensity,obss-intensity-qualification-p22,22,21058,1,str_mlo_nmaxinflights_1,6dba905f721ddffaf0f1,1800,1656,144,144,0.08,1,29808.150000000023,5390684.0,44.567842133333336
obss_intensity,obss-intensity-qualification-p22,22,21058,1,score_aware_t2_v2,94b92b93fb660412af25,1800,1649,151,151,0.08388888888888889,1,30718.199999999997,6442085.0,44.567842133333336
obss_intensity,obss-intensity-qualification-p22,22,21058,1,distributional_shadow_t2,2208b922e538bd5beafd,1800,1660,140,140,0.07777777777777778,1,30881.860000000004,6767489.0,44.566075733333335
obss_intensity,obss-intensity-qualification-p22,22,21059,1,str_mlo_nmaxinflights_1,54a019da390627fbc44a,1800,1718,82,82,0.04555555555555556,1,27649.729999999985,4322406.0,45.70756266666666
obss_intensity,obss-intensity-qualification-p22,22,21059,1,score_aware_t2_v2,0161dd36af4ae769a0ee,1800,1783,17,17,0.009444444444444445,1,22769.200000000026,3808116.0,45.7079552
obss_intensity,obss-intensity-qualification-p22,22,21059,1,distributional_shadow_t2,6b52529a7594bb8f430f,1800,1788,12,12,0.006666666666666667,1,22018.549999999996,4348666.0,45.7079552
obss_intensity,obss-intensity-qualification-p22,22,21060,1,str_mlo_nmaxinflights_1,7c19fae9cad1d0b61b88,1800,1590,210,210,0.11666666666666667,1,29783.149999999954,5501536.0,46.749542399999996
obss_intensity,obss-intensity-qualification-p22,22,21060,1,score_aware_t2_v2,8b77443d81631a8239f5,1800,1453,347,347,0.19277777777777777,1,31299.800000000003,7063003.0,46.75582293333333
obss_intensity,obss-intensity-qualification-p22,22,21060,1,distributional_shadow_t2,13ab54df6a50a8cc3feb,1800,1473,327,327,0.18166666666666667,1,30937.239999999998,7149767.0,46.753664
obss_intensity,obss-intensity-qualification-p23,23,21061,1,str_mlo_nmaxinflights_1,db6a100a92a3868b7092,1800,1794,6,6,0.0033333333333333335,1,15982.679999999998,3384157.0,18.78536
obss_intensity,obss-intensity-qualification-p23,23,21061,1,score_aware_t2_v2,7ef7fad24e27135e2221,1800,1799,1,1,0.0005555555555555556,1,10389.69999999999,3238160.0,18.78808
obss_intensity,obss-intensity-qualification-p23,23,21061,1,distributional_shadow_t2,e0a7e9b5653f7e34d17d,1800,1800,0,0,0.0,1,7295.26,3572610.0,18.78824
obss_intensity,obss-intensity-qualification-p23,23,21062,1,str_mlo_nmaxinflights_1,0a87113dd6dea85341a7,1800,1743,57,57,0.03166666666666667,1,26363.459999999992,4390165.0,17.95384
obss_intensity,obss-intensity-qualification-p23,23,21062,1,score_aware_t2_v2,c62d86ba1b6fbd970ab4,1800,1717,83,83,0.04611111111111111,1,26528.359999999975,5690601.0,17.9568
obss_intensity,obss-intensity-qualification-p23,23,21062,1,distributional_shadow_t2,1cae96f1d24b910b070d,1800,1720,80,80,0.044444444444444446,1,26521.449999999983,5731577.0,17.9568
obss_intensity,obss-intensity-qualification-p23,23,21063,1,str_mlo_nmaxinflights_1,858029e5705024ac8907,1800,1771,29,29,0.01611111111111111,1,21683.499999999985,4001269.0,18.03392
obss_intensity,obss-intensity-qualification-p23,23,21063,1,score_aware_t2_v2,8e3c54e6b44d722b1c4f,1800,1792,8,8,0.0044444444444444444,1,17869.839999999986,4154047.0,18.03
obss_intensity,obss-intensity-qualification-p23,23,21063,1,distributional_shadow_t2,fe896fc7f47955efb8a6,1800,1795,5,5,0.002777777777777778,1,17083.61999999999,4424573.0,18.03
obss_intensity,obss-intensity-qualification-p23,23,21064,1,str_mlo_nmaxinflights_1,4b4af9fe23e8d81d5cdd,1800,1736,64,64,0.035555555555555556,1,26615.40000000003,4434986.0,17.64648
obss_intensity,obss-intensity-qualification-p23,23,21064,1,score_aware_t2_v2,e9e754d27ba3da20f305,1800,1710,90,90,0.05,1,27870.130000000012,5766766.0,17.64632
obss_intensity,obss-intensity-qualification-p23,23,21064,1,distributional_shadow_t2,40e35472e43ad4d60bcc,1800,1713,87,87,0.04833333333333333,1,27665.959999999926,5771175.0,17.64648
obss_geometry_mac,obss-geometry-mac-qualification-p16,16,21065,1,str_mlo_nmaxinflights_1,d0fefc1f54fa6805b732,1800,1790,10,10,0.005555555555555556,1,16439.50999999996,4100443.0,26.94672
obss_geometry_mac,obss-geometry-mac-qualification-p16,16,21065,1,score_aware_t2_v2,730d54e5472128f7410c,1800,1788,12,12,0.006666666666666667,1,15372.929999999993,4650307.0,26.9472
obss_geometry_mac,obss-geometry-mac-qualification-p16,16,21065,1,distributional_shadow_t2,c7623645916d2d14c21e,1800,1789,11,11,0.006111111111111111,1,15362.839999999993,4784071.0,26.9472
obss_geometry_mac,obss-geometry-mac-qualification-p16,16,21066,1,str_mlo_nmaxinflights_1,a5aaf41c3d806dc2caa1,1800,1779,21,21,0.011666666666666667,1,22465.640000000007,4605121.0,26.52384
obss_geometry_mac,obss-geometry-mac-qualification-p16,16,21066,1,score_aware_t2_v2,fdbdac453349fd4043e3,1800,1778,22,22,0.012222222222222223,1,23624.560000000005,5234198.0,26.5024
obss_geometry_mac,obss-geometry-mac-qualification-p16,16,21066,1,distributional_shadow_t2,874f17a75f4752c41dfb,1800,1784,16,16,0.008888888888888889,1,18176.710000000006,5435634.0,26.5024
obss_geometry_mac,obss-geometry-mac-qualification-p16,16,21067,1,str_mlo_nmaxinflights_1,4ce2819cf0c1d16bfa9d,1800,1796,4,4,0.0022222222222222222,1,12901.699999999984,3821323.0,26.3336
obss_geometry_mac,obss-geometry-mac-qualification-p16,16,21067,1,score_aware_t2_v2,f90452fa41e7db45f1ea,1800,1795,5,5,0.002777777777777778,1,13726.65999999997,4433042.0,26.33408
obss_geometry_mac,obss-geometry-mac-qualification-p16,16,21067,1,distributional_shadow_t2,6e97436dbfe65e99c7d9,1800,1795,5,5,0.002777777777777778,1,13280.259999999984,4582943.0,26.33408
obss_geometry_mac,obss-geometry-mac-qualification-p16,16,21068,1,str_mlo_nmaxinflights_1,08ecbd3ae8aece8738bf,1800,1798,2,2,0.0011111111111111111,1,8302.689999999999,3375784.0,26.69344
obss_geometry_mac,obss-geometry-mac-qualification-p16,16,21068,1,score_aware_t2_v2,96b91710d7002a6baafc,1800,1798,2,2,0.0011111111111111111,1,9574.71,3493893.0,26.69296
obss_geometry_mac,obss-geometry-mac-qualification-p16,16,21068,1,distributional_shadow_t2,66b1bc7ac653e4e283c8,1800,1799,1,1,0.0005555555555555556,1,8765.259999999997,3757525.0,26.69296
obss_geometry_mac,obss-geometry-mac-qualification-p17,17,21069,1,str_mlo_nmaxinflights_1,615e6ad9f6cab70ecb5e,1800,1796,4,4,0.0022222222222222222,1,19415.499999999993,4115517.0,27.43152
obss_geometry_mac,obss-geometry-mac-qualification-p17,17,21069,1,score_aware_t2_v2,affe278e7ccbe5a99e9c,1800,1794,6,6,0.0033333333333333335,1,18172.119999999984,5087470.0,27.43152
obss_geometry_mac,obss-geometry-mac-qualification-p17,17,21069,1,distributional_shadow_t2,1ff2368ab5a2272caf47,1800,1792,8,8,0.0044444444444444444,1,19806.129999999997,5052873.0,27.43152
obss_geometry_mac,obss-geometry-mac-qualification-p17,17,21070,1,str_mlo_nmaxinflights_1,da3479d879a236857ec0,1800,1798,2,2,0.0011111111111111111,1,12994.369999999997,3637107.0,27.30608
obss_geometry_mac,obss-geometry-mac-qualification-p17,17,21070,1,score_aware_t2_v2,9e953f92eb87d1196548,1800,1798,2,2,0.0011111111111111111,1,10617.209999999997,3586596.0,27.30608
obss_geometry_mac,obss-geometry-mac-qualification-p17,17,21070,1,distributional_shadow_t2,02ece77e47ae377fc178,1800,1800,0,0,0.0,1,9222.52,3903068.0,27.30608
obss_geometry_mac,obss-geometry-mac-qualification-p17,17,21071,1,str_mlo_nmaxinflights_1,3adbf144ee719bdb250f,1800,1789,11,11,0.006111111111111111,1,17588.159999999996,4250515.0,26.01328
obss_geometry_mac,obss-geometry-mac-qualification-p17,17,21071,1,score_aware_t2_v2,502bfb4a69b84d98f9fd,1800,1795,5,5,0.002777777777777778,1,17355.46,5411047.0,26.01328
obss_geometry_mac,obss-geometry-mac-qualification-p17,17,21071,1,distributional_shadow_t2,bfd0318e1a747d7a95b2,1800,1793,7,7,0.0038888888888888888,1,20007.599999999977,5356859.0,26.01328
obss_geometry_mac,obss-geometry-mac-qualification-p17,17,21072,1,str_mlo_nmaxinflights_1,15be909c41a83f8fb87a,1800,1800,0,0,0.0,1,7926.5599999999995,3391866.0,25.912
obss_geometry_mac,obss-geometry-mac-qualification-p17,17,21072,1,score_aware_t2_v2,cfdba698f79d26088d8e,1800,1800,0,0,0.0,1,12775.73,3677974.0,25.912
obss_geometry_mac,obss-geometry-mac-qualification-p17,17,21072,1,distributional_shadow_t2,9cf87fc210fedb5758fb,1800,1800,0,0,0.0,1,9540.349999999991,3922282.0,25.912
obss_geometry_mac,obss-geometry-mac-qualification-p18,18,21073,1,str_mlo_nmaxinflights_1,29fdda1448e1cc941c29,1800,1763,37,37,0.020555555555555556,1,24812.19999999999,4672173.0,26.86048
obss_geometry_mac,obss-geometry-mac-qualification-p18,18,21073,1,score_aware_t2_v2,ac774f07e8bd1980aa1e,1800,1756,44,44,0.024444444444444446,1,27414.750000000007,6174657.0,26.86048
obss_geometry_mac,obss-geometry-mac-qualification-p18,18,21073,1,distributional_shadow_t2,3fab03023daea86c49fd,1800,1746,54,54,0.03,1,29652.29999999998,6171654.0,26.86048
obss_geometry_mac,obss-geometry-mac-qualification-p18,18,21074,1,str_mlo_nmaxinflights_1,b96669e0183156a8e77f,1800,1793,7,7,0.0038888888888888888,1,19158.23999999996,3983457.0,26.28144
obss_geometry_mac,obss-geometry-mac-qualification-p18,18,21074,1,score_aware_t2_v2,3b53a2a5aa56cafcad5d,1800,1787,13,13,0.007222222222222222,1,22989.25999999998,5214840.0,26.28144
obss_geometry_mac,obss-geometry-mac-qualification-p18,18,21074,1,distributional_shadow_t2,db73626a9d13863bd58d,1800,1764,36,36,0.02,1,24754.06999999999,5098562.0,26.28144
obss_geometry_mac,obss-geometry-mac-qualification-p18,18,21075,1,str_mlo_nmaxinflights_1,076522d360997a102962,1800,1787,13,13,0.007222222222222222,1,18719.199999999953,4134234.0,26.67856
obss_geometry_mac,obss-geometry-mac-qualification-p18,18,21075,1,score_aware_t2_v2,4e3cc7231b850fb23aa3,1800,1795,5,5,0.002777777777777778,1,17131.25999999998,5247817.0,26.67856
obss_geometry_mac,obss-geometry-mac-qualification-p18,18,21075,1,distributional_shadow_t2,acf0236e5b7293c0ed2e,1800,1787,13,13,0.007222222222222222,1,18960.77999999996,5207284.0,26.67856
obss_geometry_mac,obss-geometry-mac-qualification-p18,18,21076,1,str_mlo_nmaxinflights_1,6b2eab5ef83618e62c3b,1800,1798,2,2,0.0011111111111111111,1,10530.319999999998,3345338.0,26.27424
obss_geometry_mac,obss-geometry-mac-qualification-p18,18,21076,1,score_aware_t2_v2,1dd4f60ee87b1ab919fb,1800,1799,1,1,0.0005555555555555556,1,12260.979999999985,3455443.0,26.27424
obss_geometry_mac,obss-geometry-mac-qualification-p18,18,21076,1,distributional_shadow_t2,c729feb1b9b0f9e80fdf,1800,1800,0,0,0.0,1,9001.739999999998,3746589.0,26.27424
obss_geometry_mac,obss-geometry-mac-qualification-p19,19,21077,1,str_mlo_nmaxinflights_1,4329c14b83517d546ded,1800,1782,18,18,0.01,1,26930.06,4821183.0,26.70096
obss_geometry_mac,obss-geometry-mac-qualification-p19,19,21077,1,score_aware_t2_v2,f5e4d38722f3073178f6,1800,1786,14,14,0.0077777777777777776,1,21906.000000000025,5468046.0,26.6968
obss_geometry_mac,obss-geometry-mac-qualification-p19,19,21077,1,distributional_shadow_t2,0834a690ea14acb099f9,1800,1787,13,13,0.007222222222222222,1,20405.03999999999,5645936.0,26.69968
obss_geometry_mac,obss-geometry-mac-qualification-p19,19,21078,1,str_mlo_nmaxinflights_1,83007429f349929fc915,1800,1787,13,13,0.007222222222222222,1,21016.96,4446115.0,26.56448
obss_geometry_mac,obss-geometry-mac-qualification-p19,19,21078,1,score_aware_t2_v2,f57f14c2aeb1134ae4ce,1800,1784,16,16,0.008888888888888889,1,24285.57,5871890.0,26.56224
obss_geometry_mac,obss-geometry-mac-qualification-p19,19,21078,1,distributional_shadow_t2,566db38ff29fa5f08037,1800,1763,37,37,0.020555555555555556,1,24410.47999999997,5803613.0,26.56304
obss_geometry_mac,obss-geometry-mac-qualification-p19,19,21079,1,str_mlo_nmaxinflights_1,869be2efad3a56a7a87d,1800,1799,1,1,0.0005555555555555556,1,11153.039999999995,3438428.0,26.5264
obss_geometry_mac,obss-geometry-mac-qualification-p19,19,21079,1,score_aware_t2_v2,ac7a6f90ed0639d3b594,1800,1799,1,1,0.0005555555555555556,1,9730.599999999997,3336688.0,26.5216
obss_geometry_mac,obss-geometry-mac-qualification-p19,19,21079,1,distributional_shadow_t2,741af17de1e5d081a838,1800,1800,0,0,0.0,1,8123.769999999997,3717176.0,26.52176
obss_geometry_mac,obss-geometry-mac-qualification-p19,19,21080,1,str_mlo_nmaxinflights_1,2a6cb6db2fabeed4c96b,1800,1750,50,50,0.027777777777777776,1,27344.969999999998,5796144.0,27.68432
obss_geometry_mac,obss-geometry-mac-qualification-p19,19,21080,1,score_aware_t2_v2,3a298829b882635f6ab7,1800,1755,45,45,0.025,1,25928.24000000004,6301368.0,27.68544
obss_geometry_mac,obss-geometry-mac-qualification-p19,19,21080,1,distributional_shadow_t2,e79660a8bd9d43a5a58c,1800,1767,33,33,0.018333333333333333,1,26610.71999999998,6598126.0,27.68416
obss_geometry_mac,obss-geometry-mac-qualification-p20,20,21081,1,str_mlo_nmaxinflights_1,fb70b887288436a907f5,1800,1795,5,5,0.002777777777777778,1,15700.759999999964,3974653.0,25.29168
obss_geometry_mac,obss-geometry-mac-qualification-p20,20,21081,1,score_aware_t2_v2,082a24e0343e927594d6,1800,1799,1,1,0.0005555555555555556,1,12172.459999999997,4043169.0,25.29168
obss_geometry_mac,obss-geometry-mac-qualification-p20,20,21081,1,distributional_shadow_t2,f61178972b518cb3ffa1,1800,1799,1,1,0.0005555555555555556,1,10489.599999999999,4337073.0,25.29168
obss_geometry_mac,obss-geometry-mac-qualification-p20,20,21082,1,str_mlo_nmaxinflights_1,5339f08df7a8dde7c974,1800,1769,31,31,0.017222222222222222,1,25588.399999999994,4907216.0,26.53584
obss_geometry_mac,obss-geometry-mac-qualification-p20,20,21082,1,score_aware_t2_v2,456683e427d0a62a7bfe,1800,1758,42,42,0.023333333333333334,1,26983.750000000015,6033669.0,26.53584
obss_geometry_mac,obss-geometry-mac-qualification-p20,20,21082,1,distributional_shadow_t2,af2d462363b923a99a9a,1800,1753,47,47,0.026111111111111113,1,26756.240000000005,6181037.0,26.53584
obss_geometry_mac,obss-geometry-mac-qualification-p20,20,21083,1,str_mlo_nmaxinflights_1,28d3e71121ad9c6c8cf0,1800,1785,15,15,0.008333333333333333,1,24165.560000000074,4277791.0,27.28768
obss_geometry_mac,obss-geometry-mac-qualification-p20,20,21083,1,score_aware_t2_v2,05872998fa594a14eba0,1800,1799,1,1,0.0005555555555555556,1,10541.559999999996,3823994.0,27.28768
obss_geometry_mac,obss-geometry-mac-qualification-p20,20,21083,1,distributional_shadow_t2,1d0c4315f23e796c48da,1800,1800,0,0,0.0,1,9800.38,4325232.0,27.28768
obss_geometry_mac,obss-geometry-mac-qualification-p20,20,21084,1,str_mlo_nmaxinflights_1,e3b7413df59434d2e365,1800,1749,51,51,0.028333333333333332,1,27441.76,5468550.0,26.7408
obss_geometry_mac,obss-geometry-mac-qualification-p20,20,21084,1,score_aware_t2_v2,e6bfd62caf314dd8a103,1800,1755,45,45,0.025,1,26096.4,6108509.0,26.7408
obss_geometry_mac,obss-geometry-mac-qualification-p20,20,21084,1,distributional_shadow_t2,182da5bc8a112c8ed291,1800,1757,43,43,0.02388888888888889,1,25484.4,6365810.0,26.7408
obss_geometry_mac,obss-geometry-mac-qualification-p21,21,21085,1,str_mlo_nmaxinflights_1,59be6b86113e5909700e,1800,1793,7,7,0.0038888888888888888,1,19184.959999999995,3718698.0,27.08096
obss_geometry_mac,obss-geometry-mac-qualification-p21,21,21085,1,score_aware_t2_v2,84a5b733f061a038bace,1800,1800,0,0,0.0,1,9997.479999999998,3309090.0,27.0752
obss_geometry_mac,obss-geometry-mac-qualification-p21,21,21085,1,distributional_shadow_t2,daef55807c0c2d098958,1800,1800,0,0,0.0,1,8899.269999999999,3811687.0,27.07936
obss_geometry_mac,obss-geometry-mac-qualification-p21,21,21086,1,str_mlo_nmaxinflights_1,2a1c82eb16b920e3baf1,1800,1763,37,37,0.020555555555555556,1,23456.959999999992,4966321.0,26.30304
obss_geometry_mac,obss-geometry-mac-qualification-p21,21,21086,1,score_aware_t2_v2,b0e52dd575790e68be7f,1800,1768,32,32,0.017777777777777778,1,25052.879999999983,5838636.0,26.29648
obss_geometry_mac,obss-geometry-mac-qualification-p21,21,21086,1,distributional_shadow_t2,8b338f5af453c36f55d0,1800,1769,31,31,0.017222222222222222,1,25041.759999999987,5997249.0,26.29648
obss_geometry_mac,obss-geometry-mac-qualification-p21,21,21087,1,str_mlo_nmaxinflights_1,6d1236b2a2d8600c8cbe,1800,1768,32,32,0.017777777777777778,1,24970.059999999998,4974814.0,27.36144
obss_geometry_mac,obss-geometry-mac-qualification-p21,21,21087,1,score_aware_t2_v2,95c2fe85be37902462c3,1800,1785,15,15,0.008333333333333333,1,18895.880000000012,5177395.0,27.364
obss_geometry_mac,obss-geometry-mac-qualification-p21,21,21087,1,distributional_shadow_t2,b7a4f5195f63640e2f4f,1800,1787,13,13,0.007222222222222222,1,18849.019999999975,5439884.0,27.364
obss_geometry_mac,obss-geometry-mac-qualification-p21,21,21088,1,str_mlo_nmaxinflights_1,881db4f01301f129a58e,1800,1798,2,2,0.0011111111111111111,1,16925.869999999995,3808775.0,26.08832
obss_geometry_mac,obss-geometry-mac-qualification-p21,21,21088,1,score_aware_t2_v2,c85be2ee29efc3cf5bf3,1800,1798,2,2,0.0011111111111111111,1,13342.09,3891651.0,26.08864
obss_geometry_mac,obss-geometry-mac-qualification-p21,21,21088,1,distributional_shadow_t2,d9935f001b475204d81a,1800,1800,0,0,0.0,1,11958.119999999999,4228988.0,26.08912
obss_geometry_mac,obss-geometry-mac-qualification-p22,22,21089,1,str_mlo_nmaxinflights_1,e2fa5ef950e59314c369,1800,1754,46,46,0.025555555555555557,1,27918.790000000008,4721422.0,27.62016
obss_geometry_mac,obss-geometry-mac-qualification-p22,22,21089,1,score_aware_t2_v2,4714583e770ff6932417,1800,1724,76,76,0.042222222222222223,1,26809.329999999976,6012517.0,27.62016
obss_geometry_mac,obss-geometry-mac-qualification-p22,22,21089,1,distributional_shadow_t2,583559e2f90a3d4ab42a,1800,1712,88,88,0.04888888888888889,1,25828.269999999993,6004991.0,27.62016
obss_geometry_mac,obss-geometry-mac-qualification-p22,22,21090,1,str_mlo_nmaxinflights_1,848da38170e0fa7f1249,1800,1797,3,3,0.0016666666666666668,1,17884.119999999948,3520756.0,26.4848
obss_geometry_mac,obss-geometry-mac-qualification-p22,22,21090,1,score_aware_t2_v2,637abef17aec407e7093,1800,1800,0,0,0.0,1,10017.089999999997,3182816.0,26.4848
obss_geometry_mac,obss-geometry-mac-qualification-p22,22,21090,1,distributional_shadow_t2,12346802fd92c53b539f,1800,1800,0,0,0.0,1,8394.269999999999,3648978.0,26.4848
obss_geometry_mac,obss-geometry-mac-qualification-p22,22,21091,1,str_mlo_nmaxinflights_1,2bc5f2607104a5a0dda2,1800,1751,49,49,0.02722222222222222,1,25006.5,4914433.0,26.36896
obss_geometry_mac,obss-geometry-mac-qualification-p22,22,21091,1,score_aware_t2_v2,d782d8b817cd20ec1e09,1800,1748,52,52,0.028888888888888888,1,25895.36,5880618.0,26.36896
obss_geometry_mac,obss-geometry-mac-qualification-p22,22,21091,1,distributional_shadow_t2,6c5d31768e1f4c78ae6c,1800,1742,58,58,0.03222222222222222,1,25937.689999999995,6011941.0,26.36896
obss_geometry_mac,obss-geometry-mac-qualification-p22,22,21092,1,str_mlo_nmaxinflights_1,8614d9a38f22c3edd91c,1800,1798,2,2,0.0011111111111111111,1,11636.049999999981,3467412.0,26.06784
obss_geometry_mac,obss-geometry-mac-qualification-p22,22,21092,1,score_aware_t2_v2,4baf313b9ccc7b11d362,1800,1798,2,2,0.0011111111111111111,1,14137.319999999987,3849804.0,26.06784
obss_geometry_mac,obss-geometry-mac-qualification-p22,22,21092,1,distributional_shadow_t2,817f9757cd9c80791c3d,1800,1799,1,1,0.0005555555555555556,1,12066.599999999991,4031919.0,26.06784
obss_geometry_mac,obss-geometry-mac-qualification-p23,23,21093,1,str_mlo_nmaxinflights_1,53e76681f74c6ec27303,1800,1782,18,18,0.01,1,22242.560000000005,4525851.0,26.4664
obss_geometry_mac,obss-geometry-mac-qualification-p23,23,21093,1,score_aware_t2_v2,01b2ed9527142cd2eef5,1800,1786,14,14,0.0077777777777777776,1,21461.950000000004,5869867.0,26.4664
obss_geometry_mac,obss-geometry-mac-qualification-p23,23,21093,1,distributional_shadow_t2,c91d513bf2924a968a25,1800,1779,21,21,0.011666666666666667,1,22726.660000000003,5861410.0,26.4664
obss_geometry_mac,obss-geometry-mac-qualification-p23,23,21094,1,str_mlo_nmaxinflights_1,7f723cb6bddcf64f9232,1800,1791,9,9,0.005,1,14186.899999999901,3481437.0,26.94784
obss_geometry_mac,obss-geometry-mac-qualification-p23,23,21094,1,score_aware_t2_v2,d1c2e9eff770d6168df9,1800,1799,1,1,0.0005555555555555556,1,10278.460000000001,3371581.0,26.94784
obss_geometry_mac,obss-geometry-mac-qualification-p23,23,21094,1,distributional_shadow_t2,a5ff21996bb7d6e3de16,1800,1800,0,0,0.0,1,9442.06,3820003.0,26.94784
obss_geometry_mac,obss-geometry-mac-qualification-p23,23,21095,1,str_mlo_nmaxinflights_1,bbe63fa2e922bbb843e8,1800,1775,25,25,0.013888888888888888,1,26274.439999999995,4482066.0,26.77056
obss_geometry_mac,obss-geometry-mac-qualification-p23,23,21095,1,score_aware_t2_v2,1d504add57fd9be14522,1800,1767,33,33,0.018333333333333333,1,24152.899999999987,5965704.0,26.77056
obss_geometry_mac,obss-geometry-mac-qualification-p23,23,21095,1,distributional_shadow_t2,4c3a3f862c45421c49f0,1800,1755,45,45,0.025,1,26461.680000000008,5881867.0,26.77056
obss_geometry_mac,obss-geometry-mac-qualification-p23,23,21096,1,str_mlo_nmaxinflights_1,4839e524feec5c40f41e,1800,1795,5,5,0.002777777777777778,1,16771.319999999996,3680681.0,27.20448
obss_geometry_mac,obss-geometry-mac-qualification-p23,23,21096,1,score_aware_t2_v2,8f5cb48e0a98bd7f6aa7,1800,1794,6,6,0.0033333333333333335,1,17316.14,4525836.0,27.20448
obss_geometry_mac,obss-geometry-mac-qualification-p23,23,21096,1,distributional_shadow_t2,95d0d1c3edd30ce64c18,1800,1794,6,6,0.0033333333333333335,1,17147.61,4500394.0,27.20448
video_workload,video-workload-qualification-p16,16,21097,1,str_mlo_nmaxinflights_1,efb9a04cbe4ff21e3b53,3600,3526,74,74,0.020555555555555556,1,13620.75,6295758.0,25.71696
video_workload,video-workload-qualification-p16,16,21097,1,score_aware_t2_v2,60b85f13b990a74c85cd,3600,3487,113,113,0.03138888888888889,1,13349.319999999996,7452395.0,25.712
video_workload,video-workload-qualification-p16,16,21097,1,distributional_shadow_t2,3085de624dbd3a0cf652,3600,3465,135,135,0.0375,1,13682.920000000006,7430938.0,25.71168
video_workload,video-workload-qualification-p16,16,21098,1,str_mlo_nmaxinflights_1,8a0c9622eb72098399cb,3600,3481,119,119,0.03305555555555555,1,14133.399999999983,6664478.0,26.43808
video_workload,video-workload-qualification-p16,16,21098,1,score_aware_t2_v2,c31f5c16be41b463bb23,3600,3416,184,184,0.051111111111111114,1,14226.599999999995,7762989.0,26.43744
video_workload,video-workload-qualification-p16,16,21098,1,distributional_shadow_t2,415e22b5f3feed9ec6b0,3600,3446,154,154,0.042777777777777776,1,14092.150000000016,7844938.0,26.43856
video_workload,video-workload-qualification-p16,16,21099,1,str_mlo_nmaxinflights_1,0d6980875f8b68d1ab2f,3600,3598,2,2,0.0005555555555555556,1,4671.0599999999995,4260897.0,26.40464
video_workload,video-workload-qualification-p16,16,21099,1,score_aware_t2_v2,ef23ca69600918b92533,3600,3600,0,0,0.0,1,5023.089999999998,4343803.0,26.40416
video_workload,video-workload-qualification-p16,16,21099,1,distributional_shadow_t2,3c5b28d66076fcb5e164,3600,3600,0,0,0.0,1,4045.079999999998,4470446.0,26.40416
video_workload,video-workload-qualification-p16,16,21100,1,str_mlo_nmaxinflights_1,78706dafe69b5250af17,3600,3532,68,68,0.01888888888888889,1,13158.76,6046872.0,26.38944
video_workload,video-workload-qualification-p16,16,21100,1,score_aware_t2_v2,946f764bbea2c105f165,3600,3497,103,103,0.02861111111111111,1,13571.44,7446058.0,26.3856
video_workload,video-workload-qualification-p16,16,21100,1,distributional_shadow_t2,8cd38246a52ada731431,3600,3478,122,122,0.03388888888888889,1,13851.0,7414359.0,26.3864
video_workload,video-workload-qualification-p17,17,21101,1,str_mlo_nmaxinflights_1,781e153e638f4b576ba8,3600,3551,49,49,0.01361111111111111,1,12650.0,8048148.0,27.15184
video_workload,video-workload-qualification-p17,17,21101,1,score_aware_t2_v2,0c183c114b5e9d8308dc,3600,3582,18,18,0.005,1,11304.66000000001,8232064.0,27.14928
video_workload,video-workload-qualification-p17,17,21101,1,distributional_shadow_t2,4ec3b164dc0560447eef,3600,3588,12,12,0.0033333333333333335,1,10904.280000000017,8304776.0,27.14832
video_workload,video-workload-qualification-p17,17,21102,1,str_mlo_nmaxinflights_1,3bbdf1ae928cf3811f78,3600,3434,166,166,0.04611111111111111,1,14613.44000000001,9735274.0,26.89984
video_workload,video-workload-qualification-p17,17,21102,1,score_aware_t2_v2,0b3dc2b9b29bbc2a98a5,3600,3265,335,335,0.09305555555555556,1,15334.32,12276714.0,26.892
video_workload,video-workload-qualification-p17,17,21102,1,distributional_shadow_t2,d8de8dc039475e202923,3600,3280,320,320,0.08888888888888889,1,15363.68,12177778.0,26.892
video_workload,video-workload-qualification-p17,17,21103,1,str_mlo_nmaxinflights_1,37816e9f94359799f28f,3600,3590,10,10,0.002777777777777778,1,9149.960000000005,7077336.0,26.924
video_workload,video-workload-qualification-p17,17,21103,1,score_aware_t2_v2,93cbe2277b240ab058f5,3600,3589,11,11,0.0030555555555555557,1,9914.2,7663974.0,26.92208
video_workload,video-workload-qualification-p17,17,21103,1,distributional_shadow_t2,2e7388bd456702c37253,3600,3589,11,11,0.0030555555555555557,1,9916.959999999997,7580995.0,26.92208
video_workload,video-workload-qualification-p17,17,21104,1,str_mlo_nmaxinflights_1,b5cd049f178986555a45,3600,3408,192,192,0.05333333333333334,1,14686.369999999999,10120993.0,25.99472
video_workload,video-workload-qualification-p17,17,21104,1,score_aware_t2_v2,deb9279bf0dad50deabd,3600,3302,298,298,0.08277777777777778,1,15275.949999999977,11248812.0,25.99136
video_workload,video-workload-qualification-p17,17,21104,1,distributional_shadow_t2,339ba85d0562827868ab,3600,3324,276,276,0.07666666666666666,1,14951.55,11409881.0,25.99136
video_workload,video-workload-qualification-p18,18,21105,1,str_mlo_nmaxinflights_1,95fc5e42b73bcc3f3344,1440,1418,22,22,0.015277777777777777,1,23469.93999999998,3730509.0,25.91616
video_workload,video-workload-qualification-p18,18,21105,1,score_aware_t2_v2,ab4ccaf21f0f834f97e6,1440,1438,2,2,0.001388888888888889,1,9991.519999999964,3423064.0,25.92096
video_workload,video-workload-qualification-p18,18,21105,1,distributional_shadow_t2,68dcd2758b28a18b1622,1440,1438,2,2,0.001388888888888889,1,10427.18999999994,3865414.0,25.92096
video_workload,video-workload-qualification-p18,18,21106,1,str_mlo_nmaxinflights_1,19b3bb65b5a2068a18bf,1440,1420,20,20,0.013888888888888888,1,28509.799999999985,4253464.0,27.52048
video_workload,video-workload-qualification-p18,18,21106,1,score_aware_t2_v2,9ea3953e0c2592701471,1440,1419,21,21,0.014583333333333334,1,32573.859999999888,5142269.0,27.51904
video_workload,video-workload-qualification-p18,18,21106,1,distributional_shadow_t2,2a1ec77d151e3f34848a,1440,1425,15,15,0.010416666666666666,1,28713.64,5205182.0,27.5192
video_workload,video-workload-qualification-p18,18,21107,1,str_mlo_nmaxinflights_1,a8e5cebe2ad89b8a418f,1440,1435,5,5,0.003472222222222222,1,24749.50000000004,4163346.0,26.88192
video_workload,video-workload-qualification-p18,18,21107,1,score_aware_t2_v2,85ca9fe942fb08d52d68,1440,1435,5,5,0.003472222222222222,1,25465.400000000038,4789406.0,26.88
video_workload,video-workload-qualification-p18,18,21107,1,distributional_shadow_t2,fe063a09ca25508d9c3d,1440,1436,4,4,0.002777777777777778,1,24655.40000000002,4849203.0,26.88
video_workload,video-workload-qualification-p18,18,21108,1,str_mlo_nmaxinflights_1,1c6940821a79c0e33eb8,1440,1433,7,7,0.004861111111111111,1,20900.20000000002,3555296.0,27.11712
video_workload,video-workload-qualification-p18,18,21108,1,score_aware_t2_v2,9f9779fccec02bd60473,1440,1440,0,0,0.0,1,10179.77999999998,3421383.0,27.11904
video_workload,video-workload-qualification-p18,18,21108,1,distributional_shadow_t2,21612466ddbc3f3fae4d,1440,1440,0,0,0.0,1,10166.909999999976,3730881.0,27.11904
video_workload,video-workload-qualification-p19,19,21109,1,str_mlo_nmaxinflights_1,cc8247f9b2d25e73528e,1800,1777,23,23,0.012777777777777779,1,19824.68,4213177.0,26.1664
video_workload,video-workload-qualification-p19,19,21109,1,score_aware_t2_v2,d4d934eaa990c3e96482,1800,1784,16,16,0.008888888888888889,1,22980.310000000063,5266440.0,26.1608
video_workload,video-workload-qualification-p19,19,21109,1,distributional_shadow_t2,b7a72fd6cca189bdcbc3,1800,1781,19,19,0.010555555555555556,1,21194.20000000002,5361398.0,26.16192
video_workload,video-workload-qualification-p19,19,21110,1,str_mlo_nmaxinflights_1,27d0fdf1805ea5bbdd96,1800,1798,2,2,0.0011111111111111111,1,11826.989999999987,3130855.0,26.46544
video_workload,video-workload-qualification-p19,19,21110,1,score_aware_t2_v2,40048fdbcac537e4b8d5,1800,1800,0,0,0.0,1,7944.53,2958738.0,26.46528
video_workload,video-workload-qualification-p19,19,21110,1,distributional_shadow_t2,25b93357b786d4500b01,1800,1800,0,0,0.0,1,6000.5199999999995,3310242.0,26.46528
video_workload,video-workload-qualification-p19,19,21111,1,str_mlo_nmaxinflights_1,a53214a0b95b9347c167,1800,1776,24,24,0.013333333333333334,1,23746.0,4458368.0,26.32288
video_workload,video-workload-qualification-p19,19,21111,1,score_aware_t2_v2,fabd7e4cc184679243f3,1800,1786,14,14,0.0077777777777777776,1,21006.850000000017,5284298.0,26.32288
video_workload,video-workload-qualification-p19,19,21111,1,distributional_shadow_t2,4168a86ee9cce73a21c3,1800,1791,9,9,0.005,1,19424.499999999967,5470120.0,26.32288
video_workload,video-workload-qualification-p19,19,21112,1,str_mlo_nmaxinflights_1,459b877103832821252f,1800,1787,13,13,0.007222222222222222,1,18514.159999999974,3766393.0,26.42464
video_workload,video-workload-qualification-p19,19,21112,1,score_aware_t2_v2,22d6bcf73e0e168026ee,1800,1798,2,2,0.0011111111111111111,1,9976.669999999996,3343586.0,26.42544
video_workload,video-workload-qualification-p19,19,21112,1,distributional_shadow_t2,8507c1dd4f49f9ab771e,1800,1798,2,2,0.0011111111111111111,1,8801.159999999998,3815841.0,26.42576
video_workload,video-workload-qualification-p20,20,21113,1,str_mlo_nmaxinflights_1,6ef4b1f33103135b06b8,2700,2659,41,41,0.015185185185185185,1,14677.660000000013,4356828.0,27.10624
video_workload,video-workload-qualification-p20,20,21113,1,score_aware_t2_v2,cb13414866f2d660d95a,2700,2659,41,41,0.015185185185185185,1,14128.260000000007,5614494.0,27.10736
video_workload,video-workload-qualification-p20,20,21113,1,distributional_shadow_t2,2d23002e750eed44115e,2700,2632,68,68,0.025185185185185185,1,15531.360000000019,5602393.0,27.10736
video_workload,video-workload-qualification-p20,20,21114,1,str_mlo_nmaxinflights_1,e89d1e7a5798c1bb38c1,2700,2696,4,4,0.0014814814814814814,1,9012.150000000032,3211809.0,26.10704
video_workload,video-workload-qualification-p20,20,21114,1,score_aware_t2_v2,98f0eee75681faa776ec,2700,2699,1,1,0.00037037037037037035,1,4717.48,3027281.0,26.1048
video_workload,video-workload-qualification-p20,20,21114,1,distributional_shadow_t2,c5ea70ace2af4fd7fc31,2700,2700,0,0,0.0,1,3850.0099999999998,3202838.0,26.1048
video_workload,video-workload-qualification-p20,20,21115,1,str_mlo_nmaxinflights_1,1ed29e612255c4129b0b,2700,2662,38,38,0.014074074074074074,1,14927.409999999998,4358800.0,26.30848
video_workload,video-workload-qualification-p20,20,21115,1,score_aware_t2_v2,e8b53787d325f473c0f5,2700,2691,9,9,0.0033333333333333335,1,13240.199999999993,4802044.0,26.30592
video_workload,video-workload-qualification-p20,20,21115,1,distributional_shadow_t2,4370eb76d40af1df5ed0,2700,2693,7,7,0.0025925925925925925,1,12077.119999999977,5039504.0,26.30848
video_workload,video-workload-qualification-p20,20,21116,1,str_mlo_nmaxinflights_1,ede98ee61b77989af073,2700,2699,1,1,0.00037037037037037035,1,9592.0,3445644.0,26.31536
video_workload,video-workload-qualification-p20,20,21116,1,score_aware_t2_v2,fac32b0393049d5701ab,2700,2698,2,2,0.0007407407407407407,1,8723.640000000018,3927237.0,26.3144
video_workload,video-workload-qualification-p20,20,21116,1,distributional_shadow_t2,dc2fea429797d34b6cbc,2700,2697,3,3,0.0011111111111111111,1,8019.239999999999,4046126.0,26.31376
video_workload,video-workload-qualification-p21,21,21117,1,str_mlo_nmaxinflights_1,968a67e0b2c16bfe83d0,1800,1784,16,16,0.008888888888888889,1,17906.140000000003,3382898.0,26.27136
video_workload,video-workload-qualification-p21,21,21117,1,score_aware_t2_v2,64c0445840e894f1f482,1800,1792,8,8,0.0044444444444444444,1,19495.599999999995,4337290.0,26.27248
video_workload,video-workload-qualification-p21,21,21117,1,distributional_shadow_t2,02cc040f45311b5b8e64,1800,1792,8,8,0.0044444444444444444,1,18868.019999999964,4370884.0,26.27248
video_workload,video-workload-qualification-p21,21,21118,1,str_mlo_nmaxinflights_1,6d678099338354a0c559,1800,1791,9,9,0.005,1,21870.199999999986,3682023.0,26.42272
video_workload,video-workload-qualification-p21,21,21118,1,score_aware_t2_v2,5c5de6a5f56621fe6a5d,1800,1792,8,8,0.0044444444444444444,1,18588.049999999977,4425319.0,26.42448
video_workload,video-workload-qualification-p21,21,21118,1,distributional_shadow_t2,96df3af072aeca95e70d,1800,1792,8,8,0.0044444444444444444,1,18200.259999999966,4515165.0,26.42352
video_workload,video-workload-qualification-p21,21,21119,1,str_mlo_nmaxinflights_1,fb61ae90a14bff6903dd,1800,1799,1,1,0.0005555555555555556,1,15334.479999999998,2835391.0,27.14608
video_workload,video-workload-qualification-p21,21,21119,1,score_aware_t2_v2,165c390e28b9b31237fe,1800,1800,0,0,0.0,1,7536.41,2510818.0,27.13904
video_workload,video-workload-qualification-p21,21,21119,1,distributional_shadow_t2,7385c736ead8bfe39f04,1800,1800,0,0,0.0,1,5583.58,2878106.0,27.13888
video_workload,video-workload-qualification-p21,21,21120,1,str_mlo_nmaxinflights_1,bcee7e981479b7ce948b,1800,1791,9,9,0.005,1,18510.699999999975,3418790.0,26.61904
video_workload,video-workload-qualification-p21,21,21120,1,score_aware_t2_v2,913c660ff8451aa829b2,1800,1787,13,13,0.007222222222222222,1,16418.039999999997,4500826.0,26.62
video_workload,video-workload-qualification-p21,21,21120,1,distributional_shadow_t2,0ad730a96e4f074a626f,1800,1789,11,11,0.006111111111111111,1,16645.239999999925,4465890.0,26.62064
video_workload,video-workload-qualification-p22,22,21121,1,str_mlo_nmaxinflights_1,1f4459a955ebdb57adf8,2700,2692,8,8,0.002962962962962963,1,11598.370000000028,5291479.0,27.50864
video_workload,video-workload-qualification-p22,22,21121,1,score_aware_t2_v2,c18df0fc76953cf6ff89,2700,2694,6,6,0.0022222222222222222,1,10451.560000000001,6016119.0,27.50912
video_workload,video-workload-qualification-p22,22,21121,1,distributional_shadow_t2,2b864ad55d56ac204460,2700,2694,6,6,0.0022222222222222222,1,11140.740000000013,6022553.0,27.508
video_workload,video-workload-qualification-p22,22,21122,1,str_mlo_nmaxinflights_1,f761cfa8c80c405e02cb,2700,2639,61,61,0.02259259259259259,1,18741.399999999987,6760305.0,26.21856
video_workload,video-workload-qualification-p22,22,21122,1,score_aware_t2_v2,449cd223b9b98a8c8307,2700,2632,68,68,0.025185185185185185,1,17163.07,7818495.0,26.21136
video_workload,video-workload-qualification-p22,22,21122,1,distributional_shadow_t2,5fbfaedc1e3510b609ef,2700,2638,62,62,0.022962962962962963,1,17717.45,7934410.0,26.2128
video_workload,video-workload-qualification-p22,22,21123,1,str_mlo_nmaxinflights_1,c8284cbfbc2f632a74dc,2700,2700,0,0,0.0,1,6016.109999999997,4532032.0,26.47296
video_workload,video-workload-qualification-p22,22,21123,1,score_aware_t2_v2,529ca0aa67084b0f3998,2700,2692,8,8,0.002962962962962963,1,7141.590000000007,4756142.0,26.47344
video_workload,video-workload-qualification-p22,22,21123,1,distributional_shadow_t2,115e57d9c2a6493adf5c,2700,2692,8,8,0.002962962962962963,1,6226.330000000005,4997674.0,26.4728
video_workload,video-workload-qualification-p22,22,21124,1,str_mlo_nmaxinflights_1,2fea14997a623febc6e0,2700,2621,79,79,0.02925925925925926,1,18185.600000000006,6448557.0,26.98544
video_workload,video-workload-qualification-p22,22,21124,1,score_aware_t2_v2,c0a43ba0daa847b14f92,2700,2541,159,159,0.058888888888888886,1,20075.799999999996,8522539.0,26.98528
video_workload,video-workload-qualification-p22,22,21124,1,distributional_shadow_t2,0e4222d203f15851f52f,2700,2512,188,188,0.06962962962962962,1,19952.659999999985,8429446.0,26.98528
video_workload,video-workload-qualification-p23,23,21125,1,str_mlo_nmaxinflights_1,d5c14062a50cb44dca8e,1440,1437,3,3,0.0020833333333333333,1,8080.520000000004,1479728.0,26.63984
video_workload,video-workload-qualification-p23,23,21125,1,score_aware_t2_v2,e9c9fb8cf484f81abd4f,1440,1440,0,0,0.0,1,6622.249999999997,1455513.0,26.64
video_workload,video-workload-qualification-p23,23,21125,1,distributional_shadow_t2,b12c3414426b5463a6e0,1440,1440,0,0,0.0,1,6148.689999999997,1536403.0,26.63936
video_workload,video-workload-qualification-p23,23,21126,1,str_mlo_nmaxinflights_1,e5476dde6e0fe8bf0f29,1440,1435,5,5,0.003472222222222222,1,14593.640000000061,1758007.0,25.8384
video_workload,video-workload-qualification-p23,23,21126,1,score_aware_t2_v2,2a7b127257e6428a0fdc,1440,1431,9,9,0.00625,1,14784.2,2369494.0,25.83424
video_workload,video-workload-qualification-p23,23,21126,1,distributional_shadow_t2,e9316c3bd223440f73ca,1440,1438,2,2,0.001388888888888889,1,9799.359999999968,2519726.0,25.83376
video_workload,video-workload-qualification-p23,23,21127,1,str_mlo_nmaxinflights_1,d0e8018c888dd74f3f23,1440,1435,5,5,0.003472222222222222,1,15930.040000000048,1766506.0,27.39648
video_workload,video-workload-qualification-p23,23,21127,1,score_aware_t2_v2,9dfa50b2ec2ca65abcc6,1440,1435,5,5,0.003472222222222222,1,14396.060000000052,2397260.0,27.39424
video_workload,video-workload-qualification-p23,23,21127,1,distributional_shadow_t2,adb27b6009c2bcb040c6,1440,1439,1,1,0.0006944444444444445,1,10434.959999999983,2548518.0,27.39424
video_workload,video-workload-qualification-p23,23,21128,1,str_mlo_nmaxinflights_1,d46e5d2137ea4139523a,1440,1438,2,2,0.001388888888888889,1,12047.409999999953,1512463.0,26.07632
video_workload,video-workload-qualification-p23,23,21128,1,score_aware_t2_v2,af459224f053fe1394d8,1440,1440,0,0,0.0,1,4561.949999999991,1325280.0,26.07792
video_workload,video-workload-qualification-p23,23,21128,1,distributional_shadow_t2,52bb575685bfabc9726f,1440,1440,0,0,0.0,1,3953.3499999999967,1414152.0,26.07856
legacy_coexistence,legacy-coexistence-qualification-p16,16,21129,1,str_mlo_nmaxinflights_1,ae82cc3daa9020cc85a8,1800,1718,82,82,0.04555555555555556,1,28703.519999999997,5905180.0,26.74816
legacy_coexistence,legacy-coexistence-qualification-p16,16,21129,1,score_aware_t2_v2,13c446affac42dbd4446,1800,1725,75,75,0.041666666666666664,1,28650.519999999997,5734110.0,26.74752
legacy_coexistence,legacy-coexistence-qualification-p16,16,21129,1,distributional_shadow_t2,170be359dbca41acf18e,1800,1742,58,58,0.03222222222222222,1,27129.069999999985,6110536.0,26.74752
legacy_coexistence,legacy-coexistence-qualification-p16,16,21130,1,str_mlo_nmaxinflights_1,c909d17f7ff697d8cf6c,1800,1787,13,13,0.007222222222222222,1,19082.199999999903,4283465.0,26.35408
legacy_coexistence,legacy-coexistence-qualification-p16,16,21130,1,score_aware_t2_v2,dddcb2dbd56818c6a0fb,1800,1789,11,11,0.006111111111111111,1,18669.639999999985,4645438.0,26.35248
legacy_coexistence,legacy-coexistence-qualification-p16,16,21130,1,distributional_shadow_t2,73f2af162965a452f574,1800,1793,7,7,0.0038888888888888888,1,18913.43999999994,4725229.0,26.35248
legacy_coexistence,legacy-coexistence-qualification-p16,16,21131,1,str_mlo_nmaxinflights_1,f839afa9764de925ef88,1800,1734,66,66,0.03666666666666667,1,29151.04,5412389.0,26.33856
legacy_coexistence,legacy-coexistence-qualification-p16,16,21131,1,score_aware_t2_v2,9817ccb78bdeb56f8e5e,1800,1663,137,137,0.07611111111111112,1,31266.799999999937,6795107.0,26.33536
legacy_coexistence,legacy-coexistence-qualification-p16,16,21131,1,distributional_shadow_t2,80598a8b3576d5ed627f,1800,1683,117,117,0.065,1,31001.40000000001,6854509.0,26.33488
legacy_coexistence,legacy-coexistence-qualification-p16,16,21132,1,str_mlo_nmaxinflights_1,0a42aafd58cca2ff3e6a,1800,1756,44,44,0.024444444444444446,1,26971.450000000004,4608620.0,26.82624
legacy_coexistence,legacy-coexistence-qualification-p16,16,21132,1,score_aware_t2_v2,2835bf40e9093740b292,1800,1795,5,5,0.002777777777777778,1,19225.039999999997,3958777.0,26.824
legacy_coexistence,legacy-coexistence-qualification-p16,16,21132,1,distributional_shadow_t2,3c496f6896a4eef92ca7,1800,1793,7,7,0.0038888888888888888,1,18638.839999999946,3999266.0,26.824
legacy_coexistence,legacy-coexistence-qualification-p17,17,21133,1,str_mlo_nmaxinflights_1,c41a443f6a04277d5e8d,1800,1280,520,520,0.28888888888888886,1,31762.880000000005,6108052.0,26.97504
legacy_coexistence,legacy-coexistence-qualification-p17,17,21133,1,score_aware_t2_v2,e06c6913cb8a851044f9,1800,659,1141,1141,0.6338888888888888,1,32700.759999999995,7752045.0,26.95952
legacy_coexistence,legacy-coexistence-qualification-p17,17,21133,1,distributional_shadow_t2,da65f24edc963d8153c7,1800,695,1105,1105,0.6138888888888889,1,32543.91999999999,7907126.0,26.95808
legacy_coexistence,legacy-coexistence-qualification-p17,17,21134,1,str_mlo_nmaxinflights_1,fac152b6c676f6d59a8b,1800,1484,316,316,0.17555555555555555,1,30320.89000000001,5337960.0,26.65712
legacy_coexistence,legacy-coexistence-qualification-p17,17,21134,1,score_aware_t2_v2,88992e9d04cc5fa564c5,1800,1425,375,375,0.20833333333333334,1,31960.52,5721226.0,26.5968
legacy_coexistence,legacy-coexistence-qualification-p17,17,21134,1,distributional_shadow_t2,2986715fe0eb5d1f7fb5,1800,1458,342,342,0.19,1,32089.52000000001,5933894.0,26.59696
legacy_coexistence,legacy-coexistence-qualification-p17,17,21135,1,str_mlo_nmaxinflights_1,3c1974ca0f64ca997349,1800,1307,493,493,0.2738888888888889,1,31470.400000000005,6116091.0,26.19152
legacy_coexistence,legacy-coexistence-qualification-p17,17,21135,1,score_aware_t2_v2,e1d2f0bcb15ee8ca815f,1800,916,884,884,0.4911111111111111,1,32702.350000000006,7337508.0,26.15104
legacy_coexistence,legacy-coexistence-qualification-p17,17,21135,1,distributional_shadow_t2,a4fc4e6332751b0cb3c6,1800,924,876,876,0.4866666666666667,1,32298.92,7540054.0,26.1496
legacy_coexistence,legacy-coexistence-qualification-p17,17,21136,1,str_mlo_nmaxinflights_1,3dacd969c8dfa4978676,1800,952,848,848,0.4711111111111111,1,32145.350000000002,7491421.0,27.7848
legacy_coexistence,legacy-coexistence-qualification-p17,17,21136,1,score_aware_t2_v2,f5ee97bdaaa85eb0bd51,1800,788,1012,1012,0.5622222222222222,1,32895.51,7307596.0,27.72992
legacy_coexistence,legacy-coexistence-qualification-p17,17,21136,1,distributional_shadow_t2,e0a5e2c9bb93dc97ab72,1800,806,994,994,0.5522222222222222,1,32937.950000000004,7725310.0,27.73344
legacy_coexistence,legacy-coexistence-qualification-p18,18,21137,1,str_mlo_nmaxinflights_1,9ac233298f8e8a1f5733,1800,1600,200,200,0.1111111111111111,1,30321.809999999998,5359479.0,27.6792
legacy_coexistence,legacy-coexistence-qualification-p18,18,21137,1,score_aware_t2_v2,debdeea000a265fb2bcc,1800,1341,459,459,0.255,1,32015.59999999999,7466744.0,27.68112
legacy_coexistence,legacy-coexistence-qualification-p18,18,21137,1,distributional_shadow_t2,5f3559fef605773819c3,1800,1343,457,457,0.2538888888888889,1,32060.82,7504417.0,27.68544
legacy_coexistence,legacy-coexistence-qualification-p18,18,21138,1,str_mlo_nmaxinflights_1,84405006f27e1dbdba61,1800,1594,206,206,0.11444444444444445,1,29979.149999999965,5509512.0,25.60048
legacy_coexistence,legacy-coexistence-qualification-p18,18,21138,1,score_aware_t2_v2,ad74fd3667a913991472,1800,1282,518,518,0.2877777777777778,1,32056.32,7607792.0,25.59072
legacy_coexistence,legacy-coexistence-qualification-p18,18,21138,1,distributional_shadow_t2,752ce00f2b60c05f080e,1800,1285,515,515,0.2861111111111111,1,31868.84000000001,7676965.0,25.59472
legacy_coexistence,legacy-coexistence-qualification-p18,18,21139,1,str_mlo_nmaxinflights_1,9a7fec8e3dbc9ac258df,1800,1539,261,261,0.145,1,30986.15999999999,5735444.0,26.02192
legacy_coexistence,legacy-coexistence-qualification-p18,18,21139,1,score_aware_t2_v2,1ff83889b9f07b0d4e23,1800,1453,347,347,0.19277777777777777,1,31884.680000000008,6178917.0,26.01984
legacy_coexistence,legacy-coexistence-qualification-p18,18,21139,1,distributional_shadow_t2,563b8a153b0b96ff6684,1800,1460,340,340,0.18888888888888888,1,31867.180000000022,6432435.0,26.01792
legacy_coexistence,legacy-coexistence-qualification-p18,18,21140,1,str_mlo_nmaxinflights_1,736641938fc8b8b045b5,1800,1525,275,275,0.1527777777777778,1,30955.68,5592798.0,26.87904
legacy_coexistence,legacy-coexistence-qualification-p18,18,21140,1,score_aware_t2_v2,4b396ffab7dcf38ac2f0,1800,1110,690,690,0.38333333333333336,1,31655.74000000001,8228103.0,26.85376
legacy_coexistence,legacy-coexistence-qualification-p18,18,21140,1,distributional_shadow_t2,78690729f8d717faba02,1800,1121,679,679,0.37722222222222224,1,31643.59999999999,8186190.0,26.852
legacy_coexistence,legacy-coexistence-qualification-p19,19,21141,1,str_mlo_nmaxinflights_1,5668924c5adfbdc36a36,1800,1767,33,33,0.018333333333333333,1,24405.55999999999,3985390.0,26.82832
legacy_coexistence,legacy-coexistence-qualification-p19,19,21141,1,score_aware_t2_v2,9beddc326e44bcaed4b1,1800,1774,26,26,0.014444444444444444,1,24880.949999999997,4794638.0,22.93024
legacy_coexistence,legacy-coexistence-qualification-p19,19,21141,1,distributional_shadow_t2,952558202c5b2df25b57,1800,1785,15,15,0.008333333333333333,1,23812.840000000047,4808341.0,22.92976
legacy_coexistence,legacy-coexistence-qualification-p19,19,21142,1,str_mlo_nmaxinflights_1,ceecb2452504984f5e65,1800,1633,167,167,0.09277777777777778,1,30309.480000000003,5323596.0,25.49024
legacy_coexistence,legacy-coexistence-qualification-p19,19,21142,1,score_aware_t2_v2,ac6ebd77032697b07141,1800,1267,533,533,0.2961111111111111,1,32337.959999999995,7537048.0,25.48384
legacy_coexistence,legacy-coexistence-qualification-p19,19,21142,1,distributional_shadow_t2,2e135ce66993b0909e87,1800,1269,531,531,0.295,1,31851.719999999987,7543368.0,25.48176
legacy_coexistence,legacy-coexistence-qualification-p19,19,21143,1,str_mlo_nmaxinflights_1,206b4623d0214010f4f8,1800,1679,121,121,0.06722222222222222,1,30859.600000000006,4807880.0,26.4584
legacy_coexistence,legacy-coexistence-qualification-p19,19,21143,1,score_aware_t2_v2,bfaa887226670605dfff,1800,1776,24,24,0.013333333333333334,1,26726.75,4687854.0,26.44832
legacy_coexistence,legacy-coexistence-qualification-p19,19,21143,1,distributional_shadow_t2,93536f4ce0aea9ea9fa0,1800,1774,26,26,0.014444444444444444,1,25948.339999999997,4933253.0,26.44976
legacy_coexistence,legacy-coexistence-qualification-p19,19,21144,1,str_mlo_nmaxinflights_1,9b88cf6d80cb24b05181,1800,1677,123,123,0.06833333333333333,1,28931.4,4771764.0,27.18592
legacy_coexistence,legacy-coexistence-qualification-p19,19,21144,1,score_aware_t2_v2,e92047d82909277248aa,1800,1487,313,313,0.1738888888888889,1,31227.420000000016,7053667.0,27.18256
legacy_coexistence,legacy-coexistence-qualification-p19,19,21144,1,distributional_shadow_t2,ebd3a1fc57a124a392f6,1800,1486,314,314,0.17444444444444446,1,31382.750000000004,7017242.0,27.18272
legacy_coexistence,legacy-coexistence-qualification-p20,20,21145,1,str_mlo_nmaxinflights_1,7e61429a5759124a6e01,1800,1751,49,49,0.02722222222222222,1,24116.0,3877993.0,27.17936
legacy_coexistence,legacy-coexistence-qualification-p20,20,21145,1,score_aware_t2_v2,4133f207c909ae10aaf8,1800,1675,125,125,0.06944444444444445,1,28746.6,5636968.0,27.18224
legacy_coexistence,legacy-coexistence-qualification-p20,20,21145,1,distributional_shadow_t2,9bac9a2f5aa5493bb004,1800,1679,121,121,0.06722222222222222,1,29058.000000000007,5560284.0,27.18288
legacy_coexistence,legacy-coexistence-qualification-p20,20,21146,1,str_mlo_nmaxinflights_1,e9f63c6fef043c84a7e8,1800,1697,103,103,0.05722222222222222,1,27748.76,5165004.0,26.79344
legacy_coexistence,legacy-coexistence-qualification-p20,20,21146,1,score_aware_t2_v2,fd34523b39e951a49154,1800,1487,313,313,0.1738888888888889,1,30579.660000000003,6920110.0,26.77552
legacy_coexistence,legacy-coexistence-qualification-p20,20,21146,1,distributional_shadow_t2,94573abfe16b3638648d,1800,1492,308,308,0.1711111111111111,1,30756.639999999963,7057456.0,26.77264
legacy_coexistence,legacy-coexistence-qualification-p20,20,21147,1,str_mlo_nmaxinflights_1,d97355f231cdc104ca47,1800,1756,44,44,0.024444444444444446,1,25612.100000000017,4136589.0,27.09536
legacy_coexistence,legacy-coexistence-qualification-p20,20,21147,1,score_aware_t2_v2,2d7cb4378f185843ac2d,1800,1627,173,173,0.0961111111111111,1,28776.4,6323040.0,27.0984
legacy_coexistence,legacy-coexistence-qualification-p20,20,21147,1,distributional_shadow_t2,79f9190e7f4f7b40ab9a,1800,1624,176,176,0.09777777777777778,1,30102.66999999999,6215637.0,27.0984
legacy_coexistence,legacy-coexistence-qualification-p20,20,21148,1,str_mlo_nmaxinflights_1,ecc3c62a376fc49955dc,1800,1796,4,4,0.0022222222222222222,1,13605.699999999968,3449242.0,25.71536
legacy_coexistence,legacy-coexistence-qualification-p20,20,21148,1,score_aware_t2_v2,db98ff67f6fa90e39a70,1800,1788,12,12,0.006666666666666667,1,20070.85999999994,4234357.0,25.71632
legacy_coexistence,legacy-coexistence-qualification-p20,20,21148,1,distributional_shadow_t2,189e7e8d3529343e9bbe,1800,1792,8,8,0.0044444444444444444,1,17685.14999999994,4252433.0,25.71632
legacy_coexistence,legacy-coexistence-qualification-p21,21,21149,1,str_mlo_nmaxinflights_1,52682fe29c6f6f796f62,1800,1572,228,228,0.12666666666666668,1,30127.209999999992,5220106.0,26.60048
legacy_coexistence,legacy-coexistence-qualification-p21,21,21149,1,score_aware_t2_v2,c8cefa041cae143fa49d,1800,1122,678,678,0.37666666666666665,1,32727.549999999992,7797586.0,26.58016
legacy_coexistence,legacy-coexistence-qualification-p21,21,21149,1,distributional_shadow_t2,a466a539209eacb2a1df,1800,1123,677,677,0.3761111111111111,1,32751.079999999998,7834344.0,26.572
legacy_coexistence,legacy-coexistence-qualification-p21,21,21150,1,str_mlo_nmaxinflights_1,9fd4cc2ebf1ccaeee7ef,1800,1557,243,243,0.135,1,31384.440000000002,5661878.0,26.86256
legacy_coexistence,legacy-coexistence-qualification-p21,21,21150,1,score_aware_t2_v2,14ae01ddb189cb6c661c,1800,1361,439,439,0.24388888888888888,1,31607.600000000006,6476573.0,26.84512
legacy_coexistence,legacy-coexistence-qualification-p21,21,21150,1,distributional_shadow_t2,aea15b15510d28d44573,1800,1381,419,419,0.23277777777777778,1,31420.600000000006,6783297.0,26.84032
legacy_coexistence,legacy-coexistence-qualification-p21,21,21151,1,str_mlo_nmaxinflights_1,82710012b74a8e3bb098,1800,1570,230,230,0.12777777777777777,1,29577.03999999999,4723995.0,27.42016
legacy_coexistence,legacy-coexistence-qualification-p21,21,21151,1,score_aware_t2_v2,9ba76da8d948bb9d60ad,1800,1079,721,721,0.40055555555555555,1,32140.840000000004,7835208.0,27.39216
legacy_coexistence,legacy-coexistence-qualification-p21,21,21151,1,distributional_shadow_t2,cdc62fae2b9d84989419,1800,1077,723,723,0.40166666666666667,1,32137.72,7799673.0,27.39296
legacy_coexistence,legacy-coexistence-qualification-p21,21,21152,1,str_mlo_nmaxinflights_1,1f28480ddd5cb1fa271b,1800,1737,63,63,0.035,1,27056.999999999967,4081136.0,26.72208
legacy_coexistence,legacy-coexistence-qualification-p21,21,21152,1,score_aware_t2_v2,492167e71552b439435b,1800,1683,117,117,0.065,1,30765.660000000014,5283784.0,26.7144
legacy_coexistence,legacy-coexistence-qualification-p21,21,21152,1,distributional_shadow_t2,7b1283107597c6680132,1800,1681,119,119,0.0661111111111111,1,30617.200000000004,5267051.0,26.72352
legacy_coexistence,legacy-coexistence-qualification-p22,22,21153,1,str_mlo_nmaxinflights_1,3d2491fb46e927e38d94,1800,120,1680,1680,0.9333333333333333,1,32660.620000000003,8769388.0,25.68016
legacy_coexistence,legacy-coexistence-qualification-p22,22,21153,1,score_aware_t2_v2,e4ccdec53d9f3a7dde35,1800,130,1670,1670,0.9277777777777778,1,31926.32,6325280.0,25.64272
legacy_coexistence,legacy-coexistence-qualification-p22,22,21153,1,distributional_shadow_t2,d6d8d4f06894e42e97a3,1800,138,1662,1662,0.9233333333333333,1,32032.4,6648417.0,25.65504
legacy_coexistence,legacy-coexistence-qualification-p22,22,21154,1,str_mlo_nmaxinflights_1,bf8f8fb38e527b8d305d,1800,338,1462,1462,0.8122222222222222,1,32111.28,7160891.0,26.2336
legacy_coexistence,legacy-coexistence-qualification-p22,22,21154,1,score_aware_t2_v2,d1a728fa95139e801b0a,1800,282,1518,1518,0.8433333333333334,1,32744.629999999997,5518968.0,25.48864
legacy_coexistence,legacy-coexistence-qualification-p22,22,21154,1,distributional_shadow_t2,73024e1f46b344e58278,1800,303,1497,1497,0.8316666666666667,1,32679.4,5763750.0,25.46096
legacy_coexistence,legacy-coexistence-qualification-p22,22,21155,1,str_mlo_nmaxinflights_1,deafb3bd6b4412cc0301,1800,250,1550,1550,0.8611111111111112,1,32347.759999999995,7932437.0,26.57024
legacy_coexistence,legacy-coexistence-qualification-p22,22,21155,1,score_aware_t2_v2,141e9b19e7cbb5490ea0,1800,156,1644,1644,0.9133333333333333,1,31956.349999999995,7424220.0,26.51904
legacy_coexistence,legacy-coexistence-qualification-p22,22,21155,1,distributional_shadow_t2,e18e314b859e4458ad46,1800,157,1643,1643,0.9127777777777778,1,32304.68,7631622.0,26.496
legacy_coexistence,legacy-coexistence-qualification-p22,22,21156,1,str_mlo_nmaxinflights_1,6e1ef4ba5a4a3892ec22,1800,193,1607,1607,0.8927777777777778,1,33267.2,8415755.0,26.36784
legacy_coexistence,legacy-coexistence-qualification-p22,22,21156,1,score_aware_t2_v2,1905a38aabb89b5ca651,1800,193,1607,1607,0.8927777777777778,1,33173.4,6815131.0,26.44032
legacy_coexistence,legacy-coexistence-qualification-p22,22,21156,1,distributional_shadow_t2,57b1ec324719757106c5,1800,195,1605,1605,0.8916666666666667,1,33235.78,7298403.0,26.3936
legacy_coexistence,legacy-coexistence-qualification-p23,23,21157,1,str_mlo_nmaxinflights_1,d4675b5016ed3270151e,1800,1619,181,181,0.10055555555555555,1,30321.579999999994,6226840.0,26.44928
legacy_coexistence,legacy-coexistence-qualification-p23,23,21157,1,score_aware_t2_v2,476ebc190353c94da114,1800,1645,155,155,0.08611111111111111,1,29829.96,6254704.0,26.4448
legacy_coexistence,legacy-coexistence-qualification-p23,23,21157,1,distributional_shadow_t2,bc07a44c4ff47dfffbea,1800,1661,139,139,0.07722222222222222,1,30260.600000000002,6570091.0,26.4448
legacy_coexistence,legacy-coexistence-qualification-p23,23,21158,1,str_mlo_nmaxinflights_1,7cdf2c13f34bbbe1e0b5,1800,1744,56,56,0.03111111111111111,1,26581.29999999999,4806156.0,27.13376
legacy_coexistence,legacy-coexistence-qualification-p23,23,21158,1,score_aware_t2_v2,502efbea3a24374228ad,1800,1646,154,154,0.08555555555555555,1,30270.54999999998,6232022.0,27.12464
legacy_coexistence,legacy-coexistence-qualification-p23,23,21158,1,distributional_shadow_t2,67d28c7e3ba8dbe215b0,1800,1670,130,130,0.07222222222222222,1,30013.989999999965,6269852.0,27.12432
legacy_coexistence,legacy-coexistence-qualification-p23,23,21159,1,str_mlo_nmaxinflights_1,115cb8324c861fe828a3,1800,1752,48,48,0.02666666666666667,1,25460.910000000003,4638475.0,27.6096
legacy_coexistence,legacy-coexistence-qualification-p23,23,21159,1,score_aware_t2_v2,74164fb5dbc1abafa582,1800,1690,110,110,0.06111111111111111,1,28868.419999999976,5721648.0,27.59808
legacy_coexistence,legacy-coexistence-qualification-p23,23,21159,1,distributional_shadow_t2,594a70673b42c18fbe89,1800,1687,113,113,0.06277777777777778,1,28895.37999999995,5748430.0,27.59328
legacy_coexistence,legacy-coexistence-qualification-p23,23,21160,1,str_mlo_nmaxinflights_1,eb4f3a45fa73dd4389ae,1800,1675,125,125,0.06944444444444445,1,29253.84,5633402.0,26.00816
legacy_coexistence,legacy-coexistence-qualification-p23,23,21160,1,score_aware_t2_v2,749e52b545d1ee031e82,1800,1585,215,215,0.11944444444444445,1,30280.240000000005,6739509.0,26.0024
legacy_coexistence,legacy-coexistence-qualification-p23,23,21160,1,distributional_shadow_t2,67ac97cbea7e11e5dbfd,1800,1601,199,199,0.11055555555555556,1,30344.0,6976488.0,26.0024
compound_shift,compound-shift-qualification-p16,16,21161,1,str_mlo_nmaxinflights_1,f1ab4aadf1d7eb0abaab,1440,1074,366,366,0.25416666666666665,1,37505.74,3593477.0,39.58336
compound_shift,compound-shift-qualification-p16,16,21161,1,score_aware_t2_v2,7fa84e373aa9c1a3d521,1440,986,454,454,0.31527777777777777,1,39897.35,3893101.0,39.54496
compound_shift,compound-shift-qualification-p16,16,21161,1,distributional_shadow_t2,3e77bde2319a8f696d2b,1440,1012,428,428,0.2972222222222222,1,40243.02,4123715.0,39.55408
compound_shift,compound-shift-qualification-p16,16,21162,1,str_mlo_nmaxinflights_1,8509e7663e544c31d27f,1440,873,567,567,0.39375,1,39247.12,4094336.0,39.34384
compound_shift,compound-shift-qualification-p16,16,21162,1,score_aware_t2_v2,5212a8185d79080dbb9f,1440,486,954,954,0.6625,1,41003.49999999999,5887268.0,39.35696
compound_shift,compound-shift-qualification-p16,16,21162,1,distributional_shadow_t2,e272a999d534a6f57ab5,1440,508,932,932,0.6472222222222223,1,40833.65,6071470.0,39.34672
compound_shift,compound-shift-qualification-p16,16,21163,1,str_mlo_nmaxinflights_1,fb5c97f83c841cbd5362,1440,1049,391,391,0.27152777777777776,1,39530.4,3844329.0,39.23232
compound_shift,compound-shift-qualification-p16,16,21163,1,score_aware_t2_v2,0259ca04a3a1f515689e,1440,946,494,494,0.34305555555555556,1,40108.149999999994,4157252.0,39.1904
compound_shift,compound-shift-qualification-p16,16,21163,1,distributional_shadow_t2,5501f57f5a4e7df073bb,1440,982,458,458,0.31805555555555554,1,39448.97,4460990.0,39.16176
compound_shift,compound-shift-qualification-p16,16,21164,1,str_mlo_nmaxinflights_1,2a5cb08bc385a5ff1280,1440,473,967,967,0.6715277777777777,1,40147.31999999999,5905661.0,39.88336
compound_shift,compound-shift-qualification-p16,16,21164,1,score_aware_t2_v2,0825669354496e9b7e0e,1440,364,1076,1076,0.7472222222222222,1,41007.37,5482917.0,39.87664
compound_shift,compound-shift-qualification-p16,16,21164,1,distributional_shadow_t2,5ceac39061fe94d4e0df,1440,393,1047,1047,0.7270833333333333,1,40935.15999999999,5859093.0,39.87072
compound_shift,compound-shift-qualification-p17,17,21165,1,str_mlo_nmaxinflights_1,c7541bc67786d8c2bf96,1800,1724,76,76,0.042222222222222223,1,28018.469999999987,3742751.0,29.74496
compound_shift,compound-shift-qualification-p17,17,21165,1,score_aware_t2_v2,77552113416195284fa7,1800,1425,375,375,0.20833333333333334,1,29068.199999999997,5346633.0,29.71936
compound_shift,compound-shift-qualification-p17,17,21165,1,distributional_shadow_t2,fa3ef2bf14ead0f15152,1800,1485,315,315,0.175,1,29954.640000000014,5414592.0,29.71392
compound_shift,compound-shift-qualification-p17,17,21166,1,str_mlo_nmaxinflights_1,c0cacff1b9c0f32539bd,1800,1603,197,197,0.10944444444444444,1,30410.719999999998,4538203.0,29.55696
compound_shift,compound-shift-qualification-p17,17,21166,1,score_aware_t2_v2,bf2f7332d68aa9adc94a,1800,1508,292,292,0.1622222222222222,1,30232.540000000005,6366753.0,24.92144
compound_shift,compound-shift-qualification-p17,17,21166,1,distributional_shadow_t2,40cca6868f77e5a92117,1800,1541,259,259,0.1438888888888889,1,30557.599999999984,6347096.0,24.92112
compound_shift,compound-shift-qualification-p17,17,21167,1,str_mlo_nmaxinflights_1,3a0786858b0de8793018,1800,1575,225,225,0.125,1,30815.6,4625535.0,29.51584
compound_shift,compound-shift-qualification-p17,17,21167,1,score_aware_t2_v2,d37fff6f6a5ff9993f13,1800,1102,698,698,0.3877777777777778,1,31683.440000000002,6392287.0,29.47328
compound_shift,compound-shift-qualification-p17,17,21167,1,distributional_shadow_t2,32b0b9a0a0aba205612c,1800,1108,692,692,0.3844444444444444,1,32150.64000000001,6552219.0,29.47232
compound_shift,compound-shift-qualification-p17,17,21168,1,str_mlo_nmaxinflights_1,178fae7ac6b8bc915feb,1800,1745,55,55,0.030555555555555555,1,28330.399999999994,3757047.0,29.2032
compound_shift,compound-shift-qualification-p17,17,21168,1,score_aware_t2_v2,59a2b8b2b2a1bcb01a64,1800,1575,225,225,0.125,1,31224.799999999996,5033874.0,29.2152
compound_shift,compound-shift-qualification-p17,17,21168,1,distributional_shadow_t2,d756c78cfe0856547f52,1800,1572,228,228,0.12666666666666668,1,31159.54,5060360.0,29.21568
compound_shift,compound-shift-qualification-p18,18,21169,1,str_mlo_nmaxinflights_1,9860961fbd767fe85b68,1440,1428,12,12,0.008333333333333333,1,27156.260000000017,2943871.0,40.50992
compound_shift,compound-shift-qualification-p18,18,21169,1,score_aware_t2_v2,014cadf22c1670e2fd70,1440,1389,51,51,0.035416666666666666,1,31820.95999999999,3839897.0,40.49616
compound_shift,compound-shift-qualification-p18,18,21169,1,distributional_shadow_t2,495bdb19d84b500b1237,1440,1399,41,41,0.02847222222222222,1,32700.37999999999,3797263.0,40.48416
compound_shift,compound-shift-qualification-p18,18,21170,1,str_mlo_nmaxinflights_1,8a6b962c8eca39a6c63c,1440,1405,35,35,0.024305555555555556,1,23177.440000000013,2947837.0,40.22784
compound_shift,compound-shift-qualification-p18,18,21170,1,score_aware_t2_v2,65468a99f1f645bb3c37,1440,1406,34,34,0.02361111111111111,1,29461.400000000012,3533751.0,40.2024
compound_shift,compound-shift-qualification-p18,18,21170,1,distributional_shadow_t2,01507ef8b7d64b0b8e80,1440,1412,28,28,0.019444444444444445,1,28260.390000000043,3490405.0,40.20112
compound_shift,compound-shift-qualification-p18,18,21171,1,str_mlo_nmaxinflights_1,077e84612bbb954bd4e2,1440,1349,91,91,0.06319444444444444,1,32629.959999999992,3706327.0,40.28352
compound_shift,compound-shift-qualification-p18,18,21171,1,score_aware_t2_v2,b0ad0b8c3a32170bb21e,1440,1254,186,186,0.12916666666666668,1,38287.05,4896945.0,40.3008
compound_shift,compound-shift-qualification-p18,18,21171,1,distributional_shadow_t2,862f62b0b7223457f5e4,1440,1260,180,180,0.125,1,37848.18000000001,4955110.0,40.3008
compound_shift,compound-shift-qualification-p18,18,21172,1,str_mlo_nmaxinflights_1,414936e88d9fca2c587b,1440,1421,19,19,0.013194444444444444,1,25230.79999999998,2833470.0,39.88752
compound_shift,compound-shift-qualification-p18,18,21172,1,score_aware_t2_v2,c109e2808e1fa1726a4d,1440,1421,19,19,0.013194444444444444,1,32489.399999999965,3374230.0,39.86576
compound_shift,compound-shift-qualification-p18,18,21172,1,distributional_shadow_t2,24c6c40697ba8a611fc7,1440,1426,14,14,0.009722222222222222,1,30257.75,3340123.0,39.86048
compound_shift,compound-shift-qualification-p19,19,21173,1,str_mlo_nmaxinflights_1,185733f50c9243be9ccb,1800,1593,207,207,0.115,1,30254.15999999998,5269852.0,23.41152
compound_shift,compound-shift-qualification-p19,19,21173,1,score_aware_t2_v2,cf380b7f0ad23b1f00cb,1800,1266,534,534,0.2966666666666667,1,31649.54999999996,7481950.0,23.404
compound_shift,compound-shift-qualification-p19,19,21173,1,distributional_shadow_t2,a6b61d1a028d2a0fbbc4,1800,1270,530,530,0.29444444444444445,1,31949.10999999999,7495077.0,23.40112
compound_shift,compound-shift-qualification-p19,19,21174,1,str_mlo_nmaxinflights_1,15f85a8f91146a255917,1800,1603,197,197,0.10944444444444444,1,30242.780000000002,5865362.0,22.8432
compound_shift,compound-shift-qualification-p19,19,21174,1,score_aware_t2_v2,c0bbed7bdb69a63ac567,1800,1361,439,439,0.24388888888888888,1,31892.200000000004,7042530.0,22.828
compound_shift,compound-shift-qualification-p19,19,21174,1,distributional_shadow_t2,2e61710fbc11aacb8a1c,1800,1377,423,423,0.235,1,31786.440000000002,7221929.0,22.82944
compound_shift,compound-shift-qualification-p19,19,21175,1,str_mlo_nmaxinflights_1,fb8305ac0954100a0a65,1800,1664,136,136,0.07555555555555556,1,28336.53999999997,4851820.0,22.33808
compound_shift,compound-shift-qualification-p19,19,21175,1,score_aware_t2_v2,d5f4cdef489d3e6462ca,1800,1200,600,600,0.3333333333333333,1,32072.109999999997,7480620.0,22.33568
compound_shift,compound-shift-qualification-p19,19,21175,1,distributional_shadow_t2,333ccfeb412990550ad6,1800,1223,577,577,0.32055555555555554,1,32066.999999999996,7475961.0,22.336
compound_shift,compound-shift-qualification-p19,19,21176,1,str_mlo_nmaxinflights_1,f7922b8de27cec32c175,1800,1696,104,104,0.057777777777777775,1,26493.79999999997,4697738.0,22.43056
compound_shift,compound-shift-qualification-p19,19,21176,1,score_aware_t2_v2,6ae1aea2e67088a1aac2,1800,1419,381,381,0.21166666666666667,1,32143.57999999999,6500651.0,22.4256
compound_shift,compound-shift-qualification-p19,19,21176,1,distributional_shadow_t2,642920dd6a69e9ee4357,1800,1428,372,372,0.20666666666666667,1,32142.58,6495463.0,22.42288
compound_shift,compound-shift-qualification-p20,20,21177,1,str_mlo_nmaxinflights_1,c25ff0b170e29790a816,2700,272,2428,2428,0.8992592592592593,1,21758.58000000001,12202312.0,49.21504
compound_shift,compound-shift-qualification-p20,20,21177,1,score_aware_t2_v2,67a887ddcfc97e8e0a8a,2700,97,2603,2603,0.9640740740740741,0,,8485021.0,49.29328
compound_shift,compound-shift-qualification-p20,20,21177,1,distributional_shadow_t2,f2d4ff0002fdd49c6472,2700,103,2597,2597,0.9618518518518518,1,21390.140000000003,8759116.0,49.2712
compound_shift,compound-shift-qualification-p20,20,21178,1,str_mlo_nmaxinflights_1,d8adf68d7c5d1cd6f6d8,2700,304,2396,2396,0.8874074074074074,1,21773.349999999995,13444775.0,49.23536
compound_shift,compound-shift-qualification-p20,20,21178,1,score_aware_t2_v2,b4bdcc4e457b3983c723,2700,596,2104,2104,0.7792592592592592,1,21750.699999999993,10188372.0,49.2584
compound_shift,compound-shift-qualification-p20,20,21178,1,distributional_shadow_t2,d266055ead6bc2a8c8b1,2700,593,2107,2107,0.7803703703703704,1,21733.600000000002,10710273.0,49.26288
compound_shift,compound-shift-qualification-p20,20,21179,1,str_mlo_nmaxinflights_1,128e057d22beab69206d,2700,1062,1638,1638,0.6066666666666667,1,21713.02,9017069.0,48.45328
compound_shift,compound-shift-qualification-p20,20,21179,1,score_aware_t2_v2,a2152abd933b8103f6c5,2700,985,1715,1715,0.6351851851851852,1,21819.999999999996,8057687.0,48.21184
compound_shift,compound-shift-qualification-p20,20,21179,1,distributional_shadow_t2,9421d3e806dac74e49f0,2700,988,1712,1712,0.6340740740740741,1,21818.43,8358313.0,48.20656
compound_shift,compound-shift-qualification-p20,20,21180,1,str_mlo_nmaxinflights_1,d401d50c4ad9568b63fb,2700,173,2527,2527,0.9359259259259259,1,21273.6,11334634.0,47.59648
compound_shift,compound-shift-qualification-p20,20,21180,1,score_aware_t2_v2,e29837e869e571c4f802,2700,35,2665,2665,0.987037037037037,0,,5105743.0,46.46976
compound_shift,compound-shift-qualification-p20,20,21180,1,distributional_shadow_t2,078d4ffae9969289f3ad,2700,53,2647,2647,0.9803703703703703,0,,5537615.0,46.47248
compound_shift,compound-shift-qualification-p21,21,21181,1,str_mlo_nmaxinflights_1,11b13d9512bd1eb90359,2700,2454,246,246,0.09111111111111111,1,20028.339999999997,6287851.0,22.32
compound_shift,compound-shift-qualification-p21,21,21181,1,score_aware_t2_v2,c42d1dc91bcb7a1d81c1,2700,2565,135,135,0.05,1,19536.24,6103808.0,22.67408
compound_shift,compound-shift-qualification-p21,21,21181,1,distributional_shadow_t2,3b79a890795074c065fc,2700,2581,119,119,0.04407407407407407,1,19534.6,6516124.0,22.67344
compound_shift,compound-shift-qualification-p21,21,21182,1,str_mlo_nmaxinflights_1,a0adecbf03444d09ba53,2700,2345,355,355,0.13148148148148148,1,20549.639999999996,6750937.0,21.77792
compound_shift,compound-shift-qualification-p21,21,21182,1,score_aware_t2_v2,229696258f99f3081823,2700,2051,649,649,0.24037037037037037,1,20855.0,8956176.0,22.15008
compound_shift,compound-shift-qualification-p21,21,21182,1,distributional_shadow_t2,3432d8d9de4349e31b39,2700,2111,589,589,0.21814814814814815,1,21239.300000000007,9112850.0,22.14896
compound_shift,compound-shift-qualification-p21,21,21183,1,str_mlo_nmaxinflights_1,978426fc9ccbb614522a,2700,2426,274,274,0.10148148148148148,1,20834.0,6689138.0,21.60576
compound_shift,compound-shift-qualification-p21,21,21183,1,score_aware_t2_v2,5825f43febaeac8b8e32,2700,2299,401,401,0.14851851851851852,1,21034.179999999997,7854018.0,21.59984
compound_shift,compound-shift-qualification-p21,21,21183,1,distributional_shadow_t2,e2fed2710acf69e167a0,2700,2337,363,363,0.13444444444444445,1,20724.399999999998,8087445.0,21.59904
compound_shift,compound-shift-qualification-p21,21,21184,1,str_mlo_nmaxinflights_1,84806f33ee3abaa06157,2700,2419,281,281,0.10407407407407407,1,20414.600000000002,6532578.0,19.41504
compound_shift,compound-shift-qualification-p21,21,21184,1,score_aware_t2_v2,e7c974e14a2529e6ca20,2700,2012,688,688,0.2548148148148148,1,21527.139999999996,8580691.0,22.09328
compound_shift,compound-shift-qualification-p21,21,21184,1,distributional_shadow_t2,a14ce2d804eff38d1264,2700,2069,631,631,0.2337037037037037,1,21335.36,8939741.0,22.09328
compound_shift,compound-shift-qualification-p22,22,21185,1,str_mlo_nmaxinflights_1,0c2436e19f6c6397d95e,1440,1,1439,1439,0.9993055555555556,0,,5934053.0,67.4696
compound_shift,compound-shift-qualification-p22,22,21185,1,score_aware_t2_v2,422bfb596bec4e8f422b,1440,1,1439,1439,0.9993055555555556,0,,2871466.0,67.66384
compound_shift,compound-shift-qualification-p22,22,21185,1,distributional_shadow_t2,bd321bea874b90be9c96,1440,2,1438,1438,0.9986111111111111,0,,2821967.0,67.77328
compound_shift,compound-shift-qualification-p22,22,21186,1,str_mlo_nmaxinflights_1,9bcb1154f5ae21f5efdb,1440,4,1436,1436,0.9972222222222222,0,,6034628.0,65.8848
compound_shift,compound-shift-qualification-p22,22,21186,1,score_aware_t2_v2,1b39a2c4b21150ff2569,1440,4,1436,1436,0.9972222222222222,0,,2330945.0,66.25872
compound_shift,compound-shift-qualification-p22,22,21186,1,distributional_shadow_t2,74c0ae153397d72345b2,1440,1,1439,1439,0.9993055555555556,0,,2266296.0,66.22176
compound_shift,compound-shift-qualification-p22,22,21187,1,str_mlo_nmaxinflights_1,839387f4aa07dbffe6a8,1440,3,1437,1437,0.9979166666666667,0,,4695334.0,56.40992
compound_shift,compound-shift-qualification-p22,22,21187,1,score_aware_t2_v2,36801bbf38cd71b7c6e8,1440,2,1438,1438,0.9986111111111111,0,,2296220.0,56.59312
compound_shift,compound-shift-qualification-p22,22,21187,1,distributional_shadow_t2,1bc47ac2c2ad45aaf3b2,1440,1,1439,1439,0.9993055555555556,0,,2062616.0,57.36992
compound_shift,compound-shift-qualification-p22,22,21188,1,str_mlo_nmaxinflights_1,17782e65858a6b6ae1f0,1440,1,1439,1439,0.9993055555555556,0,,4261483.0,59.372
compound_shift,compound-shift-qualification-p22,22,21188,1,score_aware_t2_v2,2b5a7e9af8636010564a,1440,2,1438,1438,0.9986111111111111,0,,2746390.0,58.1336
compound_shift,compound-shift-qualification-p22,22,21188,1,distributional_shadow_t2,a7bded56d02cdd9ea2eb,1440,2,1438,1438,0.9986111111111111,0,,2452286.0,58.35392
compound_shift,compound-shift-qualification-p23,23,21189,1,str_mlo_nmaxinflights_1,bdd3a6806daf70890465,1800,192,1608,1608,0.8933333333333333,1,31652.94,6278939.0,65.7536
compound_shift,compound-shift-qualification-p23,23,21189,1,score_aware_t2_v2,c0b8a1d381eefe0d42b9,1800,93,1707,1707,0.9483333333333334,0,,4044880.0,65.61664
compound_shift,compound-shift-qualification-p23,23,21189,1,distributional_shadow_t2,e99686e4fff2028e0d68,1800,106,1694,1694,0.9411111111111111,1,31801.649999999998,4232212.0,65.66464
compound_shift,compound-shift-qualification-p23,23,21190,1,str_mlo_nmaxinflights_1,5486347973a42894ae7c,1800,774,1026,1026,0.57,1,32589.85,4985978.0,68.07504
compound_shift,compound-shift-qualification-p23,23,21190,1,score_aware_t2_v2,edeeb26b753ca8b5c4fd,1800,736,1064,1064,0.5911111111111111,1,32510.95,5484912.0,68.24736
compound_shift,compound-shift-qualification-p23,23,21190,1,distributional_shadow_t2,74f06c3d90823411be02,1800,714,1086,1086,0.6033333333333334,1,32944.18,5527365.0,67.85104
compound_shift,compound-shift-qualification-p23,23,21191,1,str_mlo_nmaxinflights_1,ca9c83794f6b2e49db55,1800,36,1764,1764,0.98,0,,7633904.0,64.54336
compound_shift,compound-shift-qualification-p23,23,21191,1,score_aware_t2_v2,88b7da31f843daf76e77,1800,21,1779,1779,0.9883333333333333,0,,2482616.0,62.12272
compound_shift,compound-shift-qualification-p23,23,21191,1,distributional_shadow_t2,65d1ce87c6a341742545,1800,10,1790,1790,0.9944444444444445,0,,2843875.0,62.09616
compound_shift,compound-shift-qualification-p23,23,21192,1,str_mlo_nmaxinflights_1,496b758bc693619e8105,1800,841,959,959,0.5327777777777778,1,32544.600000000006,7454441.0,50.44336
compound_shift,compound-shift-qualification-p23,23,21192,1,score_aware_t2_v2,ecde3c40d1f8cf58fc83,1800,239,1561,1561,0.8672222222222222,1,33042.8,4309946.0,60.2712
compound_shift,compound-shift-qualification-p23,23,21192,1,distributional_shadow_t2,475d547fb22c4f5f560d,1800,232,1568,1568,0.8711111111111111,1,33045.6,4670501.0,60.27744
