candidate_ordinal,feature_family,signal,ranker,cost_normalized,frame_gate,requested_action_fraction,score_threshold,realized_action_fraction,dr_airtime_us_per_eligible_frame,dr_treat_none_deadline_miss,dr_policy_deadline_miss,dr_deadline_miss_benefit,deadline_miss_relative_improvement,dr_treat_none_completed_late18_numerator,dr_policy_completed_late18_numerator,dr_treat_none_completion_probability,dr_policy_completion_probability,dr_treat_none_completed_late18_ratio,dr_policy_completed_late18_ratio,completed_late18_relative_improvement,dr_treat_none_bad12,dr_policy_bad12,dr_bad12_benefit,balanced_min_relative_improvement,mean_relative_improvement,admissible,rejection_reason,source_frozen,selected
0,primary_base,deadline_value,deadline_value_per_cost,1,all_frames,0.050000000000000003,5.3931078582536429e-05,0.05005798221878624,119.32438683124124,0.020215760277452761,0.0083726129910836403,0.011843147286369121,0.58583734293575573,0.035515588448998006,0.026094887726969562,0.97978423972254713,0.99162738700891628,0.036248376947821924,0.026315214836573415,0.27403053454081255,0.1046070973176101,0.081498547493663906,0.023108549823946192,0.27403053454081255,0.42993393873828412,0,completed_late18_improvement,0,0
1,primary_base,deadline_value,deadline_value_per_cost,1,all_frames,0.074999999999999997,4.0520266338717192e-05,0.07508697332817936,182.8002456849056,0.020215760277452761,0.0069750805495318504,0.013240679727920911,0.65496818057783535,0.035515588448998006,0.023441032832681605,0.97978423972254713,0.993024919450468,0.036248376947821924,0.02360568438267761,0.34877954903589087,0.1046070973176101,0.075978666444053822,0.028628430873556286,0.34877954903589087,0.50187386480686313,0,completed_late18_improvement,0,0
2,primary_base,deadline_value,deadline_value_per_cost,1,all_frames,0.10000000000000001,2.8225913411006331e-05,0.10001932740626208,239.23717591613126,0.020215760277452761,0.0058766381145984384,0.014339122162854323,0.70930412539800303,0.035515588448998006,0.023189252339257532,0.97978423972254713,0.9941233618854014,0.036248376947821924,0.023326332755401736,0.35648614587684713,0.1046070973176101,0.071639092794510681,0.03296800452309942,0.35648614587684713,0.53289513563742508,0,completed_late18_improvement,0,0
3,primary_base,deadline_value,deadline_value_per_cost,1,all_frames,0.125,2.2476571757579222e-05,0.1250483185156552,318.24591444912977,0.020215760277452761,0.0048260077487193177,0.015389752528733444,0.76127498137668814,0.035515588448998006,0.021486198695167075,0.97978423972254713,0.99517399225128056,0.036248376947821924,0.021590394104412877,0.40437625288736712,0.1046070973176101,0.066811082284121109,0.037796015033488985,0.40437625288736712,0.58282561713202763,0,completed_late18_improvement,0,0
4,primary_base,deadline_value,deadline_value_per_cost,1,all_frames,0.14999999999999999,1.8964739865623415e-05,0.15007730962504831,408.68179448587307,0.020215760277452761,0.0043910093599322832,0.015824750917520478,0.78279276665000297,0.035515588448998006,0.020236247154340966,0.97978423972254713,0.99560899064006758,0.036248376947821924,0.020325496600157533,0.43927153953912845,0.1046070973176101,0.063750066343155623,0.040857030974454478,0.43927153953912845,0.61103215309456571,0,assignment_airtime+completed_late18_improvement,0,0
5,primary_base,deadline_value,deadline_value_per_cost,1,all_frames,0.16500000000000001,1.7517750166007318e-05,0.16505604947816002,445.38537659366568,0.020215760277452761,0.0042065560326915719,0.01600920424476119,0.79191700064907933,0.035515588448998006,0.01879884768364842,0.97978423972254713,0.99579344396730829,0.036248376947821924,0.018878260142738579,0.47919709150252238,0.1046070973176101,0.061235225803661086,0.043371871513949015,0.47919709150252238,0.63555704607580088,0,assignment_airtime+completed_late18_improvement,0,0
6,primary_base,deadline_value,deadline_value_per_cost,1,all_frames,0.17999999999999999,1.6382351532229222e-05,0.18003478933127173,496.15197849091828,0.020215760277452761,0.0038909353824012199,0.016324824895051541,0.8075296041801161,0.035515588448998006,0.016481053518579574,0.97978423972254713,0.99610906461759863,0.036248376947821924,0.016545430720386597,0.54355388810365002,0.1046070973176101,0.057806481903934281,0.04680061541367582,0.54355388810365002,0.67554174614188311,0,assignment_airtime,0,0
7,primary_base,deadline_value,deadline_value_per_cost,1,all_frames,0.20000000000000001,1.4980778360040858e-05,0.20003865481252417,552.96283126343576,0.020215760277452761,0.0036739071282113483,0.016541853149241413,0.81826520112088164,0.035515588448998006,0.015585217098404405,0.97978423972254713,0.99632609287178853,0.036248376947821924,0.01564268687722703,0.5684582816012963,0.1046070973176101,0.055985583830255481,0.04862151348735462,0.5684582816012963,0.69336174136108897,0,action_fraction+assignment_airtime,0,0
8,primary_base,deadline_value,deadline_value_per_cost,1,p_frames_only,0.050000000000000003,5.3589144954457879e-05,0.05005798221878624,117.55945190004381,0.020215760277452761,0.0085729528018716923,0.011642807475581069,0.57592726248176962,0.035515588448998006,0.026196166011327196,0.97978423972254713,0.99142704719812824,0.036248376947821924,0.026422686455206335,0.27106566748517524,0.1046070973176101,0.081604447747064102,0.023002649570546003,0.27106566748517524,0.42349646498347243,0,completed_late18_improvement,0,0
9,primary_base,deadline_value,deadline_value_per_cost,1,p_frames_only,0.074999999999999997,4.0262570109916851e-05,0.07508697332817936,180.0739980974607,0.020215760277452761,0.0070727168959641481,0.013143043381488613,0.65013846628105498,0.035515588448998006,0.023809222308041098,0.97978423972254713,0.99292728310403577,0.036248376947821924,0.023978817697112714,0.33848575533107994,0.1046070973176101,0.07647902441372767,0.028128072903882431,0.33848575533107994,0.49431211080606746,0,completed_late18_improvement,0,0
10,primary_base,deadline_value,deadline_value_per_cost,1,p_frames_only,0.10000000000000001,2.7893105652765371e-05,0.10001932740626208,228.88525040745603,0.020215760277452761,0.0062203431296257369,0.013995417147827025,0.69230229067548499,0.035515588448998006,0.021567846921757755,0.97978423972254713,0.99377965687037417,0.036248376947821924,0.021702846071210133,0.40127399076514503,0.1046070973176101,0.070691554627900263,0.033915542689709838,0.40127399076514503,0.54678814072031501,0,completed_late18_improvement,0,0
11,primary_base,deadline_value,deadline_value_per_cost,1,p_frames_only,0.125,2.2183201508596539e-05,0.1250483185156552,301.29443419171707,0.020215760277452761,0.0052769795472590916,0.01493878073019367,0.73896704972581895,0.035515588448998006,0.020022742348008833,0.97978423972254713,0.99472302045274075,0.036248376947821924,0.020128962471277313,0.44469341343883778,0.1046070973176101,0.06552128964773965,0.039085807669870444,0.44469341343883778,0.59183023158232839,0,completed_late18_improvement,0,0
12,primary_base,deadline_value,deadline_value_per_cost,1,p_frames_only,0.14999999999999999,1.8609525795909576e-05,0.15007730962504831,387.73542820116546,0.020215760277452761,0.0049548414204661495,0.015260918856986612,0.75490204907146474,0.035515588448998006,0.018628310186752216,0.97978423972254713,0.99504515857953379,0.036248376947821924,0.018721070120420326,0.48353356214076698,0.1046070973176101,0.062640690420810302,0.041966406896799792,0.48353356214076698,0.61921780560611583,0,completed_late18_improvement,0,0
13,primary_base,deadline_value,deadline_value_per_cost,1,p_frames_only,0.16500000000000001,1.7320413462584838e-05,0.16505604947816002,421.81236282739115,0.020215760277452761,0.004666826981964068,0.015548933295488693,0.76914907389512732,0.035515588448998006,0.017318090542550752,0.97978423972254713,0.99533317301803581,0.036248376947821924,0.017399290018676933,0.51999809415680853,0.1046070973176101,0.05993019784002579,0.044676899477584311,0.51999809415680853,0.64457358402596787,0,assignment_airtime,0,0
14,primary_base,deadline_value,deadline_value_per_cost,1,p_frames_only,0.17999999999999999,1.6172711184481159e-05,0.18003478933127173,473.7777987374252,0.020215760277452761,0.0045155652193097258,0.015700195058143036,0.77663144213546742,0.035515588448998006,0.015404946757888244,0.97978423972254713,0.99548443478069015,0.036248376947821924,0.015474824336436788,0.57308917972486961,0.1046070973176101,0.057097401275187067,0.047509696042423034,0.57308917972486961,0.67486031093016852,0,assignment_airtime,0,0
15,primary_base,deadline_value,deadline_value_per_cost,1,p_frames_only,0.20000000000000001,1.4744059626536909e-05,0.20003865481252417,521.0351254728339,0.020215760277452761,0.0041207732697293824,0.016094987007723379,0.79616036136294099,0.035515588448998006,0.014493296248269345,0.97978423972254713,0.99587922673027052,0.036248376947821924,0.014553266961752572,0.59851259043400995,0.1046070973176101,0.054009612141903661,0.05059748517570644,0.59851259043400995,0.69733647589847547,0,action_fraction+assignment_airtime,0,0
16,primary_base,deadline_value,deadline_value,0,all_frames,0.050000000000000003,0.12894336879253387,0.05005798221878624,149.49894412800137,0.020215760277452761,0.0082480119104943912,0.01196774836695837,0.59200090437886499,0.035515588448998006,0.026964853798585736,0.97978423972254713,0.99175198808950549,0.036248376947821924,0.027189109900883971,0.24992200505910658,0.1046070973176101,0.082143942554392058,0.02246315476321804,0.24992200505910658,0.42096145471898577,0,completed_late18_improvement,0,0
17,primary_base,deadline_value,deadline_value,0,all_frames,0.074999999999999997,0.097016878426074982,0.07508697332817936,212.16678390229691,0.020215760277452761,0.0068487256343982249,0.013367034643054537,0.66121849782534214,0.035515588448998006,0.024833378502101267,0.97978423972254713,0.99315127436560169,0.036248376947821924,0.025004628341200246,0.31018626358930773,0.1046070973176101,0.078260457497003846,0.026346639820606255,0.31018626358930773,0.48570238070732497,0,completed_late18_improvement,0,0
18,primary_base,deadline_value,deadline_value,0,all_frames,0.10000000000000001,0.069566607475280762,0.10001932740626208,274.73696883504232,0.020215760277452761,0.0054048327748059139,0.014810927502646848,0.73264261642268858,0.035515588448998006,0.022853735270786879,0.97978423972254713,0.99459516722519403,0.036248376947821924,0.02297792712440597,0.36609776604669031,0.1046070973176101,0.072483579225364261,0.03212351809224584,0.36609776604669031,0.54937019123468944,0,completed_late18_improvement,0,0
19,primary_base,deadline_value,deadline_value,0,all_frames,0.125,0.053201131522655487,0.1250483185156552,352.91756368239209,0.020215760277452761,0.0047150535819422169,0.015500706695510545,0.76676347971928338,0.035515588448998006,0.020841466745877734,0.97978423972254713,0.99528494641805765,0.036248376947821924,0.020940200915209584,0.42231341984353787,0.1046070973176101,0.067080161652871506,0.037526935664738588,0.42231341984353787,0.59453844978141057,0,completed_late18_improvement,0,0
20,primary_base,deadline_value,deadline_value,0,all_frames,0.14999999999999999,0.044554043561220169,0.15007730962504831,436.18073266829384,0.020215760277452761,0.0043304249579969173,0.015885335319455844,0.7857896562600829,0.035515588448998006,0.019310639830563314,0.97978423972254713,0.99566957504200293,0.036248376947821924,0.019394626806537384,0.46495185606640632,0.1046070973176101,0.063681865473359078,0.040925231844251016,0.46495185606640632,0.62537075616324467,0,assignment_airtime+completed_late18_improvement,0,0
21,primary_base,deadline_value,deadline_value,0,all_frames,0.16500000000000001,0.040284249931573868,0.16544259760340163,478.20903258790145,0.020215760277452761,0.0041208987861749494,0.016094861491277812,0.79615415252172783,0.035515588448998006,0.017820710958495346,0.97978423972254713,0.99587910121382495,0.036248376947821924,0.017894452184782885,0.50633783657289744,0.1046070973176101,0.060358978884390277,0.044248118433219824,0.50633783657289744,0.65124599454731258,0,assignment_airtime,0,0
22,primary_base,deadline_value,deadline_value,0,all_frames,0.17999999999999999,0.03785991296172142,0.18003478933127173,517.37734822063157,0.020215760277452761,0.0040073698285796738,0.016208390448873088,0.80177001638423595,0.035515588448998006,0.016023934075743446,0.97978423972254713,0.99599263017142026,0.036248376947821924,0.016088406269618247,0.55616202367413969,0.1046070973176101,0.057675141650533522,0.046931955667076579,0.55616202367413969,0.67896602002918782,0,assignment_airtime,0,0
23,primary_base,deadline_value,deadline_value,0,all_frames,0.20000000000000001,0.034592326730489731,0.20003865481252417,587.98906561190734,0.020215760277452761,0.003567992740784582,0.016647767536668179,0.82350439994264923,0.035515588448998006,0.014754078890047918,0.97978423972254713,0.99643200725921532,0.036248376947821924,0.014806909836859285,0.59151523230479441,0.1046070973176101,0.054710616280378793,0.049896481037231308,0.59151523230479441,0.70750981612372188,0,action_fraction+assignment_airtime,0,0
24,primary_base,deadline_value,deadline_value,0,p_frames_only,0.050000000000000003,0.12173745036125183,0.05005798221878624,117.28142949953923,0.020215760277452761,0.0085214232722659548,0.011694337005186807,0.57847624055128155,0.035515588448998006,0.025794855994526966,0.97978423972254713,0.99147857672773398,0.036248376947821924,0.026016554063790318,0.28226982131530753,0.1046070973176101,0.07988487845361375,0.024722218863996354,0.28226982131530753,0.43037303093329454,0,completed_late18_improvement,0,0
25,primary_base,deadline_value,deadline_value,0,p_frames_only,0.074999999999999997,0.091279424726963043,0.07508697332817936,184.42930247767714,0.020215760277452761,0.0072404642564366569,0.012975296021016105,0.6418406155858426,0.035515588448998006,0.023324716418889689,0.97978423972254713,0.99275953574356324,0.036248376947821924,0.023494829894955174,0.35183774079664221,0.1046070973176101,0.076030665869544614,0.028576431448065483,0.35183774079664221,0.4968391781912424,0,completed_late18_improvement,0,0
26,primary_base,deadline_value,deadline_value,0,p_frames_only,0.10000000000000001,0.063288301229476929,0.10001932740626208,229.0229713955697,0.020215760277452761,0.0060225515356304941,0.014193208741822267,0.70208632012976402,0.035515588448998006,0.021728513459235502,0.97978423972254713,0.99397744846436942,0.036248376947821924,0.021860167444245987,0.39693389649658478,0.1046070973176101,0.070867905021812824,0.033739192295797277,0.39693389649658478,0.54951010831317437,0,completed_late18_improvement,0,0
27,primary_base,deadline_value,deadline_value,0,p_frames_only,0.125,0.050355535000562668,0.1250483185156552,299.73621470020367,0.020215760277452761,0.0052817489289833913,0.01493401134846937,0.73873112579029332,0.035515588448998006,0.020140748168341174,0.97978423972254713,0.99471825107101652,0.036248376947821924,0.020247691390658171,0.44141798625069734,0.1046070973176101,0.065859692706726869,0.038747404610883239,0.44141798625069734,0.5900745560204953,0,completed_late18_improvement,0,0
28,primary_base,deadline_value,deadline_value,0,p_frames_only,0.14999999999999999,0.04203709214925766,0.15007730962504831,387.78683645445358,0.020215760277452761,0.0049514110930948801,0.015264349184357881,0.75507173486730861,0.035515588448998006,0.01862390100474812,0.97978423972254713,0.99504858890690506,0.036248376947821924,0.018716574459149891,0.48365758593573321,0.1046070973176101,0.062521631437410005,0.042085465880200096,0.48365758593573321,0.61936466040152094,0,completed_late18_improvement,0,0
29,primary_base,deadline_value,deadline_value,0,p_frames_only,0.16500000000000001,0.03937125951051712,0.16505604947816002,419.64059299101388,0.020215760277452761,0.0048688645770377202,0.015346895700415041,0.75915501023881304,0.035515588448998006,0.016521380511378209,0.97978423972254713,0.99513113542296217,0.036248376947821924,0.016602214445190784,0.54198737038381051,0.1046070973176101,0.059288155682203865,0.045318941635406236,0.54198737038381051,0.65057119031131183,0,assignment_airtime,0,0
30,primary_base,deadline_value,deadline_value,0,p_frames_only,0.17999999999999999,0.036568664014339447,0.18003478933127173,473.89181805122331,0.020215760277452761,0.0045125179917582525,0.015703242285694509,0.77678217737914124,0.035515588448998006,0.015314640270801858,0.97978423972254713,0.99548748200824166,0.036248376947821924,0.015384061123407544,0.57559310460845514,0.1046070973176101,0.056993535404872252,0.047613561912737849,0.57559310460845514,0.67618764099379813,0,assignment_airtime,0,0
31,primary_base,deadline_value,deadline_value,0,p_frames_only,0.20000000000000001,0.033535372465848923,0.20052183996907616,534.0392222311666,0.020215760277452761,0.0042253837566500786,0.015990376520802683,0.79098566174813745,0.035515588448998006,0.014609252953903584,0.97978423972254713,0.99577461624334984,0.036248376947821924,0.014671244592494552,0.59525788937768942,0.1046070973176101,0.054431325861936858,0.050175771455673243,0.59525788937768942,0.69312177556291343,0,action_fraction+assignment_airtime,0,0
32,primary_base,completed_late18_value,completed_late18_value_per_cost,1,all_frames,0.050000000000000003,5.9515652537811548e-05,0.05005798221878624,106.90476575695087,0.020215760277452761,0.01012193053533611,0.010093829742116651,0.49930497807567492,0.035515588448998006,0.025321908381074891,0.97978423972254713,0.98987806946466372,0.036248376947821924,0.025580835824324546,0.29429017301527383,0.1046070973176101,0.080365108738001886,0.024241988579608218,0.29429017301527383,0.39679757554547435,0,deadline_improvement+completed_late18_improvement,0,0
33,primary_base,completed_late18_value,completed_late18_value_per_cost,1,all_frames,0.074999999999999997,4.6204942918848246e-05,0.07508697332817936,183.02366280779356,0.020215760277452761,0.0089540141285179738,0.011261746148934788,0.55707754714005731,0.035515588448998006,0.023133905596701629,0.97978423972254713,0.99104598587148196,0.036248376947821924,0.023342918418017399,0.35602858986986952,0.1046070973176101,0.074064403815239613,0.030542693502370488,0.35602858986986952,0.45655306850496341,0,completed_late18_improvement,0,0
34,primary_base,completed_late18_value,completed_late18_value_per_cost,1,all_frames,0.10000000000000001,4.1533796320436522e-05,0.10001932740626208,254.2332291435921,0.020215760277452761,0.0079309805803221313,0.01228477969713063,0.60768328910351244,0.035515588448998006,0.020995678243297483,0.97978423972254713,0.99206901941967773,0.036248376947821924,0.021163525755072111,0.41615245875598367,0.1046070973176101,0.070016484742383103,0.034590612575226998,0.41615245875598367,0.51191787392974808,0,completed_late18_improvement,0,0
35,primary_base,completed_late18_value,completed_late18_value_per_cost,1,all_frames,0.125,3.8897695048945025e-05,0.1250483185156552,320.2670947505074,0.020215760277452761,0.006521511711903313,0.013694248565549448,0.67740457828949674,0.035515588448998006,0.018705231920131769,0.97978423972254713,0.9934784882880966,0.036248376947821924,0.018828019066989079,0.48058311427043332,0.1046070973176101,0.063488555777165168,0.041118541540444933,0.48058311427043332,0.57899384627996509,0,completed_late18_improvement,0,0
36,primary_base,completed_late18_value,completed_late18_value_per_cost,1,all_frames,0.14999999999999999,3.6493387597147375e-05,0.15007730962504831,383.71975153059924,0.020215760277452761,0.0054206516669582563,0.014795108610494505,0.73186011346780411,0.035515588448998006,0.016733156842506633,0.97978423972254713,0.99457934833304162,0.036248376947821924,0.016824355814900171,0.53585905821057445,0.1046070973176101,0.05989465101651148,0.044712446301098621,0.53585905821057445,0.63385958583918933,1,,0,0
37,primary_base,completed_late18_value,completed_late18_value_per_cost,1,all_frames,0.16500000000000001,3.4877819416578859e-05,0.16505604947816002,417.77466922011962,0.020215760277452761,0.004969447729459793,0.015246312547992968,0.75417952818710632,0.035515588448998006,0.015426984378121299,0.97978423972254713,0.99503055227054005,0.036248376947821924,0.015504030849021445,0.57228344675021248,0.1046070973176101,0.057216708777209704,0.047390388540400397,0.57228344675021248,0.66323148746865934,0,assignment_airtime,0,0
38,primary_base,completed_late18_value,completed_late18_value_per_cost,1,all_frames,0.17999999999999999,3.3008138416334987e-05,0.18003478933127173,453.95017766148743,0.020215760277452761,0.0046735779508382241,0.015542182326614537,0.76881512806368191,0.035515588448998006,0.013645495439123898,0.97978423972254713,0.99532642204916166,0.036248376947821924,0.013709568174660507,0.62178808186653778,0.1046070973176101,0.053125689845271995,0.051481407472338106,0.62178808186653778,0.69530160496510984,0,assignment_airtime,0,0
39,primary_base,completed_late18_value,completed_late18_value_per_cost,1,all_frames,0.20000000000000001,3.0574738048017025e-05,0.20003865481252417,511.47151465944529,0.020215760277452761,0.0040653933527084844,0.016150366924744277,0.79889980406807959,0.035515588448998006,0.012279212157229935,0.97978423972254713,0.99593460664729139,0.036248376947821924,0.012329335756859183,0.65986516376700766,0.1046070973176101,0.04942449012857373,0.055182607189036371,0.65986516376700766,0.72938248391754357,0,action_fraction+assignment_airtime,0,0
40,primary_base,completed_late18_value,completed_late18_value_per_cost,1,p_frames_only,0.050000000000000003,5.9515652537811548e-05,0.05005798221878624,106.90476575695087,0.020215760277452761,0.01012193053533611,0.010093829742116651,0.49930497807567492,0.035515588448998006,0.025321908381074891,0.97978423972254713,0.98987806946466372,0.036248376947821924,0.025580835824324546,0.29429017301527383,0.1046070973176101,0.080365108738001886,0.024241988579608218,0.29429017301527383,0.39679757554547435,0,deadline_improvement+completed_late18_improvement,0,0
41,primary_base,completed_late18_value,completed_late18_value_per_cost,1,p_frames_only,0.074999999999999997,4.6204942918848246e-05,0.07508697332817936,183.02366280779356,0.020215760277452761,0.0089540141285179738,0.011261746148934788,0.55707754714005731,0.035515588448998006,0.023133905596701629,0.97978423972254713,0.99104598587148196,0.036248376947821924,0.023342918418017399,0.35602858986986952,0.1046070973176101,0.074064403815239613,0.030542693502370488,0.35602858986986952,0.45655306850496341,0,completed_late18_improvement,0,0
42,primary_base,completed_late18_value,completed_late18_value_per_cost,1,p_frames_only,0.10000000000000001,4.1533796320436522e-05,0.10001932740626208,254.2332291435921,0.020215760277452761,0.0079309805803221313,0.01228477969713063,0.60768328910351244,0.035515588448998006,0.020995678243297483,0.97978423972254713,0.99206901941967773,0.036248376947821924,0.021163525755072111,0.41615245875598367,0.1046070973176101,0.070016484742383103,0.034590612575226998,0.41615245875598367,0.51191787392974808,0,completed_late18_improvement,0,0
43,primary_base,completed_late18_value,completed_late18_value_per_cost,1,p_frames_only,0.125,3.8897695048945025e-05,0.1250483185156552,320.2670947505074,0.020215760277452761,0.006521511711903313,0.013694248565549448,0.67740457828949674,0.035515588448998006,0.018705231920131769,0.97978423972254713,0.9934784882880966,0.036248376947821924,0.018828019066989079,0.48058311427043332,0.1046070973176101,0.063488555777165168,0.041118541540444933,0.48058311427043332,0.57899384627996509,0,completed_late18_improvement,0,0
44,primary_base,completed_late18_value,completed_late18_value_per_cost,1,p_frames_only,0.14999999999999999,3.6493387597147375e-05,0.15007730962504831,383.71975153059924,0.020215760277452761,0.0054206516669582563,0.014795108610494505,0.73186011346780411,0.035515588448998006,0.016733156842506633,0.97978423972254713,0.99457934833304162,0.036248376947821924,0.016824355814900171,0.53585905821057445,0.1046070973176101,0.05989465101651148,0.044712446301098621,0.53585905821057445,0.63385958583918933,1,,0,0
45,primary_base,completed_late18_value,completed_late18_value_per_cost,1,p_frames_only,0.16500000000000001,3.4877819416578859e-05,0.16505604947816002,417.77466922011962,0.020215760277452761,0.004969447729459793,0.015246312547992968,0.75417952818710632,0.035515588448998006,0.015426984378121299,0.97978423972254713,0.99503055227054005,0.036248376947821924,0.015504030849021445,0.57228344675021248,0.1046070973176101,0.057216708777209704,0.047390388540400397,0.57228344675021248,0.66323148746865934,0,assignment_airtime,0,0
46,primary_base,completed_late18_value,completed_late18_value_per_cost,1,p_frames_only,0.17999999999999999,3.2957726944005117e-05,0.18003478933127173,452.17396212916856,0.020215760277452761,0.0048742145623029958,0.015341545715149766,0.75889036596168225,0.035515588448998006,0.013737194937241189,0.97978423972254713,0.99512578543769692,0.036248376947821924,0.013804480939260367,0.6191696814692873,0.1046070973176101,0.053340499110245736,0.051266598207364365,0.6191696814692873,0.68903002371548472,0,assignment_airtime,0,0
47,primary_base,completed_late18_value,completed_late18_value_per_cost,1,p_frames_only,0.20000000000000001,3.0556817364413291e-05,0.20003865481252417,509.05648071307542,0.020215760277452761,0.0042596637583901635,0.015956096519062598,0.78928995496938625,0.035515588448998006,0.012252830856612155,0.97978423972254713,0.99574033624160974,0.036248376947821924,0.012305247071601093,0.66052970897665297,0.1046070973176101,0.049485543844566576,0.055121553473043525,0.66052970897665297,0.72490983197301961,0,action_fraction+assignment_airtime,0,0
48,primary_base,completed_late18_value,completed_late18_value,0,all_frames,0.050000000000000003,0.14196883141994476,0.05005798221878624,163.19555403030628,0.020215760277452761,0.0097594586621004321,0.010456301615352329,0.51723514089225486,0.035515588448998006,0.025760187133719574,0.97978423972254713,0.9902405413378994,0.036248376947821924,0.026014070378208676,0.28233833984746737,0.1046070973176101,0.079401217253468798,0.025205880064141296,0.28233833984746737,0.39978674036986112,0,completed_late18_improvement,0,0
49,primary_base,completed_late18_value,completed_late18_value,0,all_frames,0.074999999999999997,0.11709171533584595,0.07508697332817936,248.78195922656485,0.020215760277452761,0.008100186528022647,0.012115573749430114,0.59931328741283973,0.035515588448998006,0.023075513928068159,0.97978423972254713,0.9918998134719772,0.036248376947821924,0.023263956313587995,0.35820695235332822,0.1046070973176101,0.073084522590806361,0.031522574726803733,0.35820695235332822,0.47876011988308398,0,completed_late18_improvement,0,0
50,primary_base,completed_late18_value,completed_late18_value,0,all_frames,0.10000000000000001,0.098558157682418823,0.10001932740626208,326.30907839364716,0.020215760277452761,0.0076264092414177545,0.012589351036035007,0.62274932346107625,0.035515588448998006,0.021335148713619974,0.97978423972254713,0.99237359075858211,0.036248376947821924,0.021499109722691364,0.40689455548207126,0.1046070973176101,0.068906260389346746,0.035700836928263362,0.40689455548207126,0.51482193947157373,0,completed_late18_improvement,0,0
51,primary_base,completed_late18_value,completed_late18_value,0,all_frames,0.125,0.091339714825153351,0.1250483185156552,403.16191226524279,0.020215760277452761,0.0062728749443191588,0.013942885333133603,0.6897037332147492,0.035515588448998006,0.01920865744637414,0.97978423972254713,0.99372712505568073,0.036248376947821924,0.019329911564301756,0.46673718406409248,0.1046070973176101,0.063943270760982482,0.040663826556627619,0.46673718406409248,0.57822045863942084,0,assignment_airtime+completed_late18_improvement,0,0
52,primary_base,completed_late18_value,completed_late18_value,0,all_frames,0.14999999999999999,0.086102701723575592,0.15007730962504831,473.94005687699638,0.020215760277452761,0.0049349943514816023,0.015280765925971159,0.75588381125661896,0.035515588448998006,0.017085682025155539,0.97978423972254713,0.9950650056485183,0.036248376947821924,0.0171704179407055,0.52631208935446616,0.1046070973176101,0.058585972594947258,0.046021124722662843,0.52631208935446616,0.64109795030554251,0,assignment_airtime,0,0
53,primary_base,completed_late18_value,completed_late18_value,0,all_frames,0.16500000000000001,0.082985691726207733,0.16505604947816002,519.49099268497264,0.020215760277452761,0.0044532757448611966,0.015762484532591565,0.77971267546993683,0.035515588448998006,0.015630295239257679,0.97978423972254713,0.99554672425513868,0.036248376947821924,0.0157002126152865,0.56687129363374467,0.1046070973176101,0.057039505563336527,0.047567591754273574,0.56687129363374467,0.67329198455184081,0,assignment_airtime,0,0
54,primary_base,completed_late18_value,completed_late18_value,0,all_frames,0.17999999999999999,0.079294458031654358,0.18003478933127173,550.63251319390019,0.020215760277452761,0.0039073389426354799,0.016308421334817282,0.80671817982559624,0.035515588448998006,0.014549014222325022,0.97978423972254713,0.99609266105736438,0.036248376947821924,0.014606085147621775,0.59705547178990537,0.1046070973176101,0.054354882945277634,0.050252214372332467,0.59705547178990537,0.70188682580775086,0,assignment_airtime,0,0
55,primary_base,completed_late18_value,completed_late18_value,0,all_frames,0.20000000000000001,0.074107781052589417,0.20003865481252417,594.96685971344971,0.020215760277452761,0.0036217506536833158,0.016594009623769446,0.82084519187127669,0.035515588448998006,0.011795493105771403,0.97978423972254713,0.99637824934631658,0.036248376947821924,0.011838368725441315,0.67340968831564052,0.1046070973176101,0.049653024065953948,0.054954073251656153,0.67340968831564052,0.74712744009345866,0,action_fraction+assignment_airtime,0,0
56,primary_base,completed_late18_value,completed_late18_value,0,p_frames_only,0.050000000000000003,0.13356289267539978,0.05005798221878624,114.49928356018432,0.020215760277452761,0.0095885601665208365,0.010627200110931925,0.52568886675930548,0.035515588448998006,0.025125566261581175,0.97978423972254713,0.99041143983347901,0.036248376947821924,0.025368816686735379,0.30013923869604514,0.1046070973176101,0.079053382837429562,0.025553714480180539,0.30013923869604514,0.41291405272767534,0,completed_late18_improvement,0,0
57,primary_base,completed_late18_value,completed_late18_value,0,p_frames_only,0.074999999999999997,0.103651262819767,0.07508697332817936,187.24006347719379,0.020215760277452761,0.0087461266015643451,0.011469633675888416,0.56736098561085724,0.035515588448998006,0.022710843306239629,0.97978423972254713,0.99125387339843551,0.036248376947821924,0.022911227805221378,0.36793782965231336,0.1046070973176101,0.073102163311591709,0.031504934006018392,0.36793782965231336,0.4676494076315853,0,completed_late18_improvement,0,0
58,primary_base,completed_late18_value,completed_late18_value,0,p_frames_only,0.10000000000000001,0.094123125076293945,0.10001932740626208,255.49489049885881,0.020215760277452761,0.007970520439954944,0.012245239837497817,0.60572739632035,0.035515588448998006,0.021111321340656561,0.97978423972254713,0.99202947956004495,0.036248376947821924,0.021280941520023397,0.41291325813962776,0.1046070973176101,0.068848962402891345,0.035758134914718749,0.41291325813962776,0.50932032722998888,0,completed_late18_improvement,0,0
59,primary_base,completed_late18_value,completed_late18_value,0,p_frames_only,0.125,0.088389165699481964,0.1250483185156552,327.60117246345317,0.020215760277452761,0.0063425891355469426,0.013873171141905819,0.68625522619492962,0.035515588448998006,0.018819059312627125,0.97978423972254713,0.99365741086445292,0.036248376947821924,0.018939182767484311,0.47751639212021824,0.1046070973176101,0.063541018507846117,0.041066078809763984,0.47751639212021824,0.58188580915757393,0,completed_late18_improvement,0,0
60,primary_base,completed_late18_value,completed_late18_value,0,p_frames_only,0.14999999999999999,0.082990601658821106,0.15007730962504831,394.93635223929994,0.020215760277452761,0.0053174380542919814,0.01489832222316078,0.7369657148030847,0.035515588448998006,0.016680805863076902,0.97978423972254713,0.99468256194570792,0.036248376947821924,0.016769979188583965,0.53735917024026558,0.1046070973176101,0.059246857372752759,0.045360239944857342,0.53735917024026558,0.63716244252167509,1,,0,0
61,primary_base,completed_late18_value,completed_late18_value,0,p_frames_only,0.16500000000000001,0.079249955713748932,0.16505604947816002,423.36517194652419,0.020215760277452761,0.004766981432038183,0.015448778845414578,0.76419479818649516,0.035515588448998006,0.015581214365694488,0.97978423972254713,0.99523301856796176,0.036248376947821924,0.015655845490450324,0.5680952691209793,0.1046070973176101,0.056568516287360919,0.048038581030249182,0.5680952691209793,0.66614503365373723,0,assignment_airtime,0,0
62,primary_base,completed_late18_value,completed_late18_value,0,p_frames_only,0.17999999999999999,0.074973471462726593,0.18003478933127173,458.3235265288904,0.020215760277452761,0.0045754584464512103,0.015640301831001551,0.7736687424239812,0.035515588448998006,0.013818325207303906,0.97978423972254713,0.99542454155354865,0.036248376947821924,0.013881840993931886,0.61703551544075375,0.1046070973176101,0.053002503978670068,0.051604593338940033,0.61703551544075375,0.69535212893236742,0,assignment_airtime,0,0
63,primary_base,completed_late18_value,completed_late18_value,0,p_frames_only,0.20000000000000001,0.069463521242141724,0.20003865481252417,512.6623731574042,0.020215760277452761,0.004156751819104753,0.016059008458348008,0.79438063362173417,0.035515588448998006,0.012380735830565624,0.97978423972254713,0.9958432481808952,0.036248376947821924,0.012432414291286794,0.65702149066749238,0.1046070973176101,0.049500558229438683,0.055106539088171418,0.65702149066749238,0.72570106214461327,0,action_fraction+assignment_airtime,0,0
64,primary_base,balanced_normalized_value,balanced_normalized_value_per_cost,1,all_frames,0.050000000000000003,0.0015159283066168427,0.05005798221878624,115.17709790984549,0.020215760277452761,0.0086990514157074608,0.011516708861745301,0.56968962352557317,0.035515588448998006,0.025418094881737879,0.97978423972254713,0.99130094858429241,0.036248376947821924,0.025641148551343817,0.29262629915118088,0.1046070973176101,0.080654485851019642,0.023952611466590456,0.29262629915118088,0.43115796133837703,0,completed_late18_improvement,0,0
65,primary_base,balanced_normalized_value,balanced_normalized_value_per_cost,1,all_frames,0.074999999999999997,0.0012459402205422521,0.07508697332817936,180.4451863487275,0.020215760277452761,0.0071677771169889621,0.013047983160463799,0.64543618352145793,0.035515588448998006,0.02318085193919768,0.97978423972254713,0.99283222288301087,0.036248376947821924,0.023348206680766814,0.3558827002274994,0.1046070973176101,0.075459748365794679,0.029147348951815418,0.3558827002274994,0.50065944187447864,0,completed_late18_improvement,0,0
66,primary_base,balanced_normalized_value,balanced_normalized_value_per_cost,1,all_frames,0.10000000000000001,0.0010296482359990478,0.10001932740626208,234.78631558272764,0.020215760277452761,0.0057556644464319563,0.014460095831020805,0.71528825196589707,0.035515588448998006,0.021181991473852996,0.97978423972254713,0.99424433555356795,0.036248376947821924,0.021304613681363792,0.41226020375944217,0.1046070973176101,0.069561246824622114,0.035045850492987987,0.41226020375944217,0.56377422786266962,0,completed_late18_improvement,0,0
67,primary_base,balanced_normalized_value,balanced_normalized_value_per_cost,1,all_frames,0.125,0.00086099549662321806,0.1250483185156552,304.9036153291309,0.020215760277452761,0.0050234692455606265,0.015192291031892135,0.75150728062582683,0.035515588448998006,0.019364108169743474,0.97978423972254713,0.99497653075443926,0.036248376947821924,0.019461874296734086,0.46309666982472986,0.1046070973176101,0.064455470497901263,0.040151626819708838,0.46309666982472986,0.6073019752252784,0,completed_late18_improvement,0,0
68,primary_base,balanced_normalized_value,balanced_normalized_value_per_cost,1,all_frames,0.14999999999999999,0.00075560243567451835,0.15007730962504831,395.56402823883479,0.020215760277452761,0.0044058362777822588,0.015809923999670503,0.78205933304936248,0.035515588448998006,0.019822998184666887,0.97978423972254713,0.99559416372221765,0.036248376947821924,0.019910721564050604,0.45071412182919846,0.1046070973176101,0.061790720676562272,0.042816376641047829,0.45071412182919846,0.61638672743928047,0,completed_late18_improvement,0,0
69,primary_base,balanced_normalized_value,balanced_normalized_value_per_cost,1,all_frames,0.16500000000000001,0.00070533552207052708,0.16505604947816002,437.16871622226074,0.020215760277452761,0.0039735986763466159,0.016242161601106146,0.80344055223198863,0.035515588448998006,0.018368025866480092,0.97978423972254713,0.99602640132365328,0.036248376947821924,0.018441304208472988,0.49125158803610708,0.1046070973176101,0.058271543809406884,0.046335553508203217,0.49125158803610708,0.64734607013404788,0,assignment_airtime+completed_late18_improvement,0,0
70,primary_base,balanced_normalized_value,balanced_normalized_value_per_cost,1,all_frames,0.17999999999999999,0.000657995929941535,0.18003478933127173,481.1172879589484,0.020215760277452761,0.0037394946502332903,0.016476265627219471,0.8150208253901754,0.035515588448998006,0.015718040322432916,0.97978423972254713,0.99626050534976662,0.036248376947821924,0.015777038473400725,0.56475186472180161,0.1046070973176101,0.055554967049716651,0.04905213026789345,0.56475186472180161,0.68988634505598845,0,assignment_airtime,0,0
71,primary_base,balanced_normalized_value,balanced_normalized_value_per_cost,1,all_frames,0.20000000000000001,0.0006033774116076529,0.20003865481252417,543.03770859335293,0.020215760277452761,0.00316073740113108,0.017055022876321681,0.84364983766371904,0.035515588448998006,0.014670187371951693,0.97978423972254713,0.99683926259886879,0.036248376947821924,0.014716703005562715,0.59400380803954855,0.1046070973176101,0.052713045477747515,0.051894051839862586,0.59400380803954855,0.7188268228516338,0,action_fraction+assignment_airtime,0,0
72,primary_base,balanced_normalized_value,balanced_normalized_value_per_cost,1,p_frames_only,0.050000000000000003,0.0015139940660446882,0.05005798221878624,114.51532609540158,0.020215760277452761,0.0088000692034838849,0.011415691073968877,0.56469264164658384,0.035515588448998006,0.025414382835665703,0.97978423972254713,0.99119993079651603,0.036248376947821924,0.025640016757510282,0.29265752244802434,0.1046070973176101,0.080614246035921044,0.02399285128168905,0.29265752244802434,0.42867508204730409,0,completed_late18_improvement,0,0
73,primary_base,balanced_normalized_value,balanced_normalized_value_per_cost,1,p_frames_only,0.074999999999999997,0.0012451683869585395,0.07508697332817936,179.22024410434543,0.020215760277452761,0.0073702977552303414,0.01284546252222242,0.63541822547971871,0.035515588448998006,0.02317430100741761,0.97978423972254713,0.99262970224476954,0.036248376947821924,0.023346370711062128,0.35593334993541126,0.1046070973176101,0.075592125731602511,0.029014971586007583,0.35593334993541126,0.49567578770756499,0,completed_late18_improvement,0,0
74,primary_base,balanced_normalized_value,balanced_normalized_value_per_cost,1,p_frames_only,0.10000000000000001,0.001025523291900754,0.10001932740626208,232.30087496183972,0.020215760277452761,0.0059451670918611935,0.014270593185591568,0.70591424659442492,0.035515588448998006,0.021352084739968406,0.97978423972254713,0.99405483290813867,0.036248376947821924,0.021479785654783461,0.4074276570864746,0.1046070973176101,0.069753084975466811,0.034854012342143283,0.4074276570864746,0.55667095184044979,0,completed_late18_improvement,0,0
75,primary_base,balanced_normalized_value,balanced_normalized_value_per_cost,1,p_frames_only,0.125,0.00085836381185799837,0.1250483185156552,308.87314425392486,0.020215760277452761,0.0052061567698452101,0.015009603507607551,0.74247039446486751,0.035515588448998006,0.01979764872556608,0.97978423972254713,0.99479384323015463,0.036248376947821924,0.019901257793556441,0.45097520304968414,0.1046070973176101,0.06504935433769915,0.039557742979910958,0.45097520304968414,0.59672279875727585,0,completed_late18_improvement,0,0
76,primary_base,balanced_normalized_value,balanced_normalized_value_per_cost,1,p_frames_only,0.14999999999999999,0.00075060816016048193,0.15007730962504831,384.73344422119277,0.020215760277452761,0.0045461424615213311,0.01566961781593143,0.7751188973787061,0.035515588448998006,0.018132981671158125,0.97978423972254713,0.99545385753847859,0.036248376947821924,0.018215793262378519,0.49747285820274328,0.1046070973176101,0.060407072259094474,0.044200025058515627,0.49747285820274328,0.63629587779072472,0,completed_late18_improvement,0,0
77,primary_base,balanced_normalized_value,balanced_normalized_value_per_cost,1,p_frames_only,0.16500000000000001,0.00070004374720156193,0.16505604947816002,424.17826913601476,0.020215760277452761,0.0043121070854553918,0.01590365319199737,0.78669577466919149,0.035515588448998006,0.016751382286116775,0.97978423972254713,0.99568789291454451,0.036248376947821924,0.01682392886899798,0.53587083655592782,0.1046070973176101,0.057389273835930017,0.047217823481680084,0.53587083655592782,0.66128330561255966,0,assignment_airtime,0,0
78,primary_base,balanced_normalized_value,balanced_normalized_value_per_cost,1,p_frames_only,0.17999999999999999,0.0006534663843922317,0.18003478933127173,468.42968907576187,0.020215760277452761,0.0041768611518516394,0.016038899125601122,0.79338589820387728,0.035515588448998006,0.01417042489760461,0.97978423972254713,0.99582313884814821,0.036248376947821924,0.014229861051426563,0.60743453225754429,0.1046070973176101,0.054870628808317522,0.049736468509292579,0.60743453225754429,0.70041021523071079,0,assignment_airtime,0,0
79,primary_base,balanced_normalized_value,balanced_normalized_value_per_cost,1,p_frames_only,0.20000000000000001,0.00059605913702398539,0.20003865481252417,519.86416474639293,0.020215760277452761,0.00381421551297733,0.016401544764475431,0.81132465657344399,0.035515588448998006,0.013269958436233898,0.97978423972254713,0.99618578448702255,0.036248376947821924,0.013320766711268773,0.63251411972338856,0.1046070973176101,0.05158831269910541,0.053018784618504691,0.63251411972338856,0.72191938814841627,0,action_fraction+assignment_airtime,0,0
80,primary_base,balanced_normalized_value,balanced_normalized_value,0,all_frames,0.050000000000000003,3.7354805469512939,0.05005798221878624,151.56419799455639,0.020215760277452761,0.0082676567129490383,0.011948103564503723,0.5910291475819387,0.035515588448998006,0.026505944998569675,0.97978423972254713,0.99173234328705084,0.036248376947821924,0.026726913948089008,0.2626728091422873,0.1046070973176101,0.080196326277316571,0.024410771040293537,0.2626728091422873,0.426850978362113,0,completed_late18_improvement,0,0
81,primary_base,balanced_normalized_value,balanced_normalized_value,0,all_frames,0.074999999999999997,2.951596736907959,0.07508697332817936,226.22041385094735,0.020215760277452761,0.0066528209437735995,0.013562939333679162,0.67090918904525754,0.035515588448998006,0.023752421248191893,0.97978423972254713,0.99334717905622627,0.036248376947821924,0.023911500177368941,0.34034287350883102,0.1046070973176101,0.075554130440007028,0.02905296687760307,0.34034287350883102,0.50562603127704431,0,completed_late18_improvement,0,0
82,primary_base,balanced_normalized_value,balanced_normalized_value,0,all_frames,0.10000000000000001,2.4757523536682129,0.10001932740626208,285.40380619028753,0.020215760277452761,0.0054293415847096477,0.014786418692743114,0.73143025490042268,0.035515588448998006,0.021754402355319148,0.97978423972254713,0.99457065841529024,0.036248376947821924,0.021873159208197192,0.39657548696089973,0.1046070973176101,0.070612241536339423,0.033994855781270678,0.39657548696089973,0.56400287093066126,0,completed_late18_improvement,0,0
83,primary_base,balanced_normalized_value,balanced_normalized_value,0,all_frames,0.125,2.0743868350982666,0.1250483185156552,362.08257885259309,0.020215760277452761,0.0045367834855420362,0.015678976791910725,0.77558185181874928,0.035515588448998006,0.01999268987621565,0.97978423972254713,0.9954632165144579,0.036248376947821924,0.020083805754489453,0.44593917174831632,0.1046070973176101,0.065458255414345176,0.039148841903264925,0.44593917174831632,0.61076051178353286,0,completed_late18_improvement,0,0
84,primary_base,balanced_normalized_value,balanced_normalized_value,0,all_frames,0.14999999999999999,1.8057204484939575,0.15007730962504831,454.77713974119325,0.020215760277452761,0.0037501330741944172,0.016465627203258344,0.81449458132044372,0.035515588448998006,0.018575476853465046,0.97978423972254713,0.99624986692580553,0.036248376947821924,0.018645399583123289,0.48562111870656749,0.1046070973176101,0.060486011316062349,0.044121086001547752,0.48562111870656749,0.65005785001350558,0,assignment_airtime+completed_late18_improvement,0,0
85,primary_base,balanced_normalized_value,balanced_normalized_value,0,all_frames,0.16500000000000001,1.6897242069244385,0.16505604947816002,495.70283332142225,0.020215760277452761,0.0035967015491759867,0.016619058728276775,0.82208427979889065,0.035515588448998006,0.017254831094482326,0.97978423972254713,0.99640329845082387,0.036248376947821924,0.017317115590955577,0.52226507642306674,0.1046070973176101,0.057535205185335718,0.047071892132274383,0.52226507642306674,0.67217467811097875,0,assignment_airtime,0,0
86,primary_base,balanced_normalized_value,balanced_normalized_value,0,all_frames,0.17999999999999999,1.5680017471313477,0.18003478933127173,537.53655760853007,0.020215760277452761,0.0033976347137226401,0.016818125563730121,0.83193139080145684,0.035515588448998006,0.015910444494544741,0.97978423972254713,0.99660236528627721,0.036248376947821924,0.015964686668162198,0.5595751310150322,0.1046070973176101,0.05443606773844336,0.050171029579166741,0.5595751310150322,0.69575326090824452,0,assignment_airtime,0,0
87,primary_base,balanced_normalized_value,balanced_normalized_value,0,all_frames,0.20000000000000001,1.4424833059310913,0.20003865481252417,592.52465394288481,0.020215760277452761,0.003256418473786292,0.016959341803666469,0.83891684363618657,0.035515588448998006,0.013242845988023121,0.97978423972254713,0.99674358152621356,0.036248376947821924,0.013286111125737753,0.63347017868241184,0.1046070973176101,0.051381620598537278,0.053225476719072823,0.63347017868241184,0.73619351115929921,0,action_fraction+assignment_airtime,0,0
88,primary_base,balanced_normalized_value,balanced_normalized_value,0,p_frames_only,0.050000000000000003,3.4158225059509277,0.05005798221878624,115.84630642354286,0.020215760277452761,0.0087789136659106384,0.011436846611542123,0.56573912900510492,0.035515588448998006,0.025251468878631229,0.97978423972254713,0.99122108633408923,0.036248376947821924,0.02547511269359767,0.2972068037620535,0.1046070973176101,0.080511177100575829,0.024095920217034272,0.2972068037620535,0.43147296638357924,0,completed_late18_improvement,0,0
89,primary_base,balanced_normalized_value,balanced_normalized_value,0,p_frames_only,0.074999999999999997,2.8290591239929199,0.07508697332817936,182.4211198939102,0.020215760277452761,0.0071114960311069071,0.013104264246345854,0.64822020376653511,0.035515588448998006,0.022919177489314768,0.97978423972254713,0.99288850396889294,0.036248376947821924,0.023083334531218243,0.36318984531512205,0.1046070973176101,0.075045076422936979,0.029562020894673118,0.36318984531512205,0.50570502454082855,0,completed_late18_improvement,0,0
90,primary_base,balanced_normalized_value,balanced_normalized_value,0,p_frames_only,0.10000000000000001,2.3257656097412109,0.10001932740626208,234.44727596892773,0.020215760277452761,0.0058901800036808699,0.014325580273771892,0.70863425748818543,0.035515588448998006,0.021097003772972529,0.97978423972254713,0.99410981999631898,0.036248376947821924,0.021222005203661149,0.41453916035442445,0.1046070973176101,0.069496636025234343,0.035110461292375758,0.41453916035442445,0.56158670892130491,0,completed_late18_improvement,0,0
91,primary_base,balanced_normalized_value,balanced_normalized_value,0,p_frames_only,0.125,1.9436627626419067,0.1250483185156552,307.51848519675355,0.020215760277452761,0.0050945419876940162,0.015121218289758745,0.74799157104291003,0.035515588448998006,0.019564878620608128,0.97978423972254713,0.9949054580123059,0.036248376947821924,0.019665063110314279,0.4574912101962153,0.1046070973176101,0.06458864519955107,0.040018452118059038,0.4574912101962153,0.60274139061956267,0,completed_late18_improvement,0,0
92,primary_base,balanced_normalized_value,balanced_normalized_value,0,p_frames_only,0.14999999999999999,1.7108281850814819,0.15007730962504831,386.79814471948521,0.020215760277452761,0.0045602377645272765,0.015655522512925485,0.77442165409858732,0.035515588448998006,0.017933869470178162,0.97978423972254713,0.99543976223547259,0.036248376947821924,0.018016026836122988,0.50298390291912021,0.1046070973176101,0.06025752432831992,0.044349572989290181,0.50298390291912021,0.63870277850885371,1,,0,0
93,primary_base,balanced_normalized_value,balanced_normalized_value,0,p_frames_only,0.16500000000000001,1.5888501405715942,0.16505604947816002,428.58311311815044,0.020215760277452761,0.0042531576572329803,0.015962602620219781,0.78961178808710675,0.035515588448998006,0.016681506901564992,0.97978423972254713,0.99574684234276689,0.036248376947821924,0.016752759026900033,0.53783423045354684,0.1046070973176101,0.057178425429708413,0.047428671887901688,0.53783423045354684,0.66372300927032679,0,assignment_airtime,0,0
94,primary_base,balanced_normalized_value,balanced_normalized_value,0,p_frames_only,0.17999999999999999,1.4804221391677856,0.18003478933127173,468.00714719429999,0.020215760277452761,0.0041311300107423551,0.016084630266710406,0.79564805112227577,0.035515588448998006,0.014221056766448463,0.97978423972254713,0.9958688699892575,0.036248376947821924,0.014280049507523884,0.60604996113124077,0.1046070973176101,0.054974552288580752,0.049632545029029349,0.60604996113124077,0.70084900612675827,0,assignment_airtime,0,0
95,primary_base,balanced_normalized_value,balanced_normalized_value,0,p_frames_only,0.20000000000000001,1.3512105941772461,0.20003865481252417,524.8661160580366,0.020215760277452761,0.0038320140063084866,0.016383746271144275,0.81044422996139076,0.035515588448998006,0.013411929269828829,0.97978423972254713,0.99616798599369139,0.036248376947821924,0.01346352167345575,0.62857587547061911,0.1046070973176101,0.051871564593536028,0.052735532724074073,0.62857587547061911,0.71951005271600499,0,action_fraction+assignment_airtime,0,0
96,primary_base,legacy_bad12_value,legacy_bad12_value_per_cost,1,all_frames,0.050000000000000003,0.00015259305655490607,0.05005798221878624,105.0022280317574,0.020215760277452761,0.0097077951966888509,0.010507965080763911,0.51979074427805505,0.035515588448998006,0.025202083813878867,0.97978423972254713,0.99029220480331104,0.036248376947821924,0.025449138841686057,0.29792335589758773,0.1046070973176101,0.079166026566827002,0.025441070750783105,0.29792335589758773,0.40885705008782136,0,completed_late18_improvement,0,0
97,primary_base,legacy_bad12_value,legacy_bad12_value_per_cost,1,all_frames,0.074999999999999997,0.00013169158773962408,0.07508697332817936,178.17391959593868,0.020215760277452761,0.0077694022110343271,0.012446358066418434,0.61567598228300258,0.035515588448998006,0.02266015369922867,0.97978423972254713,0.99223059778896561,0.036248376947821924,0.022837588106760023,0.36996936056933499,0.1046070973176101,0.073233611125548159,0.031373486192061935,0.36996936056933499,0.49282267142616876,0,completed_late18_improvement,0,0
98,primary_base,legacy_bad12_value,legacy_bad12_value_per_cost,1,all_frames,0.10000000000000001,0.00011473703489173204,0.10001932740626208,251.05900586000033,0.020215760277452761,0.0062652495791924567,0.013950510698260305,0.69008093224273759,0.035515588448998006,0.020804611460382073,0.97978423972254713,0.99373475042080739,0.036248376947821924,0.020935779343101511,0.42243539970802774,0.1046070973176101,0.067524634240841319,0.037082463076768789,0.42243539970802774,0.55625816597538269,0,completed_late18_improvement,0,0
99,primary_base,legacy_bad12_value,legacy_bad12_value_per_cost,1,all_frames,0.125,0.00010794623085530475,0.1250483185156552,321.36509009188933,0.020215760277452761,0.0056302173217367829,0.014585542955715979,0.72149366412816385,0.035515588448998006,0.019043133147044939,0.97978423972254713,0.99436978267826315,0.036248376947821924,0.019150957197988896,0.47167407728197247,0.1046070973176101,0.064178880972850294,0.040428216344759807,0.47167407728197247,0.59658387070506813,0,completed_late18_improvement,0,0
100,primary_base,legacy_bad12_value,legacy_bad12_value_per_cost,1,all_frames,0.14999999999999999,9.8099488241132349e-05,0.15007730962504831,377.89388792404606,0.020215760277452761,0.0047236031021633245,0.015492157175289437,0.76634056610615331,0.035515588448998006,0.016569308757396931,0.97978423972254713,0.99527639689783653,0.036248376947821924,0.016647947051735161,0.54072572474902225,0.1046070973176101,0.058884001879953067,0.045723095437657034,0.54072572474902225,0.65353314542758778,1,,0,0
101,primary_base,legacy_bad12_value,legacy_bad12_value_per_cost,1,all_frames,0.16500000000000001,9.2078371380921453e-05,0.16505604947816002,405.03419097212645,0.020215760277452761,0.0040599397000836458,0.016155820577369116,0.79916957639175124,0.035515588448998006,0.014837877288887479,0.97978423972254713,0.99594006029991622,0.036248376947821924,0.014898363747331559,0.58899225284549561,0.1046070973176101,0.05471474464067725,0.049892352676932851,0.58899225284549561,0.69408091461862342,0,assignment_airtime,0,0
102,primary_base,legacy_bad12_value,legacy_bad12_value_per_cost,1,all_frames,0.17999999999999999,8.7295455159619451e-05,0.18003478933127173,444.05356146595852,0.020215760277452761,0.0038657538389533647,0.016350006438499397,0.80877524337954509,0.035515588448998006,0.013758764998495019,0.97978423972254713,0.99613424616104651,0.036248376947821924,0.013812159406745884,0.61895785219217037,0.1046070973176101,0.052281851050847955,0.052325246266762146,0.61895785219217037,0.71386654778585767,0,assignment_airtime,0,0
103,primary_base,legacy_bad12_value,legacy_bad12_value_per_cost,1,all_frames,0.20000000000000001,8.1103018601424992e-05,0.20003865481252417,499.30428035967691,0.020215760277452761,0.0035582843531682604,0.016657475924284501,0.82398463850321169,0.035515588448998006,0.012944552899012293,0.97978423972254713,0.99644171564683159,0.036248376947821924,0.012990777780323506,0.64161767024705119,0.1046070973176101,0.04928049893052773,0.055326598387082371,0.64161767024705119,0.73280115437513138,0,action_fraction+assignment_airtime,0,0
104,primary_base,legacy_bad12_value,legacy_bad12_value_per_cost,1,p_frames_only,0.050000000000000003,0.00015259305655490607,0.05005798221878624,105.0022280317574,0.020215760277452761,0.0097077951966888509,0.010507965080763911,0.51979074427805505,0.035515588448998006,0.025202083813878867,0.97978423972254713,0.99029220480331104,0.036248376947821924,0.025449138841686057,0.29792335589758773,0.1046070973176101,0.079166026566827002,0.025441070750783105,0.29792335589758773,0.40885705008782136,0,completed_late18_improvement,0,0
105,primary_base,legacy_bad12_value,legacy_bad12_value_per_cost,1,p_frames_only,0.074999999999999997,0.00013169158773962408,0.07508697332817936,178.17391959593868,0.020215760277452761,0.0077694022110343271,0.012446358066418434,0.61567598228300258,0.035515588448998006,0.02266015369922867,0.97978423972254713,0.99223059778896561,0.036248376947821924,0.022837588106760023,0.36996936056933499,0.1046070973176101,0.073233611125548159,0.031373486192061935,0.36996936056933499,0.49282267142616876,0,completed_late18_improvement,0,0
106,primary_base,legacy_bad12_value,legacy_bad12_value_per_cost,1,p_frames_only,0.10000000000000001,0.00011473703489173204,0.10001932740626208,251.05900586000033,0.020215760277452761,0.0062652495791924567,0.013950510698260305,0.69008093224273759,0.035515588448998006,0.020804611460382073,0.97978423972254713,0.99373475042080739,0.036248376947821924,0.020935779343101511,0.42243539970802774,0.1046070973176101,0.067524634240841319,0.037082463076768789,0.42243539970802774,0.55625816597538269,0,completed_late18_improvement,0,0
107,primary_base,legacy_bad12_value,legacy_bad12_value_per_cost,1,p_frames_only,0.125,0.00010794623085530475,0.1250483185156552,321.36509009188933,0.020215760277452761,0.0056302173217367829,0.014585542955715979,0.72149366412816385,0.035515588448998006,0.019043133147044939,0.97978423972254713,0.99436978267826315,0.036248376947821924,0.019150957197988896,0.47167407728197247,0.1046070973176101,0.064178880972850294,0.040428216344759807,0.47167407728197247,0.59658387070506813,0,completed_late18_improvement,0,0
108,primary_base,legacy_bad12_value,legacy_bad12_value_per_cost,1,p_frames_only,0.14999999999999999,9.8099488241132349e-05,0.15007730962504831,377.89388792404606,0.020215760277452761,0.0047236031021633245,0.015492157175289437,0.76634056610615331,0.035515588448998006,0.016569308757396931,0.97978423972254713,0.99527639689783653,0.036248376947821924,0.016647947051735161,0.54072572474902225,0.1046070973176101,0.058884001879953067,0.045723095437657034,0.54072572474902225,0.65353314542758778,1,,0,0
109,primary_base,legacy_bad12_value,legacy_bad12_value_per_cost,1,p_frames_only,0.16500000000000001,9.2078371380921453e-05,0.16505604947816002,405.03419097212645,0.020215760277452761,0.0040599397000836458,0.016155820577369116,0.79916957639175124,0.035515588448998006,0.014837877288887479,0.97978423972254713,0.99594006029991622,0.036248376947821924,0.014898363747331559,0.58899225284549561,0.1046070973176101,0.05471474464067725,0.049892352676932851,0.58899225284549561,0.69408091461862342,0,assignment_airtime,0,0
110,primary_base,legacy_bad12_value,legacy_bad12_value_per_cost,1,p_frames_only,0.17999999999999999,8.7239859567489475e-05,0.18003478933127173,442.85897857283049,0.020215760277452761,0.0038592490997990392,0.016356511177653722,0.809097009123947,0.035515588448998006,0.013850386633429069,0.97978423972254713,0.99614075090020082,0.036248376947821924,0.013904045809703735,0.61642294137147025,0.1046070973176101,0.052307138289104632,0.052299959028505469,0.61642294137147025,0.71275997524770862,0,assignment_airtime,0,0
111,primary_base,legacy_bad12_value,legacy_bad12_value_per_cost,1,p_frames_only,0.20000000000000001,8.1086531281471252e-05,0.20003865481252417,499.91531708245356,0.020215760277452761,0.0036528644501384842,0.016562895827314277,0.81930610573114915,0.035515588448998006,0.013040106182433821,0.97978423972254713,0.99634713554986143,0.036248376947821924,0.013087914560257437,0.63893791495555896,0.1046070973176101,0.0493905520686709,0.055216545248939201,0.63893791495555896,0.729122010343354,0,action_fraction+assignment_airtime,0,0
112,primary_base,legacy_bad12_value,legacy_bad12_value,0,all_frames,0.050000000000000003,0.34906172752380371,0.05005798221878624,120.73177106306049,0.020215760277452761,0.0094120229157593181,0.010803737361693443,0.53442152129906151,0.035515588448998006,0.026045491722626803,0.97978423972254713,0.99058797708424062,0.036248376947821924,0.026292961680486726,0.27464444219573242,0.1046070973176101,0.078922995082835443,0.025684102234774662,0.27464444219573242,0.40453298174739694,0,completed_late18_improvement,0,0
113,primary_base,legacy_bad12_value,legacy_bad12_value,0,all_frames,0.074999999999999997,0.30624094605445862,0.07508697332817936,210.5192227015705,0.020215760277452761,0.0071580470079983163,0.013057713269454445,0.64591749655926134,0.035515588448998006,0.02355023801605869,0.97978423972254713,0.99284195299200162,0.036248376947821924,0.023720027084963857,0.34562512635785381,0.1046070973176101,0.074010820029057137,0.030596277288552968,0.34562512635785381,0.49577131145855757,0,completed_late18_improvement,0,0
114,primary_base,legacy_bad12_value,legacy_bad12_value,0,all_frames,0.10000000000000001,0.26427340507507324,0.10001932740626208,284.69463990699984,0.020215760277452761,0.005651476390329313,0.014564283887123448,0.72044205546735862,0.035515588448998006,0.021505198815602776,0.97978423972254713,0.99434852360967052,0.036248376947821924,0.02162742570133749,0.40335464585161157,0.1046070973176101,0.068746424445652099,0.035860672871958009,0.40335464585161157,0.56189835065948512,0,completed_late18_improvement,0,0
115,primary_base,legacy_bad12_value,legacy_bad12_value,0,all_frames,0.125,0.24732767045497894,0.1250483185156552,363.96586043182731,0.020215760277452761,0.004996184741002262,0.015219575536450499,0.75285694564875427,0.035515588448998006,0.020282978723643399,0.97978423972254713,0.99500381525899761,0.036248376947821924,0.020384825075634286,0.43763481865746928,0.1046070973176101,0.066067595092130074,0.038539502225480027,0.43763481865746928,0.5952458821531118,0,completed_late18_improvement,0,0
116,primary_base,legacy_bad12_value,legacy_bad12_value,0,all_frames,0.14999999999999999,0.23056900501251221,0.15007730962504831,428.98880575688787,0.020215760277452761,0.0044024093230033458,0.015813350954449416,0.78222885201535142,0.035515588448998006,0.017675897980660663,0.97978423972254713,0.99559759067699649,0.036248376947821924,0.017754058613823311,0.51021093608192269,0.1046070973176101,0.060145527431126451,0.04446156988648365,0.51021093608192269,0.646219894048637,0,assignment_airtime,0,0
117,primary_base,legacy_bad12_value,legacy_bad12_value,0,all_frames,0.16500000000000001,0.21404843032360077,0.16505604947816002,471.94095437161718,0.020215760277452761,0.0034321758719650201,0.016783584405487741,0.83022276556212293,0.035515588448998006,0.015923060007403428,0.97978423972254713,0.99656782412803491,0.036248376947821924,0.015977898966721707,0.55921063749361111,0.1046070973176101,0.056738470796915491,0.04786862652069461,0.55921063749361111,0.69471670152786702,0,assignment_airtime,0,0
118,primary_base,legacy_bad12_value,legacy_bad12_value,0,all_frames,0.17999999999999999,0.20304922759532928,0.18003478933127173,501.4645504910365,0.020215760277452761,0.0031822028080646624,0.017033557469388099,0.84258802219702478,0.035515588448998006,0.014271345366328222,0.97978423972254713,0.9968177971919352,0.036248376947821924,0.014316904660541795,0.60503322173154406,0.1046070973176101,0.052989412289901956,0.051617685027708145,0.60503322173154406,0.72381062196428436,0,assignment_airtime,0,0
119,primary_base,legacy_bad12_value,legacy_bad12_value,0,all_frames,0.20000000000000001,0.18911109864711761,0.20003865481252417,555.02316897738149,0.020215760277452761,0.0029771463634214596,0.017238613914031302,0.85273141734164903,0.035515588448998006,0.013268680721780519,0.97978423972254713,0.99702285363657839,0.036248376947821924,0.01330830148314438,0.63285800348244159,0.1046070973176101,0.050088116518558004,0.054518980799052097,0.63285800348244159,0.74279471041204537,0,action_fraction+assignment_airtime,0,0
120,primary_base,legacy_bad12_value,legacy_bad12_value,0,p_frames_only,0.050000000000000003,0.34472233057022095,0.05005798221878624,101.82360558877338,0.020215760277452761,0.0096523484930020973,0.010563411784450664,0.52253349067620036,0.035515588448998006,0.024877119363773525,0.97978423972254713,0.99034765150699777,0.036248376947821924,0.025119582326386468,0.30701497717966536,0.1046070973176101,0.078425317425544483,0.026181779892065622,0.30701497717966536,0.41477423392793289,0,completed_late18_improvement,0,0
121,primary_base,legacy_bad12_value,legacy_bad12_value,0,p_frames_only,0.074999999999999997,0.29899448156356812,0.07508697332817936,182.5363279001119,0.020215760277452761,0.0071880811829193956,0.013027679094533366,0.64443181536256755,0.035515588448998006,0.022758669214538688,0.97978423972254713,0.99281191881708053,0.036248376947821924,0.022923444796729753,0.3676007941065299,0.1046070973176101,0.072544418488729195,0.032062678828880913,0.3676007941065299,0.50601630473454873,0,completed_late18_improvement,0,0
122,primary_base,legacy_bad12_value,legacy_bad12_value,0,p_frames_only,0.10000000000000001,0.26038673520088196,0.10001932740626208,249.19433167160409,0.020215760277452761,0.006075096607454358,0.014140663669998403,0.69948710688709081,0.035515588448998006,0.020474984538093113,0.97978423972254713,0.99392490339254558,0.036248376947821924,0.020600132332137193,0.43169504218657151,0.1046070973176101,0.067036201032289314,0.037570896285320787,0.43169504218657151,0.56559107453683111,0,completed_late18_improvement,0,0
123,primary_base,legacy_bad12_value,legacy_bad12_value,0,p_frames_only,0.125,0.24503766000270844,0.1250483185156552,319.72572812555063,0.020215760277452761,0.0053353638746341751,0.014880396402818586,0.73607898978774178,0.035515588448998006,0.019095160893647597,0.97978423972254713,0.99466463612536571,0.036248376947821924,0.019197587005838696,0.47038768015812549,0.1046070973176101,0.063635028443156189,0.040972068874453905,0.47038768015812549,0.60323333497293363,0,completed_late18_improvement,0,0
124,primary_base,legacy_bad12_value,legacy_bad12_value,0,p_frames_only,0.14999999999999999,0.22279275953769684,0.15007730962504831,382.77297168638989,0.020215760277452761,0.0046183013393451718,0.01559745893810759,0.77154946062077612,0.035515588448998006,0.016554128192360778,0.97978423972254713,0.99538169866065473,0.036248376947821924,0.016630934861104379,0.54119504757291781,0.1046070973176101,0.058625620461678775,0.045981476855931326,0.54119504757291781,0.65637225409684696,1,,0,0
125,primary_base,legacy_bad12_value,legacy_bad12_value,0,p_frames_only,0.16500000000000001,0.20932801067829132,0.16505604947816002,409.15767895789105,0.020215760277452761,0.0039400298303696457,0.016275730447083116,0.80510108072640341,0.035515588448998006,0.014703001162162853,0.97978423972254713,0.99605997016963022,0.036248376947821924,0.014761160575159861,0.59277733741270799,0.1046070973176101,0.05448316495717611,0.050123932360433991,0.59277733741270799,0.69893920906955564,0,assignment_airtime,0,0
126,primary_base,legacy_bad12_value,legacy_bad12_value,0,p_frames_only,0.17999999999999999,0.19753241539001465,0.18003478933127173,445.60816067134937,0.020215760277452761,0.0037417662585274777,0.016473994018925284,0.81490845720500649,0.035515588448998006,0.014035059673049986,0.97978423972254713,0.99625823374147238,0.036248376947821924,0.014087772826068372,0.61135438294665845,0.1046070973176101,0.052300316174160075,0.052306781143450026,0.61135438294665845,0.71313142007583252,0,assignment_airtime,0,0
127,primary_base,legacy_bad12_value,legacy_bad12_value,0,p_frames_only,0.20000000000000001,0.18327672779560089,0.20003865481252417,503.25253505233104,0.020215760277452761,0.0035246875915782017,0.01669107268587456,0.82564654788128888,0.035515588448998006,0.013112097416371142,0.97978423972254713,0.99647531240842169,0.036248376947821924,0.013158476936754189,0.63699127948003609,0.1046070973176101,0.049341826027905288,0.055265271289704813,0.63699127948003609,0.73131891368066249,0,action_fraction+assignment_airtime,0,0
128,primary_compact_physics,deadline_value,deadline_value_per_cost,1,all_frames,0.050000000000000003,5.3055908210808411e-05,0.05005798221878624,120.81523445409942,0.020215760277452761,0.0085517598109674763,0.011664000466485285,0.57697560252010371,0.035515588448998006,0.026488685212982761,0.97978423972254713,0.99144824018903244,0.036248376947821924,0.026717163982188673,0.26294178576196797,0.1046070973176101,0.082023734503428591,0.022583362814181506,0.26294178576196797,0.41995869414103582,0,completed_late18_improvement,0,0
129,primary_compact_physics,deadline_value,deadline_value_per_cost,1,all_frames,0.074999999999999997,4.0828319470165297e-05,0.07508697332817936,182.30080586326795,0.020215760277452761,0.007008347406538714,0.013207412870914047,0.65332259037740315,0.035515588448998006,0.023587768049769003,0.97978423972254713,0.99299165259346123,0.036248376947821924,0.023754246058527568,0.34468111240619553,0.1046070973176101,0.076407892166497515,0.028199205151112582,0.34468111240619553,0.49900185139179931,0,completed_late18_improvement,0,0
130,primary_compact_physics,deadline_value,deadline_value_per_cost,1,all_frames,0.10000000000000001,2.8388649297994561e-05,0.10001932740626208,243.39006011906829,0.020215760277452761,0.0061357999045910539,0.014079960372861708,0.69648433596462389,0.035515588448998006,0.022446997294961399,0.97978423972254713,0.99386420009540888,0.036248376947821924,0.022585577881572286,0.37692167806345334,0.1046070973176101,0.070952707641262408,0.0336543896763477,0.37692167806345334,0.53670300701403861,0,completed_late18_improvement,0,0
131,primary_compact_physics,deadline_value,deadline_value_per_cost,1,all_frames,0.125,2.2521855498780496e-05,0.1250483185156552,314.88231986831988,0.020215760277452761,0.0049114071271925824,0.015304353150260179,0.75705058529654112,0.035515588448998006,0.021415139597381297,0.97978423972254713,0.99508859287280726,0.036248376947821924,0.02152083719054208,0.40629515022092005,0.1046070973176101,0.067086987099145901,0.037520110218464207,0.40629515022092005,0.58167286775873062,0,completed_late18_improvement,0,0
132,primary_compact_physics,deadline_value,deadline_value_per_cost,1,all_frames,0.14999999999999999,1.8944743715110235e-05,0.15007730962504831,402.95585534411674,0.020215760277452761,0.0044050119844420213,0.01581074829301074,0.78210010783739548,0.035515588448998006,0.020036210062080048,0.97978423972254713,0.9955949880155579,0.036248376947821924,0.02012486031294379,0.44480658149431862,0.1046070973176101,0.063919997714695337,0.040687099602914757,0.44480658149431862,0.61345334466585699,0,assignment_airtime+completed_late18_improvement,0,0
133,primary_compact_physics,deadline_value,deadline_value_per_cost,1,all_frames,0.16500000000000001,1.7586109606781974e-05,0.16505604947816002,447.61096368575306,0.020215760277452761,0.0042135383276362265,0.016002221949816535,0.79157161195981773,0.035515588448998006,0.018779594696336777,0.97978423972254713,0.99578646167236362,0.036248376947821924,0.018859058060296956,0.47972682783993859,0.1046070973176101,0.061245754349394825,0.043361342968215276,0.47972682783993859,0.63564921989987822,0,assignment_airtime+completed_late18_improvement,0,0
134,primary_compact_physics,deadline_value,deadline_value_per_cost,1,all_frames,0.17999999999999999,1.648644138185773e-05,0.18003478933127173,492.64457674607348,0.020215760277452761,0.0039961288318465273,0.016219631445606234,0.80232606753338243,0.035515588448998006,0.016683978223372684,0.97978423972254713,0.99600387116815337,0.036248376947821924,0.016750917045939836,0.53788504599662201,0.1046070973176101,0.057871372730482623,0.046735724587127478,0.53788504599662201,0.67010555676500227,0,assignment_airtime,0,0
135,primary_compact_physics,deadline_value,deadline_value_per_cost,1,all_frames,0.20000000000000001,1.5007403817435261e-05,0.20003865481252417,552.73563435717938,0.020215760277452761,0.0035766359256292971,0.016639124351823464,0.82307685308187861,0.035515588448998006,0.015728725582524198,0.97978423972254713,0.9964233640743706,0.036248376947821924,0.015785183436696538,0.5645271660185317,0.1046070973176101,0.056145863313041416,0.048461234004568685,0.5645271660185317,0.6938020095502051,0,action_fraction+assignment_airtime,0,0
136,primary_compact_physics,deadline_value,deadline_value_per_cost,1,p_frames_only,0.050000000000000003,5.3011663112556562e-05,0.05005798221878624,119.59076111324057,0.020215760277452761,0.0087545509007535046,0.011461209376699257,0.56694426622590521,0.035515588448998006,0.026484556480657589,0.97978423972254713,0.99124544909924639,0.036248376947821924,0.026718464639332612,0.26290590395832719,0.1046070973176101,0.082161754406593998,0.022445342911016099,0.26290590395832719,0.41492508509211623,0,completed_late18_improvement,0,0
137,primary_compact_physics,deadline_value,deadline_value_per_cost,1,p_frames_only,0.074999999999999997,4.0404487663181499e-05,0.07508697332817936,179.59304947894893,0.020215760277452761,0.0070965004944387126,0.013119259783014049,0.64896197832571001,0.035515588448998006,0.02368085287310543,0.97978423972254713,0.99290349950556123,0.036248376947821924,0.023850105156138383,0.34203660510180506,0.1046070973176101,0.07635219375792783,0.028254903559682267,0.34203660510180506,0.49549929171375751,0,completed_late18_improvement,0,0
138,primary_compact_physics,deadline_value,deadline_value_per_cost,1,p_frames_only,0.10000000000000001,2.8073265639250167e-05,0.10001932740626208,234.39478393457992,0.020215760277452761,0.0063575326604450744,0.013858227617007687,0.68551602446850246,0.035515588448998006,0.021822270379137559,0.97978423972254713,0.99364246733955486,0.036248376947821924,0.021961893836488264,0.39412752554130842,0.1046070973176101,0.070790375144202944,0.033816722173407157,0.39412752554130842,0.53982177500490547,0,completed_late18_improvement,0,0
139,primary_compact_physics,deadline_value,deadline_value_per_cost,1,p_frames_only,0.125,2.2179418010637164e-05,0.1250483185156552,299.59886805972519,0.020215760277452761,0.0051734218686521598,0.015042338408800602,0.74408967074949783,0.035515588448998006,0.019906079577499299,0.97978423972254713,0.99482657813134767,0.036248376947821924,0.020009597667656084,0.44798638304663702,0.1046070973176101,0.065167165150406284,0.039439932167203817,0.44798638304663702,0.5960380268980674,0,completed_late18_improvement,0,0
140,primary_compact_physics,deadline_value,deadline_value_per_cost,1,p_frames_only,0.14999999999999999,1.8624838048708625e-05,0.15007730962504831,379.86677691742449,0.020215760277452761,0.0048667106813024847,0.015349049596150277,0.75926155561260433,0.035515588448998006,0.018543595277261661,0.97978423972254713,0.99513328931869738,0.036248376947821924,0.018634282941089476,0.48592779842493983,0.1046070973176101,0.062606534800119212,0.042000562517490882,0.48592779842493983,0.62259467701877202,0,completed_late18_improvement,0,0
141,primary_compact_physics,deadline_value,deadline_value_per_cost,1,p_frames_only,0.16500000000000001,1.7460268281865865e-05,0.16505604947816002,423.50341771018395,0.020215760277452761,0.0048567049821874632,0.015359055295265298,0.7597565010896824,0.035515588448998006,0.017240132921141651,0.97978423972254713,0.9951432950178124,0.036248376947821924,0.017324271798297212,0.52206765496742646,0.1046070973176101,0.060277335579736732,0.044329761737873369,0.52206765496742646,0.64091207802855443,0,assignment_airtime,0,0
142,primary_compact_physics,deadline_value,deadline_value_per_cost,1,p_frames_only,0.17999999999999999,1.6153098840732127e-05,0.18003478933127173,468.16519443236098,0.020215760277452761,0.0046567509081109574,0.015559009369341804,0.76964750055407161,0.035515588448998006,0.015370896289763552,0.97978423972254713,0.99534324909188898,0.036248376947821924,0.015442809607426722,0.57397238420754604,0.1046070973176101,0.057053845447535723,0.047553251870074378,0.57397238420754604,0.67180994238080882,0,assignment_airtime,0,0
143,primary_compact_physics,deadline_value,deadline_value_per_cost,1,p_frames_only,0.20000000000000001,1.4771238966204692e-05,0.20003865481252417,521.00785636815942,0.020215760277452761,0.0041188937789932885,0.016096866498459473,0.79625333292128453,0.035515588448998006,0.014180698181619711,0.97978423972254713,0.99588110622100656,0.036248376947821924,0.014239348545761768,0.60717279655696765,0.1046070973176101,0.053795572805850955,0.050811524511759146,0.60717279655696765,0.70171306473912609,0,action_fraction+assignment_airtime,0,0
144,primary_compact_physics,deadline_value,deadline_value,0,all_frames,0.050000000000000003,0.12783452868461609,0.05005798221878624,151.60614351517535,0.020215760277452761,0.00840127987873137,0.011814480398721391,0.5844192964584386,0.035515588448998006,0.027570122217450505,0.97978423972254713,0.99159872012126848,0.036248376947821924,0.027803708958074078,0.23296678915868715,0.1046070973176101,0.082528417419074712,0.022078679898535385,0.23296678915868715,0.40869304280856289,0,completed_late18_improvement,0,0
145,primary_compact_physics,deadline_value,deadline_value,0,all_frames,0.074999999999999997,0.095609709620475769,0.07508697332817936,210.99669112031623,0.020215760277452761,0.0064074468649940198,0.013808313412458742,0.68304695064372944,0.035515588448998006,0.024940214502815312,0.97978423972254713,0.99359255313500583,0.036248376947821924,0.02510104813499596,0.30752628811138483,0.1046070973176101,0.077602318807983448,0.027004778509626653,0.30752628811138483,0.49528661937755714,0,completed_late18_improvement,0,0
146,primary_compact_physics,deadline_value,deadline_value,0,all_frames,0.10000000000000001,0.069984510540962219,0.10001932740626208,274.51602846026583,0.020215760277452761,0.0054726057559191885,0.014743154521533573,0.72929013399397358,0.035515588448998006,0.022714494373115901,0.97978423972254713,0.99452739424408065,0.036248376947821924,0.022839485874977541,0.369917005998529,0.1046070973176101,0.072362855894758549,0.032244241422851552,0.369917005998529,0.54960356999625126,0,completed_late18_improvement,0,0
147,primary_compact_physics,deadline_value,deadline_value,0,all_frames,0.125,0.053102780133485794,0.1250483185156552,351.65227732274872,0.020215760277452761,0.0048253069961342893,0.015390453281318472,0.76130964505371101,0.035515588448998006,0.020776560845882829,0.97978423972254713,0.99517469300386563,0.036248376947821924,0.020877300228736951,0.42404868888918856,0.1046070973176101,0.067203480724992715,0.037403616592617393,0.42404868888918856,0.59267916697144973,0,completed_late18_improvement,0,0
148,primary_compact_physics,deadline_value,deadline_value,0,all_frames,0.14999999999999999,0.044646229594945908,0.15007730962504831,431.45683797820811,0.020215760277452761,0.0043273351580392881,0.015888425119413473,0.78594249740556665,0.035515588448998006,0.019312127716472616,0.97978423972254713,0.9956726648419606,0.036248376947821924,0.019396060973048766,0.46491229108082238,0.1046070973176101,0.063613987102731015,0.040993110214879086,0.46491229108082238,0.62542739424319449,0,assignment_airtime+completed_late18_improvement,0,0
149,primary_compact_physics,deadline_value,deadline_value,0,all_frames,0.16500000000000001,0.040905952453613281,0.16505604947816002,482.01307924902233,0.020215760277452761,0.0041089927310842857,0.016106767546368476,0.79674310168452245,0.035515588448998006,0.018024223787262476,0.97978423972254713,0.99589100726891555,0.036248376947821924,0.018098590765159388,0.50070617530788819,0.1046070973176101,0.060917935141591474,0.043689162176018627,0.50070617530788819,0.64872463849620532,0,assignment_airtime,0,0
150,primary_compact_physics,deadline_value,deadline_value,0,all_frames,0.17999999999999999,0.03826330229640007,0.18022806339389255,521.95654054971828,0.020215760277452761,0.0038946811018686113,0.01632107917558415,0.80734431708648302,0.035515588448998006,0.016155328432107055,0.97978423972254713,0.99610531889813125,0.036248376947821924,0.016218494295339881,0.5525732277975991,0.1046070973176101,0.057544520869105616,0.047062576448504485,0.5525732277975991,0.67995877244204106,0,assignment_airtime,0,0
151,primary_compact_physics,deadline_value,deadline_value,0,all_frames,0.20000000000000001,0.034845411777496338,0.20081175106300733,595.4519812009006,0.020215760277452761,0.0036899868427207848,0.016525773434731977,0.81746979623435989,0.035515588448998006,0.014800399170674005,0.97978423972254713,0.99631001315727907,0.036248376947821924,0.014855214717527475,0.5901826242065692,0.1046070973176101,0.054820346778721808,0.049786750538888293,0.5901826242065692,0.70382621022046454,0,action_fraction+assignment_airtime,0,0
152,primary_compact_physics,deadline_value,deadline_value,0,p_frames_only,0.050000000000000003,0.12055294215679169,0.05005798221878624,116.88204368145091,0.020215760277452761,0.0087369527257851118,0.01147880755166765,0.56781478381845996,0.035515588448998006,0.025989860730409826,0.97978423972254713,0.99126304727421477,0.036248376947821924,0.026218934320084875,0.27668666771408901,0.1046070973176101,0.079990016691522239,0.024617080626087862,0.27668666771408901,0.42225072576627448,0,completed_late18_improvement,0,0
153,primary_compact_physics,deadline_value,deadline_value,0,p_frames_only,0.074999999999999997,0.091750152409076691,0.07508697332817936,184.69708866007829,0.020215760277452761,0.0071667842702302677,0.013048976007222494,0.64548529603293747,0.035515588448998006,0.023721158236469295,0.97978423972254713,0.99283321572976957,0.036248376947821924,0.023892389840153922,0.34087007883012105,0.1046070973176101,0.076450017233406137,0.028157080084203961,0.34087007883012105,0.49317768743152923,0,completed_late18_improvement,0,0
154,primary_compact_physics,deadline_value,deadline_value,0,p_frames_only,0.10000000000000001,0.063903234899044037,0.10011596443757248,233.53996635471432,0.020215760277452761,0.0061195255755966647,0.014096234701856097,0.69728936772059202,0.035515588448998006,0.021826606912091873,0.97978423972254713,0.99388047442440319,0.036248376947821924,0.021960997799793332,0.39415224490174272,0.1046070973176101,0.070787244770983887,0.033819852546626207,0.39415224490174272,0.54572080631116737,0,completed_late18_improvement,0,0
155,primary_compact_physics,deadline_value,deadline_value,0,p_frames_only,0.125,0.050224881619215012,0.1250483185156552,300.09981529605517,0.020215760277452761,0.0052830531095857339,0.014932707167867027,0.73866661272798728,0.035515588448998006,0.020026049107609523,0.97978423972254713,0.99471694689041412,0.036248376947821924,0.020132409697264111,0.44459831329154675,0.1046070973176101,0.065521146061063851,0.039085951256546257,0.44459831329154675,0.59163246300976702,0,completed_late18_improvement,0,0
156,primary_compact_physics,deadline_value,deadline_value,0,p_frames_only,0.14999999999999999,0.042234934866428375,0.15007730962504831,380.00936148822547,0.020215760277452761,0.0048659265317711337,0.015349833745681628,0.75930034463268514,0.035515588448998006,0.018443938120842412,0.97978423972254713,0.9951340734682288,0.036248376947821924,0.018534123805611268,0.48869093277499315,0.1046070973176101,0.062510078316604933,0.042097019001005168,0.48869093277499315,0.62399563870383912,0,completed_late18_improvement,0,0
157,primary_compact_physics,deadline_value,deadline_value,0,p_frames_only,0.16500000000000001,0.039390109479427338,0.16515268650947043,424.56482549594665,0.020215760277452761,0.0048692084828998727,0.015346551794552889,0.75913799846891505,0.035515588448998006,0.017353045375070437,0.97978423972254713,0.99513079151710004,0.036248376947821924,0.017437954410611009,0.51893144248328027,0.1046070973176101,0.059988581852707175,0.044618515464902926,0.51893144248328027,0.63903472047609766,0,assignment_airtime,0,0
158,primary_compact_physics,deadline_value,deadline_value,0,p_frames_only,0.17999999999999999,0.036729339510202408,0.18022806339389255,472.23182818056262,0.020215760277452761,0.0047521324833754777,0.015463627794077284,0.76492932157116678,0.035515588448998006,0.015338859630721808,0.97978423972254713,0.99524786751662442,0.036248376947821924,0.015412099971634043,0.57481958450666248,0.1046070973176101,0.057051160683063207,0.047555936634546894,0.57481958450666248,0.66987445303891469,0,assignment_airtime,0,0
159,primary_compact_physics,deadline_value,deadline_value,0,p_frames_only,0.20000000000000001,0.033549029380083084,0.20042520293776575,520.40585801629493,0.020215760277452761,0.0042270912323650045,0.015988669045087757,0.79090119914611345,0.035515588448998006,0.014192804435417164,0.97978423972254713,0.99577290876763491,0.036248376947821924,0.014253053392446808,0.60679471489265568,0.1046070973176101,0.054023717156396291,0.05058338016121381,0.60679471489265568,0.69884795701938462,0,action_fraction+assignment_airtime,0,0
160,primary_compact_physics,completed_late18_value,completed_late18_value_per_cost,1,all_frames,0.050000000000000003,5.8986486692447215e-05,0.05005798221878624,114.9725435784828,0.020215760277452761,0.010381048632005643,0.0098347116454471188,0.48648734999178167,0.035515588448998006,0.025175141569077394,0.97978423972254713,0.98961895136799427,0.036248376947821924,0.025439227426148899,0.29819678649977516,0.1046070973176101,0.080345923005702799,0.024261174311907305,0.29819678649977516,0.39234206824577844,0,deadline_improvement+completed_late18_improvement,0,0
161,primary_compact_physics,completed_late18_value,completed_late18_value_per_cost,1,all_frames,0.074999999999999997,4.6222030505305156e-05,0.07508697332817936,186.01911340408515,0.020215760277452761,0.0088644476760532994,0.011351312601399462,0.56150807318683527,0.035515588448998006,0.022990358610123711,0.97978423972254713,0.99113555232394657,0.036248376947821924,0.023195978144682123,0.36008229615158227,0.1046070973176101,0.074625824661139484,0.029981272656470617,0.36008229615158227,0.46079518466920877,0,completed_late18_improvement,0,0
162,primary_compact_physics,completed_late18_value,completed_late18_value_per_cost,1,all_frames,0.10000000000000001,4.2128813220188022e-05,0.10001932740626208,255.67133365567565,0.020215760277452761,0.0076349938228444623,0.012580766454608299,0.62232467549785908,0.035515588448998006,0.021734489923679406,0.97978423972254713,0.9923650061771554,0.036248376947821924,0.02190170933919389,0.39578786187529119,0.1046070973176101,0.070217282759555411,0.034389814558054684,0.39578786187529119,0.50905626868657516,0,completed_late18_improvement,0,0
163,primary_compact_physics,completed_late18_value,completed_late18_value_per_cost,1,all_frames,0.125,3.93460868508555e-05,0.1250483185156552,323.04750150380414,0.020215760277452761,0.0063336699227128056,0.013882090354739956,0.68669642715456336,0.035515588448998006,0.01864137156279936,0.97978423972254713,0.99366633007728711,0.036248376947821924,0.018760192429333335,0.48245427770909921,0.1046070973176101,0.063095644663992617,0.041511452653617477,0.48245427770909921,0.58457535243183134,0,completed_late18_improvement,0,0
164,primary_compact_physics,completed_late18_value,completed_late18_value_per_cost,1,all_frames,0.14999999999999999,3.6877918319078162e-05,0.15007730962504831,383.1473657517796,0.020215760277452761,0.005464691783966193,0.014751068493486568,0.72968160935005122,0.035515588448998006,0.016445941380749719,0.97978423972254713,0.99453530821603364,0.036248376947821924,0.016536307202858321,0.54380558261514256,0.1046070973176101,0.059558527873234929,0.045048569444375172,0.54380558261514256,0.63674359598259689,1,,0,0
165,primary_compact_physics,completed_late18_value,completed_late18_value_per_cost,1,all_frames,0.16500000000000001,3.5123110137647018e-05,0.16505604947816002,411.67953797963554,0.020215760277452761,0.0050578402344890923,0.015157920042963669,0.74980707304239991,0.035515588448998006,0.015081793570106087,0.97978423972254713,0.99494215976551081,0.036248376947821924,0.015158462652402409,0.58181678936349612,0.1046070973176101,0.056219609820512169,0.048387487497097932,0.58181678936349612,0.66581193120294802,0,assignment_airtime,0,0
166,primary_compact_physics,completed_late18_value,completed_late18_value_per_cost,1,all_frames,0.17999999999999999,3.3207910746568814e-05,0.18003478933127173,449.7400510681241,0.020215760277452761,0.0046365998032147811,0.01557916047423798,0.77064430228794711,0.035515588448998006,0.01259278121605991,0.97978423972254713,0.99536340019678515,0.036248376947821924,0.012651440884374787,0.65097910721393049,0.1046070973176101,0.051888282861871166,0.052718814455738935,0.65097910721393049,0.7108117047509388,0,assignment_airtime,0,0
167,primary_compact_physics,completed_late18_value,completed_late18_value_per_cost,1,all_frames,0.20000000000000001,3.0923543818062171e-05,0.20003865481252417,505.95878877800243,0.020215760277452761,0.00396142049375647,0.016254339783696291,0.80404296255062147,0.035515588448998006,0.01238281836966397,0.97978423972254713,0.99603857950624342,0.036248376947821924,0.01243206701471582,0.65703107113978432,0.1046070973176101,0.049429225787120869,0.055177871530489232,0.65703107113978432,0.73053701684520289,0,action_fraction+assignment_airtime,0,0
168,primary_compact_physics,completed_late18_value,completed_late18_value_per_cost,1,p_frames_only,0.050000000000000003,5.8986486692447215e-05,0.05005798221878624,114.9725435784828,0.020215760277452761,0.010381048632005643,0.0098347116454471188,0.48648734999178167,0.035515588448998006,0.025175141569077394,0.97978423972254713,0.98961895136799427,0.036248376947821924,0.025439227426148899,0.29819678649977516,0.1046070973176101,0.080345923005702799,0.024261174311907305,0.29819678649977516,0.39234206824577844,0,deadline_improvement+completed_late18_improvement,0,0
169,primary_compact_physics,completed_late18_value,completed_late18_value_per_cost,1,p_frames_only,0.074999999999999997,4.6222030505305156e-05,0.07508697332817936,186.01911340408515,0.020215760277452761,0.0088644476760532994,0.011351312601399462,0.56150807318683527,0.035515588448998006,0.022990358610123711,0.97978423972254713,0.99113555232394657,0.036248376947821924,0.023195978144682123,0.36008229615158227,0.1046070973176101,0.074625824661139484,0.029981272656470617,0.36008229615158227,0.46079518466920877,0,completed_late18_improvement,0,0
170,primary_compact_physics,completed_late18_value,completed_late18_value_per_cost,1,p_frames_only,0.10000000000000001,4.2128813220188022e-05,0.10001932740626208,255.67133365567565,0.020215760277452761,0.0076349938228444623,0.012580766454608299,0.62232467549785908,0.035515588448998006,0.021734489923679406,0.97978423972254713,0.9923650061771554,0.036248376947821924,0.02190170933919389,0.39578786187529119,0.1046070973176101,0.070217282759555411,0.034389814558054684,0.39578786187529119,0.50905626868657516,0,completed_late18_improvement,0,0
171,primary_compact_physics,completed_late18_value,completed_late18_value_per_cost,1,p_frames_only,0.125,3.93460868508555e-05,0.1250483185156552,323.04750150380414,0.020215760277452761,0.0063336699227128056,0.013882090354739956,0.68669642715456336,0.035515588448998006,0.01864137156279936,0.97978423972254713,0.99366633007728711,0.036248376947821924,0.018760192429333335,0.48245427770909921,0.1046070973176101,0.063095644663992617,0.041511452653617477,0.48245427770909921,0.58457535243183134,0,completed_late18_improvement,0,0
172,primary_compact_physics,completed_late18_value,completed_late18_value_per_cost,1,p_frames_only,0.14999999999999999,3.6871086194878444e-05,0.15007730962504831,382.57512402462515,0.020215760277452761,0.005566922345436055,0.014648837932016706,0.72462463597547655,0.035515588448998006,0.016444812278527936,0.97978423972254713,0.99443307765456379,0.036248376947821924,0.016536871759449227,0.5437900079428829,0.1046070973176101,0.059630552016596193,0.044976545301013908,0.5437900079428829,0.63420732195917973,1,,0,0
173,primary_compact_physics,completed_late18_value,completed_late18_value_per_cost,1,p_frames_only,0.16500000000000001,3.511910472298041e-05,0.16505604947816002,410.57442181170001,0.020215760277452761,0.0051573169492385475,0.015058443328214214,0.74488632243078901,0.035515588448998006,0.015179208539294796,0.97978423972254713,0.9948426830507614,0.036248376947821924,0.015257898357101635,0.57907361261816592,0.1046070973176101,0.056369298072273151,0.04823779924533695,0.57907361261816592,0.66197996752447752,0,assignment_airtime,0,0
174,primary_compact_physics,completed_late18_value,completed_late18_value_per_cost,1,p_frames_only,0.17999999999999999,3.3185573556693271e-05,0.18003478933127173,448.64573639781645,0.020215760277452761,0.0046313006133659549,0.015584459664086807,0.7709064339009114,0.035515588448998006,0.012689058493893478,0.97978423972254713,0.99536869938663397,0.036248376947821924,0.012748098771553425,0.64831256334859355,0.1046070973176101,0.051933346875828609,0.052673750441781492,0.64831256334859355,0.70960949862475253,0,assignment_airtime,0,0
175,primary_compact_physics,completed_late18_value,completed_late18_value_per_cost,1,p_frames_only,0.20000000000000001,3.0875824450049549e-05,0.20003865481252417,504.19464620768622,0.020215760277452761,0.0041620903510994622,0.016053669926353299,0.79411655589616559,0.035515588448998006,0.012477231876549727,0.97978423972254713,0.9958379096489004,0.036248376947821924,0.012529380289357319,0.65434644681076737,0.1046070973176101,0.049640032633445352,0.054967064684164749,0.65434644681076737,0.72423150135346648,0,action_fraction+assignment_airtime,0,0
176,primary_compact_physics,completed_late18_value,completed_late18_value,0,all_frames,0.050000000000000003,0.1429152637720108,0.05005798221878624,161.75845545902845,0.020215760277452761,0.0097435062810405162,0.010472253996412245,0.51802424705699845,0.035515588448998006,0.025562867360761927,0.97978423972254713,0.99025649371895941,0.036248376947821924,0.025814390032181722,0.28784700983052303,0.1046070973176101,0.078190071496768876,0.026417025820841218,0.28784700983052303,0.40293562844376074,0,completed_late18_improvement,0,0
177,primary_compact_physics,completed_late18_value,completed_late18_value,0,all_frames,0.074999999999999997,0.11699990928173065,0.07508697332817936,252.70387867123893,0.020215760277452761,0.0081040048716390818,0.01211175540581368,0.5991244078671768,0.035515588448998006,0.022940114507812963,0.97978423972254713,0.9918959951283608,0.036248376947821924,0.023127540206313964,0.36197032381325306,0.1046070973176101,0.073296316598910241,0.03131078071869986,0.36197032381325306,0.48054736584021496,0,completed_late18_improvement,0,0
178,primary_compact_physics,completed_late18_value,completed_late18_value,0,all_frames,0.10000000000000001,0.099070064723491669,0.10011596443757248,331.62856696747372,0.020215760277452761,0.0071229302640279882,0.013092830013424773,0.64765459392727343,0.035515588448998006,0.021601237960698773,0.97978423972254713,0.9928770697359719,0.036248376947821924,0.021756205898120926,0.39980192963017058,0.1046070973176101,0.06918617543398789,0.035420921883622218,0.39980192963017058,0.523728261778722,0,completed_late18_improvement,0,0
179,primary_compact_physics,completed_late18_value,completed_late18_value,0,all_frames,0.125,0.092312775552272797,0.1250483185156552,409.27241984227834,0.020215760277452761,0.0061656596176893081,0.014050100659763453,0.69500728475861229,0.035515588448998006,0.019580339305973662,0.97978423972254713,0.99383434038231055,0.036248376947821924,0.019701813984855314,0.45647734757296082,0.1046070973176101,0.065476401997318523,0.039130695320291585,0.45647734757296082,0.57574231616578653,0,assignment_airtime+completed_late18_improvement,0,0
180,primary_compact_physics,completed_late18_value,completed_late18_value,0,all_frames,0.14999999999999999,0.086761832237243652,0.15007730962504831,479.96720973030381,0.020215760277452761,0.005141728293358348,0.015074031984094413,0.74565743643621107,0.035515588448998006,0.017221678461427574,0.97978423972254713,0.99485827170664154,0.036248376947821924,0.017310685301821373,0.52244247165219548,0.1046070973176101,0.060495326844783981,0.04411177047282612,0.52244247165219548,0.63404995404420328,0,assignment_airtime,0,0
181,primary_compact_physics,completed_late18_value,completed_late18_value,0,all_frames,0.16500000000000001,0.08357536792755127,0.16505604947816002,514.86532842866234,0.020215760277452761,0.0047224316092301967,0.015493328668222565,0.76639851559294236,0.035515588448998006,0.01567310873535175,0.97978423972254713,0.99527756839076964,0.036248376947821924,0.015747475109574773,0.56556744230941347,0.1046070973176101,0.057899894164364973,0.046707203153245128,0.56556744230941347,0.66598297895117797,0,assignment_airtime,0,0
182,primary_compact_physics,completed_late18_value,completed_late18_value,0,all_frames,0.17999999999999999,0.079873114824295044,0.18003478933127173,545.92092200730394,0.020215760277452761,0.0043064748204303983,0.015909285457022363,0.78697438229748218,0.035515588448998006,0.013834164190093118,0.97978423972254713,0.99569352517956955,0.036248376947821924,0.013893998344117161,0.61670012524651763,0.1046070973176101,0.054444228873313905,0.050162868444296196,0.61670012524651763,0.7018372537719999,0,assignment_airtime,0,0
183,primary_compact_physics,completed_late18_value,completed_late18_value,0,all_frames,0.20000000000000001,0.074241191148757935,0.20003865481252417,602.3514622781704,0.020215760277452761,0.0037614627292242228,0.016454297548228539,0.81393414456840918,0.035515588448998006,0.01153189547086185,0.97978423972254713,0.99623853727077571,0.036248376947821924,0.011575436042108761,0.68066332849133815,0.1046070973176101,0.049639927091691301,0.0549671702259188,0.68066332849133815,0.74729873652987366,0,action_fraction+assignment_airtime,0,0
184,primary_compact_physics,completed_late18_value,completed_late18_value,0,p_frames_only,0.050000000000000003,0.13259971141815186,0.05005798221878624,114.13951712017256,0.020215760277452761,0.0097849229822701451,0.010430837295182616,0.51597551375875972,0.035515588448998006,0.024879287375426426,0.97978423972254713,0.99021507701772971,0.036248376947821924,0.025125134885197232,0.30686179628500748,0.1046070973176101,0.07893129212121891,0.025675805196391184,0.30686179628500748,0.41141865502188357,0,completed_late18_improvement,0,0
185,primary_compact_physics,completed_late18_value,completed_late18_value,0,p_frames_only,0.074999999999999997,0.1037912517786026,0.07508697332817936,185.81730109087778,0.020215760277452761,0.0087155808969112958,0.011500179380541466,0.56887197031951142,0.035515588448998006,0.02288601698436904,0.97978423972254713,0.99128441910308862,0.036248376947821924,0.023087235654401028,0.36308222330522077,0.1046070973176101,0.073207518022581519,0.031399579295028589,0.36308222330522077,0.4659770968123661,0,completed_late18_improvement,0,0
186,primary_compact_physics,completed_late18_value,completed_late18_value,0,p_frames_only,0.10000000000000001,0.095543757081031799,0.10011596443757248,262.17581965312775,0.020215760277452761,0.007334375994997866,0.012881384282454895,0.63719514406895128,0.035515588448998006,0.021488181313338954,0.97978423972254713,0.99266562400500202,0.036248376947821924,0.021646948170364642,0.40281607086781979,0.1046070973176101,0.069658008350553247,0.034949088967056861,0.40281607086781979,0.52000560746838553,0,completed_late18_improvement,0,0
187,primary_compact_physics,completed_late18_value,completed_late18_value,0,p_frames_only,0.125,0.089353039860725403,0.1250483185156552,331.93005768510852,0.020215760277452761,0.006338838594936164,0.013876921682516597,0.68644075177295905,0.035515588448998006,0.019217139106944274,0.97978423972254713,0.99366116140506378,0.036248376947821924,0.019339730537289712,0.46646630371537812,0.1046070973176101,0.063894444302365169,0.040712653015244932,0.46646630371537812,0.57645352774416858,0,completed_late18_improvement,0,0
188,primary_compact_physics,completed_late18_value,completed_late18_value,0,p_frames_only,0.14999999999999999,0.08357536792755127,0.15007730962504831,387.75843297143194,0.020215760277452761,0.0055812453874464051,0.014634514890006356,0.72391612727663113,0.035515588448998006,0.016654425774447024,0.97978423972254713,0.99441875461255347,0.036248376947821924,0.016747899913589159,0.53796828096063209,0.1046070973176101,0.059569857026409746,0.045037240291200355,0.53796828096063209,0.63094220411863167,1,,0,0
189,primary_compact_physics,completed_late18_value,completed_late18_value,0,p_frames_only,0.16500000000000001,0.079856470227241516,0.16505604947816002,417.45643040785632,0.020215760277452761,0.0051585092160520898,0.015057251061400672,0.7448273453358305,0.035515588448998006,0.014802481014086103,0.97978423972254713,0.99484149078394779,0.036248376947821924,0.01487923568851311,0.58951994706049404,0.1046070973176101,0.056057107303095766,0.048549990014514335,0.58951994706049404,0.66717364619816233,0,assignment_airtime,0,0
190,primary_compact_physics,completed_late18_value,completed_late18_value,0,p_frames_only,0.17999999999999999,0.07532384991645813,0.18003478933127173,451.41615277614363,0.020215760277452761,0.0047074012253873077,0.015508359052065454,0.76714201391487546,0.035515588448998006,0.012847922608211864,0.97978423972254713,0.99529259877461262,0.036248376947821924,0.012908688986565366,0.64388229009130804,0.1046070973176101,0.051900429912223794,0.052706667405386307,0.64388229009130804,0.70551215200309181,0,assignment_airtime,0,0
191,primary_compact_physics,completed_late18_value,completed_late18_value,0,p_frames_only,0.20000000000000001,0.07019592821598053,0.20003865481252417,508.82193950959436,0.020215760277452761,0.0041464683105759993,0.016069291966876762,0.79488932131824497,0.035515588448998006,0.012458401099107556,0.97978423972254713,0.99585353168942392,0.036248376947821924,0.012510274556111077,0.65487352512033548,0.1046070973176101,0.049651144949678337,0.054955952367931764,0.65487352512033548,0.72488142321929017,0,action_fraction+assignment_airtime,0,0
192,primary_compact_physics,balanced_normalized_value,balanced_normalized_value_per_cost,1,all_frames,0.050000000000000003,0.0015238582855090499,0.05005798221878624,115.28206896124087,0.020215760277452761,0.0088066704832791155,0.011409089794173646,0.56436610038844515,0.035515588448998006,0.025486310083809402,0.97978423972254713,0.99119332951672079,0.036248376947821924,0.025712753834043499,0.29065089256117671,0.1046070973176101,0.080809709771556687,0.023797387546053414,0.29065089256117671,0.42750849647481093,0,completed_late18_improvement,0,0
193,primary_compact_physics,balanced_normalized_value,balanced_normalized_value_per_cost,1,all_frames,0.074999999999999997,0.0012366008013486862,0.07508697332817936,180.49935975654125,0.020215760277452761,0.0069599931009344217,0.01325576717651834,0.65571450168524659,0.035515588448998006,0.023184090554718706,0.97978423972254713,0.99304000689906546,0.036248376947821924,0.023346582608604994,0.35592750422421787,0.1046070973176101,0.075489470617114349,0.029117626700495756,0.35592750422421787,0.5058210029547322,0,completed_late18_improvement,0,0
194,primary_compact_physics,balanced_normalized_value,balanced_normalized_value_per_cost,1,all_frames,0.10000000000000001,0.0010293289087712765,0.10001932740626208,233.19839718417745,0.020215760277452761,0.0059510129970329114,0.01426474728041985,0.70562507096652438,0.035515588448998006,0.021140612050556999,0.97978423972254713,0.99404898700296696,0.036248376947821924,0.021267173275127435,0.41329308879841231,0.1046070973176101,0.069641745228166213,0.034965352089443888,0.41329308879841231,0.55945907988246835,0,completed_late18_improvement,0,0
195,primary_compact_physics,balanced_normalized_value,balanced_normalized_value_per_cost,1,all_frames,0.125,0.00086395238758996129,0.1250483185156552,304.11414917304245,0.020215760277452761,0.0049830621618935245,0.015232698115559237,0.75350607182202878,0.035515588448998006,0.01962907393244108,0.97978423972254713,0.99501693783810641,0.036248376947821924,0.019727376676712226,0.45577213829162644,0.1046070973176101,0.064348813926057319,0.040258283391552789,0.45577213829162644,0.60463910505682761,0,completed_late18_improvement,0,0
196,primary_compact_physics,balanced_normalized_value,balanced_normalized_value_per_cost,1,all_frames,0.14999999999999999,0.00075728638330474496,0.15007730962504831,392.43634196336978,0.020215760277452761,0.0043575129274825326,0.015858247349970229,0.78444971311108214,0.035515588448998006,0.018800479254471692,0.97978423972254713,0.99564248707251735,0.036248376947821924,0.01888276113020312,0.47907292077148467,0.1046070973176101,0.060558632290809072,0.044048465026801029,0.47907292077148467,0.63176131694128346,0,completed_late18_improvement,0,0
197,primary_compact_physics,balanced_normalized_value,balanced_normalized_value_per_cost,1,all_frames,0.16500000000000001,0.00070882186992093921,0.16505604947816002,437.62822191565715,0.020215760277452761,0.0043337847691164479,0.015881975508336314,0.78562345864626981,0.035515588448998006,0.018197432204690479,0.97978423972254713,0.99566621523088339,0.036248376947821924,0.01827663922539614,0.49579427372142415,0.1046070973176101,0.058527778922450889,0.046079318395159212,0.49579427372142415,0.64070886618384693,0,assignment_airtime+completed_late18_improvement,0,0
198,primary_compact_physics,balanced_normalized_value,balanced_normalized_value_per_cost,1,all_frames,0.17999999999999999,0.00066147727193310857,0.18003478933127173,481.78208182221925,0.020215760277452761,0.00407273376845909,0.016143026508993671,0.79853670044744585,0.035515588448998006,0.015686018349440157,0.97978423972254713,0.99592726623154082,0.036248376947821924,0.015750164576569942,0.56549324679442425,0.1046070973176101,0.055652571826346517,0.048954525491263584,0.56549324679442425,0.68201497362093511,0,assignment_airtime,0,0
199,primary_compact_physics,balanced_normalized_value,balanced_normalized_value_per_cost,1,all_frames,0.20000000000000001,0.00060671346727758646,0.20003865481252417,536.22814221277451,0.020215760277452761,0.0032754529417992582,0.016940307335653503,0.83797527786019166,0.035515588448998006,0.014529298860962263,0.97978423972254713,0.99672454705820068,0.036248376947821924,0.014577045286829751,0.59785660726788348,0.1046070973176101,0.051914655075415837,0.052692442242194264,0.59785660726788348,0.71791594256403757,0,action_fraction+assignment_airtime,0,0
200,primary_compact_physics,balanced_normalized_value,balanced_normalized_value_per_cost,1,p_frames_only,0.050000000000000003,0.0015238190535455942,0.05005798221878624,114.62255886494312,0.020215760277452761,0.0089072687904247026,0.011308491487028059,0.55938986868778595,0.035515588448998006,0.02548262303827304,0.97978423972254713,0.9910927312095752,0.036248376947821924,0.025711643558492123,0.29068152222365717,0.1046070973176101,0.080874749814057859,0.023732347503552246,0.29068152222365717,0.42503569545572156,0,completed_late18_improvement,0,0
201,primary_compact_physics,balanced_normalized_value,balanced_normalized_value_per_cost,1,p_frames_only,0.074999999999999997,0.0012343077687546611,0.07508697332817936,179.28583062260333,0.020215760277452761,0.0071637178747936004,0.013052042402659161,0.64563697944204912,0.035515588448998006,0.023180444111425877,0.97978423972254713,0.99283628212520625,0.036248376947821924,0.0233477004504783,0.35589666582626933,0.1046070973176101,0.075522631160469533,0.029084466157140564,0.35589666582626933,0.50076682263415928,0,completed_late18_improvement,0,0
202,primary_compact_physics,balanced_normalized_value,balanced_normalized_value_per_cost,1,p_frames_only,0.10000000000000001,0.0010250271297991276,0.10001932740626208,230.38313505169927,0.020215760277452761,0.0061454419018554009,0.014070318375597361,0.69600738149286445,0.035515588448998006,0.021439807516247047,0.97978423972254713,0.99385455809814449,0.036248376947821924,0.021572379320043161,0.40487323470797792,0.1046070973176101,0.069893064969890964,0.034714032347719137,0.40487323470797792,0.55044030810042122,0,completed_late18_improvement,0,0
203,primary_compact_physics,balanced_normalized_value,balanced_normalized_value_per_cost,1,p_frames_only,0.125,0.00086142582586035132,0.1250483185156552,303.89438926663303,0.020215760277452761,0.0051838353741438161,0.015031924903308945,0.74357455257690697,0.035515588448998006,0.019895638774610369,0.97978423972254713,0.99481616462585609,0.036248376947821924,0.019999311915174789,0.44827014064759391,0.1046070973176101,0.064882041514405936,0.039725055803204165,0.44827014064759391,0.59592234661225041,0,completed_late18_improvement,0,0
204,primary_compact_physics,balanced_normalized_value,balanced_normalized_value_per_cost,1,p_frames_only,0.14999999999999999,0.00075500941602513194,0.15007730962504831,384.16849907989848,0.020215760277452761,0.0045928034481430829,0.015622956829309679,0.7728107483909189,0.035515588448998006,0.018212575475626016,0.97978423972254713,0.99540719655185683,0.036248376947821924,0.018296608200860251,0.49524338076715874,0.1046070973176101,0.060595780194722858,0.044011317122887243,0.49524338076715874,0.63402706457903879,0,completed_late18_improvement,0,0
205,primary_compact_physics,balanced_normalized_value,balanced_normalized_value_per_cost,1,p_frames_only,0.16500000000000001,0.00070420751580968499,0.16505604947816002,427.15518140881409,0.020215760277452761,0.0045631199955658876,0.015652640281886874,0.77427908063120088,0.035515588448998006,0.016595787101208397,0.97978423972254713,0.99543688000443398,0.036248376947821924,0.01667186281176811,0.54006595010401204,0.1046070973176101,0.057694003278283466,0.046913094039326635,0.54006595010401204,0.65717251536760646,0,assignment_airtime,0,0
206,primary_compact_physics,balanced_normalized_value,balanced_normalized_value_per_cost,1,p_frames_only,0.17999999999999999,0.00065867084776982665,0.18003478933127173,472.35626635814384,0.020215760277452761,0.004309845342842844,0.015905914934609917,0.78680765483503767,0.035515588448998006,0.014183752393237839,0.97978423972254713,0.99569015465715704,0.036248376947821924,0.014245146772714335,0.60701283830667363,0.1046070973176101,0.054946234348482469,0.049660862969127632,0.60701283830667363,0.69691024657085565,0,assignment_airtime,0,0
207,primary_compact_physics,balanced_normalized_value,balanced_normalized_value_per_cost,1,p_frames_only,0.20000000000000001,0.00060013041365891695,0.20003865481252417,524.25332837425105,0.020215760277452761,0.0038068463867247,0.016408913890728061,0.8116891803979992,0.035515588448998006,0.01313229130099014,0.97978423972254713,0.99619315361327521,0.036248376947821924,0.013182474958152673,0.63632923545436759,0.1046070973176101,0.051608019937848998,0.052999077379761103,0.63632923545436759,0.7240092079261834,0,action_fraction+assignment_airtime,0,0
208,primary_compact_physics,balanced_normalized_value,balanced_normalized_value,0,all_frames,0.050000000000000003,3.7242369651794434,0.05005798221878624,151.90988180586888,0.020215760277452761,0.008188861970300854,0.012026898307151907,0.59492683639337895,0.035515588448998006,0.026784238780699188,0.97978423972254713,0.991811138029699,0.036248376947821924,0.027005382127395665,0.25499058437102379,0.1046070973176101,0.080449948799948393,0.024157148517661705,0.25499058437102379,0.42495871038220134,0,completed_late18_improvement,0,0
209,primary_compact_physics,balanced_normalized_value,balanced_normalized_value,0,all_frames,0.074999999999999997,2.9269797801971436,0.07508697332817936,224.64922957697837,0.020215760277452761,0.006319307125392238,0.013896453152060523,0.68740690240374736,0.035515588448998006,0.024033768222937318,0.97978423972254713,0.9936806928746077,0.036248376947821924,0.024186610845190422,0.3327532738912401,0.1046070973176101,0.075362253062405765,0.029244844255204339,0.3327532738912401,0.51008008814749373,0,completed_late18_improvement,0,0
210,primary_compact_physics,balanced_normalized_value,balanced_normalized_value,0,all_frames,0.10000000000000001,2.4900546073913574,0.10001932740626208,286.2637438527006,0.020215760277452761,0.0054043067783958836,0.014811453499056878,0.73266863554849992,0.035515588448998006,0.021730602933780201,0.97978423972254713,0.99459569322160402,0.036248376947821924,0.021848679902677245,0.39725080838439919,0.1046070973176101,0.07032779182577989,0.034279305491830211,0.39725080838439919,0.5649597219664495,0,completed_late18_improvement,0,0
211,primary_compact_physics,balanced_normalized_value,balanced_normalized_value,0,all_frames,0.125,2.0787057876586914,0.1250483185156552,361.9224939449914,0.020215760277452761,0.0045232128435702297,0.015692547433882532,0.77625314202923634,0.035515588448998006,0.02026577508892162,0.97978423972254713,0.99547678715642962,0.036248376947821924,0.020357858013757026,0.43837877091541666,0.1046070973176101,0.065848648012541644,0.03875844930506845,0.43837877091541666,0.6073159564723265,0,completed_late18_improvement,0,0
212,primary_compact_physics,balanced_normalized_value,balanced_normalized_value,0,all_frames,0.14999999999999999,1.8081138134002686,0.15007730962504831,455.47183383794743,0.020215760277452761,0.0039582040804607525,0.016257556196992009,0.80420206679659456,0.035515588448998006,0.018315950439258714,0.97978423972254713,0.99604179591953912,0.036248376947821924,0.018388736812343855,0.49270178803278009,0.1046070973176101,0.0602060474737455,0.044401049843864601,0.49270178803278009,0.64845192741468738,0,assignment_airtime+completed_late18_improvement,0,0
213,primary_compact_physics,balanced_normalized_value,balanced_normalized_value,0,all_frames,0.16500000000000001,1.6925983428955078,0.16505604947816002,493.16682652153099,0.020215760277452761,0.0035895923730763016,0.01662616790437646,0.8224359448365699,0.035515588448998006,0.017453667630458004,0.97978423972254713,0.99641040762692357,0.036248376947821924,0.017516544886384822,0.51676333228383764,0.1046070973176101,0.057490433925079798,0.047116663392530303,0.51676333228383764,0.66959963856020377,0,assignment_airtime,0,0
214,primary_compact_physics,balanced_normalized_value,balanced_normalized_value,0,all_frames,0.17999999999999999,1.5806412696838379,0.18003478933127173,539.36830214648273,0.020215760277452761,0.0034834062348997122,0.016732354042553049,0.82768858617774277,0.035515588448998006,0.01587026116117821,0.97978423972254713,0.99651659376510016,0.036248376947821924,0.015925736972644093,0.56064965348466367,0.1046070973176101,0.054856963018436768,0.049750134299173333,0.56064965348466367,0.69416911983120322,0,assignment_airtime,0,0
215,primary_compact_physics,balanced_normalized_value,balanced_normalized_value,0,all_frames,0.20000000000000001,1.4527734518051147,0.20003865481252417,603.79433432308952,0.020215760277452761,0.0033673255994885708,0.016848434677964191,0.83343067224415746,0.035515588448998006,0.013256725583967965,0.97978423972254713,0.99663267440051129,0.036248376947821924,0.013301516119709875,0.63304519430326855,0.1046070973176101,0.052876217340117944,0.051730879977492157,0.63304519430326855,0.73323793327371301,0,action_fraction+assignment_airtime,0,0
216,primary_compact_physics,balanced_normalized_value,balanced_normalized_value,0,p_frames_only,0.050000000000000003,3.4271860122680664,0.05005798221878624,116.93317275811826,0.020215760277452761,0.0086774542195782647,0.011538306057874497,0.57075795812356922,0.035515588448998006,0.02541680938343021,0.97978423972254713,0.99132254578042167,0.036248376947821924,0.025639293176188935,0.29267748420582629,0.1046070973176101,0.080486893278212804,0.024120204039397297,0.29267748420582629,0.43171772116469775,0,completed_late18_improvement,0,0
217,primary_compact_physics,balanced_normalized_value,balanced_normalized_value,0,p_frames_only,0.074999999999999997,2.7946946620941162,0.07508697332817936,181.41061679599483,0.020215760277452761,0.00687759874200327,0.013338161535449491,0.65979025039814798,0.035515588448998006,0.022999215667160795,0.97978423972254713,0.99312240125799667,0.036248376947821924,0.023158490472098395,0.36111648514817346,0.1046070973176101,0.074868964130398674,0.029738133187211423,0.36111648514817346,0.51045336777316075,0,completed_late18_improvement,0,0
218,primary_compact_physics,balanced_normalized_value,balanced_normalized_value,0,p_frames_only,0.10000000000000001,2.3257708549499512,0.10001932740626208,233.3915897643802,0.020215760277452761,0.0060927995759884387,0.014122960701464323,0.69861140553868162,0.035515588448998006,0.021171617041743546,0.97978423972254713,0.99390720042401148,0.036248376947821924,0.021301402216133969,0.41234879987050238,0.1046070973176101,0.069513222032560079,0.035093875285050015,0.41234879987050238,0.55548010270459203,0,completed_late18_improvement,0,0
219,primary_compact_physics,balanced_normalized_value,balanced_normalized_value,0,p_frames_only,0.125,1.9574373960494995,0.1250483185156552,305.02999113660161,0.020215760277452761,0.00514936819153816,0.015066392085914601,0.74527951851103991,0.035515588448998006,0.019862439808883681,0.97978423972254713,0.99485063180846167,0.036248376947821924,0.019965248223019465,0.44920987078239022,0.1046070973176101,0.064925225299932512,0.039681872017677589,0.44920987078239022,0.59724469464671504,0,completed_late18_improvement,0,0
220,primary_compact_physics,balanced_normalized_value,balanced_normalized_value,0,p_frames_only,0.14999999999999999,1.7172931432723999,0.15007730962504831,387.06646607236564,0.020215760277452761,0.0044469943415962714,0.01576876593585649,0.7800233936016675,0.035515588448998006,0.018149929366293581,0.97978423972254713,0.99555300565840366,0.036248376947821924,0.018231002531392312,0.49705327337455402,0.1046070973176101,0.060166065649964136,0.044441031667645965,0.49705327337455402,0.63853833348811073,0,completed_late18_improvement,0,0
221,primary_compact_physics,balanced_normalized_value,balanced_normalized_value,0,p_frames_only,0.16500000000000001,1.5942760705947876,0.16505604947816002,428.46539238407843,0.020215760277452761,0.0044556100831143024,0.015760150194338459,0.77959720426227175,0.035515588448998006,0.016679736620520181,0.97978423972254713,0.99554438991688554,0.036248376947821924,0.016754387639021012,0.53778930121096791,0.1046070973176101,0.057586008690222991,0.04702108862738711,0.53778930121096791,0.65869325273661983,0,assignment_airtime,0,0
222,primary_compact_physics,balanced_normalized_value,balanced_normalized_value,0,p_frames_only,0.17999999999999999,1.4892014265060425,0.18003478933127173,470.70798438485548,0.020215760277452761,0.0042324523624048434,0.015983307915047918,0.79063600357759367,0.035515588448998006,0.014309500647873421,0.97978423972254713,0.99576754763759501,0.036248376947821924,0.014370322352663473,0.60355956424341506,0.1046070973176101,0.055030787652737778,0.049576309664872323,0.60355956424341506,0.69709778391050436,0,assignment_airtime,0,0
223,primary_compact_physics,balanced_normalized_value,balanced_normalized_value,0,p_frames_only,0.20000000000000001,1.3601096868515015,0.20003865481252417,525.20886358357109,0.020215760277452761,0.003821561207050149,0.016394199070402612,0.81096129185344323,0.035515588448998006,0.013381314603198018,0.97978423972254713,0.99617843879294976,0.036248376947821924,0.013432648290814142,0.62942759312644814,0.1046070973176101,0.051780098206145549,0.052826999111464552,0.62942759312644814,0.72019444248994569,0,action_fraction+assignment_airtime,0,0
224,primary_compact_physics,legacy_bad12_value,legacy_bad12_value_per_cost,1,all_frames,0.050000000000000003,0.00015117919247131795,0.05005798221878624,108.24246299467731,0.020215760277452761,0.009473706183749056,0.010742054093703705,0.53137027478925136,0.035515588448998006,0.025063486796037881,0.97978423972254713,0.99052629381625079,0.036248376947821924,0.025303201896311623,0.3019493829272808,0.1046070973176101,0.079909623002518707,0.024697474315091398,0.3019493829272808,0.41665982885826608,0,completed_late18_improvement,0,0
225,primary_compact_physics,legacy_bad12_value,legacy_bad12_value_per_cost,1,all_frames,0.074999999999999997,0.00013108811981510371,0.07508697332817936,178.2919444444785,0.020215760277452761,0.0077934834671718189,0.012422276810280942,0.61448477028765902,0.035515588448998006,0.022819711698075437,0.97978423972254713,0.9922065165328281,0.036248376947821924,0.022998953663211932,0.36551769762497233,0.1046070973176101,0.073369060121838095,0.031238037195772009,0.36551769762497233,0.49000123395631567,0,completed_late18_improvement,0,0
226,primary_compact_physics,legacy_bad12_value,legacy_bad12_value_per_cost,1,all_frames,0.10000000000000001,0.00011482358968351036,0.10001932740626208,254.22250936793634,0.020215760277452761,0.0061118065570079528,0.014103953720444809,0.6976711994440975,0.035515588448998006,0.020872042502960576,0.97978423972254713,0.99388819344299195,0.036248376947821924,0.021000392841629793,0.42065287855897626,0.1046070973176101,0.06861791927124021,0.035989178046369891,0.42065287855897626,0.55916203900153683,0,completed_late18_improvement,0,0
227,primary_compact_physics,legacy_bad12_value,legacy_bad12_value_per_cost,1,all_frames,0.125,0.00010792471584863961,0.1250483185156552,321.74814182002189,0.020215760277452761,0.0053968596137632802,0.014818900663689481,0.73303701964736112,0.035515588448998006,0.019108491783350542,0.97978423972254713,0.99460314038623665,0.036248376947821924,0.019212177206609359,0.46998517383924493,0.1046070973176101,0.064095147478867409,0.040511949838742692,0.46998517383924493,0.60151109674330305,0,completed_late18_improvement,0,0
228,primary_compact_physics,legacy_bad12_value,legacy_bad12_value_per_cost,1,all_frames,0.14999999999999999,9.8355179943609983e-05,0.15007730962504831,371.76429718019079,0.020215760277452761,0.0047300013570692311,0.01548575892038353,0.76602406774952003,0.035515588448998006,0.01658117810717713,0.97978423972254713,0.99526999864293064,0.036248376947821924,0.016659979834402604,0.54039377105397102,0.1046070973176101,0.058664040343963282,0.045943056973646819,0.54039377105397102,0.65320891940174552,1,,0,0
229,primary_compact_physics,legacy_bad12_value,legacy_bad12_value_per_cost,1,all_frames,0.16500000000000001,9.1992835223209113e-05,0.16505604947816002,408.08288592453829,0.020215760277452761,0.0039808036774510204,0.016234956600001741,0.80308414708048703,0.035515588448998006,0.014741428660930037,0.97978423972254713,0.99601919632254887,0.036248376947821924,0.014800345932445466,0.59169631363771213,0.1046070973176101,0.054956779809030236,0.049650317508579865,0.59169631363771213,0.69739023035909953,0,assignment_airtime,0,0
230,primary_compact_physics,legacy_bad12_value,legacy_bad12_value_per_cost,1,all_frames,0.17999999999999999,8.7212916696444154e-05,0.18003478933127173,444.70935844811282,0.020215760277452761,0.003759700493221968,0.016456059784230793,0.81402131596231508,0.035515588448998006,0.01386366145496885,0.97978423972254713,0.99624029950677795,0.036248376947821924,0.013915981377015685,0.61609366959940914,0.1046070973176101,0.052180650283848357,0.052426447033761744,0.61609366959940914,0.71505749278086217,0,assignment_airtime,0,0
231,primary_compact_physics,legacy_bad12_value,legacy_bad12_value_per_cost,1,all_frames,0.20000000000000001,8.0917467130348086e-05,0.20003865481252417,487.51235088805817,0.020215760277452761,0.0035592973703306753,0.016656462907122086,0.82393452823535573,0.035515588448998006,0.01283832900710926,0.97978423972254713,0.99644070262966922,0.036248376947821924,0.012884187662374799,0.6445582189536081,0.1046070973176101,0.049303200493132783,0.055303896824477318,0.6445582189536081,0.73424637359448197,0,action_fraction+assignment_airtime,0,0
232,primary_compact_physics,legacy_bad12_value,legacy_bad12_value_per_cost,1,p_frames_only,0.050000000000000003,0.00015117919247131795,0.05005798221878624,108.24246299467731,0.020215760277452761,0.009473706183749056,0.010742054093703705,0.53137027478925136,0.035515588448998006,0.025063486796037881,0.97978423972254713,0.99052629381625079,0.036248376947821924,0.025303201896311623,0.3019493829272808,0.1046070973176101,0.079909623002518707,0.024697474315091398,0.3019493829272808,0.41665982885826608,0,completed_late18_improvement,0,0
233,primary_compact_physics,legacy_bad12_value,legacy_bad12_value_per_cost,1,p_frames_only,0.074999999999999997,0.00013108811981510371,0.07508697332817936,178.2919444444785,0.020215760277452761,0.0077934834671718189,0.012422276810280942,0.61448477028765902,0.035515588448998006,0.022819711698075437,0.97978423972254713,0.9922065165328281,0.036248376947821924,0.022998953663211932,0.36551769762497233,0.1046070973176101,0.073369060121838095,0.031238037195772009,0.36551769762497233,0.49000123395631567,0,completed_late18_improvement,0,0
234,primary_compact_physics,legacy_bad12_value,legacy_bad12_value_per_cost,1,p_frames_only,0.10000000000000001,0.00011482358968351036,0.10001932740626208,254.22250936793634,0.020215760277452761,0.0061118065570079528,0.014103953720444809,0.6976711994440975,0.035515588448998006,0.020872042502960576,0.97978423972254713,0.99388819344299195,0.036248376947821924,0.021000392841629793,0.42065287855897626,0.1046070973176101,0.06861791927124021,0.035989178046369891,0.42065287855897626,0.55916203900153683,0,completed_late18_improvement,0,0
235,primary_compact_physics,legacy_bad12_value,legacy_bad12_value_per_cost,1,p_frames_only,0.125,0.00010792471584863961,0.1250483185156552,321.74814182002189,0.020215760277452761,0.0053968596137632802,0.014818900663689481,0.73303701964736112,0.035515588448998006,0.019108491783350542,0.97978423972254713,0.99460314038623665,0.036248376947821924,0.019212177206609359,0.46998517383924493,0.1046070973176101,0.064095147478867409,0.040511949838742692,0.46998517383924493,0.60151109674330305,0,completed_late18_improvement,0,0
236,primary_compact_physics,legacy_bad12_value,legacy_bad12_value_per_cost,1,p_frames_only,0.14999999999999999,9.8355179943609983e-05,0.15007730962504831,371.76429718019079,0.020215760277452761,0.0047300013570692311,0.01548575892038353,0.76602406774952003,0.035515588448998006,0.01658117810717713,0.97978423972254713,0.99526999864293064,0.036248376947821924,0.016659979834402604,0.54039377105397102,0.1046070973176101,0.058664040343963282,0.045943056973646819,0.54039377105397102,0.65320891940174552,1,,0,0
237,primary_compact_physics,legacy_bad12_value,legacy_bad12_value_per_cost,1,p_frames_only,0.16500000000000001,9.1951078502461314e-05,0.16505604947816002,407.50237293610121,0.020215760277452761,0.0040827447309108068,0.016133015546541955,0.79804149461227969,0.035515588448998006,0.014740220320233519,0.97978423972254713,0.99591725526908914,0.036248376947821924,0.014800647586180063,0.59168799178277698,0.1046070973176101,0.055027273376035302,0.049579823941574799,0.59168799178277698,0.69486474319752833,0,assignment_airtime,0,0
238,primary_compact_physics,legacy_bad12_value,legacy_bad12_value_per_cost,1,p_frames_only,0.17999999999999999,8.7154687207657844e-05,0.18003478933127173,443.60844315481211,0.020215760277452761,0.0038585056784617051,0.016357254598991056,0.8091337834686726,0.035515588448998006,0.013966607936006559,0.97978423972254713,0.9961414943215382,0.036248376947821924,0.014020706913247373,0.61320455993299738,0.1046070973176101,0.052322438284827806,0.052284659032782295,0.61320455993299738,0.71116917170083505,0,assignment_airtime,0,0
239,primary_compact_physics,legacy_bad12_value,legacy_bad12_value_per_cost,1,p_frames_only,0.20000000000000001,8.0833131505642086e-05,0.20003865481252417,485.88503790184512,0.020215760277452761,0.003655459274982252,0.016560301002470509,0.81917774920098874,0.035515588448998006,0.013040071917752149,0.97978423972254713,0.99634454072501766,0.036248376947821924,0.013087914255306884,0.63893792336836464,0.1046070973176101,0.049525781788030888,0.055081315529579213,0.63893792336836464,0.72905783628467669,0,action_fraction+assignment_airtime,0,0
240,primary_compact_physics,legacy_bad12_value,legacy_bad12_value,0,all_frames,0.050000000000000003,0.34896606206893921,0.05005798221878624,126.39697328509216,0.020215760277452761,0.0093318411928211085,0.010883919084631653,0.53838781897165711,0.035515588448998006,0.026119332535390238,0.97978423972254713,0.99066815880717873,0.036248376947821924,0.026365369981043312,0.27264688239710155,0.1046070973176101,0.079039402068210557,0.025567695249399544,0.27264688239710155,0.40551735068437933,0,completed_late18_improvement,0,0
241,primary_compact_physics,legacy_bad12_value,legacy_bad12_value,0,all_frames,0.074999999999999997,0.30672934651374817,0.07508697332817936,220.18178094407008,0.020215760277452761,0.0072744825278729074,0.012941277749579854,0.64015785565154559,0.035515588448998006,0.023741134394206907,0.97978423972254713,0.99272551747212701,0.036248376947821924,0.023915104403341273,0.34024344213353053,0.1046070973176101,0.074441196098368717,0.030165901219241387,0.34024344213353053,0.49020064889253806,0,completed_late18_improvement,0,0
242,primary_compact_physics,legacy_bad12_value,legacy_bad12_value,0,all_frames,0.10000000000000001,0.26437342166900635,0.10011596443757248,293.79742344128852,0.020215760277452761,0.0056890248008307741,0.014526735476621987,0.71858467241640611,0.035515588448998006,0.021870243192718901,0.97978423972254713,0.99431097519916911,0.036248376947821924,0.021995375429038285,0.39320385404566555,0.1046070973176101,0.069071105333542493,0.035535991984067608,0.39320385404566555,0.55589426323103586,0,completed_late18_improvement,0,0
243,primary_compact_physics,legacy_bad12_value,legacy_bad12_value,0,all_frames,0.125,0.24784494936466217,0.1250483185156552,361.25197465367438,0.020215760277452761,0.0049982585662632743,0.015217501711189487,0.75275436106956706,0.035515588448998006,0.019986600723225768,0.97978423972254713,0.99500174143373665,0.036248376947821924,0.020087000746778893,0.44585103008354499,0.1046070973176101,0.064717940268935875,0.039889157048674226,0.44585103008354499,0.59930269557655602,0,completed_late18_improvement,0,0
244,primary_compact_physics,legacy_bad12_value,legacy_bad12_value,0,all_frames,0.14999999999999999,0.23126581311225891,0.15007730962504831,430.44020384233022,0.020215760277452761,0.0044136841680239083,0.015802076109428853,0.78167112651476078,0.035515588448998006,0.017395484970649112,0.97978423972254713,0.99558631583197599,0.036248376947821924,0.017472603524198025,0.51797556206863737,0.1046070973176101,0.060213242151361229,0.044393855166248872,0.51797556206863737,0.64982334429169908,0,assignment_airtime,0,0
245,primary_compact_physics,legacy_bad12_value,legacy_bad12_value,0,all_frames,0.16500000000000001,0.21500210464000702,0.16505604947816002,466.22461654183536,0.020215760277452761,0.0035477587799527532,0.016668001497500008,0.82450530025775615,0.035515588448998006,0.015978053559703241,0.97978423972254713,0.99645224122004716,0.036248376947821924,0.016034941664780498,0.55763697536410661,0.1046070973176101,0.056835969829285078,0.047771127488325023,0.55763697536410661,0.69107113781093132,0,assignment_airtime,0,0
246,primary_compact_physics,legacy_bad12_value,legacy_bad12_value,0,all_frames,0.17999999999999999,0.20297195017337799,0.18013142636258214,504.11119960287249,0.020215760277452761,0.0030822965317272681,0.017133463745725493,0.84753002165518132,0.035515588448998006,0.014258054016950943,0.97978423972254713,0.99691770346827258,0.036248376947821924,0.014302137445595792,0.60544061141873629,0.1046070973176101,0.053039771594542803,0.051567325723067298,0.60544061141873629,0.7264853165369588,0,assignment_airtime,0,0
247,primary_compact_physics,legacy_bad12_value,legacy_bad12_value,0,all_frames,0.20000000000000001,0.18892236053943634,0.20003865481252417,552.16610140517059,0.020215760277452761,0.0028760432616952436,0.017339717015757518,0.85773261939087297,0.035515588448998006,0.013191922986964234,0.97978423972254713,0.99712395673830467,0.036248376947821924,0.013229972961552719,0.63501888703605325,0.1046070973176101,0.049689522464552126,0.054917574853057975,0.63501888703605325,0.74637575321346317,0,action_fraction+assignment_airtime,0,0
248,primary_compact_physics,legacy_bad12_value,legacy_bad12_value,0,p_frames_only,0.050000000000000003,0.34152814745903015,0.05005798221878624,102.25594254892466,0.020215760277452761,0.0094576867194515832,0.010758073558001178,0.53216269931732307,0.035515588448998006,0.024806030034370069,0.97978423972254713,0.99054231328054831,0.036248376947821924,0.025042877726460466,0.30913106088836256,0.1046070973176101,0.078469298840889157,0.026137798476720951,0.30913106088836256,0.42064688010284279,0,completed_late18_improvement,0,0
249,primary_compact_physics,legacy_bad12_value,legacy_bad12_value,0,p_frames_only,0.074999999999999997,0.29808995127677917,0.07508697332817936,182.58970843371173,0.020215760277452761,0.007309648602548487,0.012906111674904274,0.63841831807329275,0.035515588448998006,0.022904061609295097,0.97978423972254713,0.99269035139745143,0.036248376947821924,0.02307271504860715,0.36348280967670932,0.1046070973176101,0.072945498597849018,0.031661598719761083,0.36348280967670932,0.50095056387500103,0,completed_late18_improvement,0,0
250,primary_compact_physics,legacy_bad12_value,legacy_bad12_value,0,p_frames_only,0.10000000000000001,0.26013445854187012,0.10001932740626208,256.12154782491467,0.020215760277452761,0.0060881842271901694,0.014127576050262592,0.69883971002661216,0.035515588448998006,0.020628637302717689,0.97978423972254713,0.99391181577280974,0.036248376947821924,0.020754997551445775,0.42742270691673295,0.1046070973176101,0.067196276142093989,0.037410821175516112,0.42742270691673295,0.56313120847167253,0,completed_late18_improvement,0,0
251,primary_compact_physics,legacy_bad12_value,legacy_bad12_value,0,p_frames_only,0.125,0.24457108974456787,0.12514495554696559,321.98462309781286,0.020215760277452761,0.0053427324160388017,0.01487302786141396,0.73571449489348617,0.035515588448998006,0.018855828168538126,0.97978423972254713,0.99465726758396111,0.036248376947821924,0.018957110939669945,0.47702179970822028,0.1046070973176101,0.063528673788993253,0.041078423528616848,0.47702179970822028,0.6063681473008532,0,completed_late18_improvement,0,0
252,primary_compact_physics,legacy_bad12_value,legacy_bad12_value,0,p_frames_only,0.14999999999999999,0.22225998342037201,0.15007730962504831,381.53328750693828,0.020215760277452761,0.0046174141484822944,0.015598346128970467,0.77159334672007196,0.035515588448998006,0.016656887054636072,0.97978423972254713,0.99538258585151762,0.036248376947821924,0.016734155581380444,0.53834745192954192,0.1046070973176101,0.05857989317248101,0.046027204145129091,0.53834745192954192,0.65497039932480694,1,,0,0
253,primary_compact_physics,legacy_bad12_value,legacy_bad12_value,0,p_frames_only,0.16500000000000001,0.20844115316867828,0.16505604947816002,410.46022352688107,0.020215760277452761,0.0040539039304980928,0.016161856346954669,0.79946814392038812,0.035515588448998006,0.014783113128950452,0.97978423972254713,0.9959460960695018,0.036248376947821924,0.014843286385972054,0.59051169636261602,0.1046070973176101,0.05457447774235339,0.050032619575256711,0.59051169636261602,0.69498992014150207,0,assignment_airtime,0,0
254,primary_compact_physics,legacy_bad12_value,legacy_bad12_value,0,p_frames_only,0.17999999999999999,0.19778966903686523,0.18003478933127173,446.36829351068633,0.020215760277452761,0.0037232859257377571,0.016492474351715004,0.81582261193063077,0.035515588448998006,0.014117233295251049,0.97978423972254713,0.9962767140742621,0.036248376947821924,0.014169992227880934,0.60908615996026338,0.1046070973176101,0.052199545065734786,0.052407552251875315,0.60908615996026338,0.71245438594544708,0,assignment_airtime,0,0
255,primary_compact_physics,legacy_bad12_value,legacy_bad12_value,0,p_frames_only,0.20000000000000001,0.18338477611541748,0.20003865481252417,502.59722438763805,0.020215760277452761,0.0035199286111835815,0.01669583166626918,0.82588195730093505,0.035515588448998006,0.012977600739540372,0.97978423972254713,0.99648007138881634,0.036248376947821924,0.013023442326802585,0.64071653896257741,0.1046070973176101,0.049291473168531941,0.05531562414907816,0.64071653896257741,0.73329924813175618,0,action_fraction+assignment_airtime,0,0
256,primary_compact_physics_temporal,deadline_value,deadline_value_per_cost,1,all_frames,0.050000000000000003,5.5847816838650033e-05,0.05005798221878624,113.58307472763994,0.020215760277452761,0.0080487208443210233,0.012167039433131738,0.60185910725811287,0.035515588448998006,0.024466363917525071,0.97978423972254713,0.99195127915567882,0.036248376947821924,0.024664884689044562,0.31955892191949259,0.1046070973176101,0.077701588149060696,0.026905509168549401,0.31955892191949259,0.46070901458880276,0,completed_late18_improvement,0,0
257,primary_compact_physics_temporal,deadline_value,deadline_value_per_cost,1,all_frames,0.074999999999999997,3.364096482982859e-05,0.07508697332817936,185.76778333491501,0.020215760277452761,0.0055779167476802793,0.014637843529772482,0.72408078295717149,0.035515588448998006,0.023029287618441148,0.97978423972254713,0.99442208325231962,0.036248376947821924,0.023158463600408411,0.36111722646936484,0.1046070973176101,0.073117441878144451,0.03148965543946565,0.36111722646936484,0.54259900471326816,0,completed_late18_improvement,0,0
258,primary_compact_physics_temporal,deadline_value,deadline_value_per_cost,1,all_frames,0.10000000000000001,2.4122484319377691e-05,0.10001932740626208,272.197358063119,0.020215760277452761,0.0042718164616546012,0.01594394381579816,0.78868880502015626,0.035515588448998006,0.020897516920035761,0.97978423972254713,0.99572818353834525,0.036248376947821924,0.020987170259433561,0.42101765577962991,0.1046070973176101,0.066816388660756426,0.037790708656853682,0.42101765577962991,0.60485323039989303,0,completed_late18_improvement,0,0
259,primary_compact_physics_temporal,deadline_value,deadline_value_per_cost,1,all_frames,0.125,1.9163542674505152e-05,0.1250483185156552,352.06284967297501,0.020215760277452761,0.0033946679245904776,0.016821092352862284,0.83207814704962391,0.035515588448998006,0.018417334398185548,0.97978423972254713,0.99660533207540936,0.036248376947821924,0.018480068092583693,0.49018219162791743,0.1046070973176101,0.061550425427792856,0.043056671889817245,0.49018219162791743,0.66113016933877067,0,completed_late18_improvement,0,0
260,primary_compact_physics_temporal,deadline_value,deadline_value_per_cost,1,all_frames,0.14999999999999999,1.4651391211373266e-05,0.15007730962504831,419.22210614151498,0.020215760277452761,0.0024715300275152639,0.017744230249937498,0.87774241514568041,0.035515588448998006,0.016712343521683035,0.97978423972254713,0.99752846997248468,0.036248376947821924,0.016753750920155713,0.53780686665579369,0.1046070973176101,0.057002182711541581,0.04760491460606852,0.53780686665579369,0.70777464090073705,0,assignment_airtime,0,0
261,primary_compact_physics_temporal,deadline_value,deadline_value_per_cost,1,all_frames,0.16500000000000001,1.2535015230241697e-05,0.16505604947816002,454.34735227765481,0.020215760277452761,0.002246296565223644,0.017969463712229117,0.88888389383361432,0.035515588448998006,0.015614643575914171,0.97978423972254713,0.99775370343477621,0.036248376947821924,0.01564979766265023,0.5682621132202007,0.1046070973176101,0.053570704542201864,0.051036392775408237,0.5682621132202007,0.72857300352690757,0,assignment_airtime,0,0
262,primary_compact_physics_temporal,deadline_value,deadline_value_per_cost,1,all_frames,0.17999999999999999,1.093641640181886e-05,0.18003478933127173,490.41720794701649,0.020215760277452761,0.0020516666535927743,0.018164093623859987,0.89851152638166876,0.035515588448998006,0.014415539314081804,0.97978423972254713,0.99794833334640709,0.036248376947821924,0.014445175999986256,0.60149454358247523,0.1046070973176101,0.050850311782182953,0.053756785535427148,0.60149454358247523,0.75000303498207199,0,assignment_airtime,0,0
263,primary_compact_physics_temporal,deadline_value,deadline_value_per_cost,1,all_frames,0.20000000000000001,9.3647604444413446e-06,0.20003865481252417,545.15698901087785,0.020215760277452761,0.0018886667032673374,0.018327093574185424,0.90657453999522231,0.035515588448998006,0.012791674522557691,0.97978423972254713,0.99811133329673252,0.036248376947821924,0.012815879447342977,0.64644266788024973,0.1046070973176101,0.047973611788364144,0.056633485529245957,0.64644266788024973,0.77650860393773602,0,action_fraction+assignment_airtime,0,0
264,primary_compact_physics_temporal,deadline_value,deadline_value_per_cost,1,p_frames_only,0.050000000000000003,5.5808646720834076e-05,0.05005798221878624,112.37225764147509,0.020215760277452761,0.0082520282928096114,0.01196373198464315,0.59180222858037435,0.035515588448998006,0.024354587563669386,0.97978423972254713,0.99174797170719031,0.036248376947821924,0.024557234558035459,0.32252871367497071,0.1046070973176101,0.077727002432257011,0.026880094885353093,0.32252871367497071,0.45716547112767253,0,completed_late18_improvement,0,0
265,primary_compact_physics_temporal,deadline_value,deadline_value_per_cost,1,p_frames_only,0.074999999999999997,3.2966978324111551e-05,0.07508697332817936,174.27116880979838,0.020215760277452761,0.0060575803959795078,0.014158179881473254,0.70035357004427345,0.035515588448998006,0.021408682999873183,0.97978423972254713,0.99394241960402041,0.036248376947821924,0.021539158182223725,0.40578972092382304,0.1046070973176101,0.071510337635975585,0.033096759681634523,0.40578972092382304,0.5530716454840483,0,completed_late18_improvement,0,0
266,primary_compact_physics_temporal,deadline_value,deadline_value_per_cost,1,p_frames_only,0.10000000000000001,2.3618344130227342e-05,0.10001932740626208,259.52502234082118,0.020215760277452761,0.0047274736999712314,0.01548828657748153,0.7661491017360389,0.035515588448998006,0.019224940892234862,0.97978423972254713,0.9952725263000286,0.036248376947821924,0.019316257993882806,0.46711385114738296,0.1046070973176101,0.065159991468156542,0.039447105849453566,0.46711385114738296,0.6166314764417109,0,completed_late18_improvement,0,0
267,primary_compact_physics_temporal,deadline_value,deadline_value_per_cost,1,p_frames_only,0.125,1.8532316971686669e-05,0.1250483185156552,333.52373610041201,0.020215760277452761,0.0040727762420123027,0.016142984035440459,0.79853459943553096,0.035515588448998006,0.017179641572904508,0.97978423972254713,0.99592722375798759,0.036248376947821924,0.017249896541716783,0.52411947805146386,0.1046070973176101,0.060465891146960493,0.044141206170649608,0.52411947805146386,0.66132703874349741,1,,0,0
268,primary_compact_physics_temporal,deadline_value,deadline_value_per_cost,1,p_frames_only,0.14999999999999999,1.4209219443728216e-05,0.15007730962504831,394.30739216341124,0.020215760277452761,0.0032421138751993692,0.016973646402253392,0.83962444000607805,0.035515588448998006,0.015275564712296501,0.97978423972254713,0.99675788612480054,0.036248376947821924,0.015325250920948221,0.5772155276632579,0.1046070973176101,0.055695066781483712,0.048912030536126389,0.5772155276632579,0.70841998383466798,1,,0,0
269,primary_compact_physics_temporal,deadline_value,deadline_value_per_cost,1,p_frames_only,0.16500000000000001,1.2176851669210009e-05,0.16505604947816002,428.60900931256674,0.020215760277452761,0.0030027408781093425,0.017213019399343419,0.85146534995973466,0.035515588448998006,0.014049468096304238,0.97978423972254713,0.99699725912189052,0.036248376947821924,0.014091782066360308,0.61124377826226917,0.1046070973176101,0.052072094251630618,0.052535003065979483,0.61124377826226917,0.73135456411100197,0,assignment_airtime,0,0
270,primary_compact_physics_temporal,deadline_value,deadline_value_per_cost,1,p_frames_only,0.17999999999999999,1.0739498065959197e-05,0.18003478933127173,466.37471374166699,0.020215760277452761,0.002829501406862011,0.01738625887059075,0.86003487536316714,0.035515588448998006,0.012909518598698443,0.97978423972254713,0.99717049859313789,0.036248376947821924,0.012946149747622789,0.64284884351489036,0.1046070973176101,0.049166467007137886,0.055440630310472215,0.64284884351489036,0.75144185943902875,0,assignment_airtime,0,0
271,primary_compact_physics_temporal,deadline_value,deadline_value_per_cost,1,p_frames_only,0.20000000000000001,9.0805515355896205e-06,0.20003865481252417,519.5710413228785,0.020215760277452761,0.0026426286251378037,0.017573131652314958,0.86927879095968474,0.035515588448998006,0.011702048906362117,0.97978423972254713,0.99735737137486213,0.036248376947821924,0.011733055013400847,0.67631502424811718,0.1046070973176101,0.047102367308345328,0.057504730009264773,0.67631502424811718,0.77279690760390096,0,action_fraction+assignment_airtime,0,0
272,primary_compact_physics_temporal,deadline_value,deadline_value,0,all_frames,0.050000000000000003,0.13167157769203186,0.05005798221878624,139.12764606690055,0.020215760277452761,0.0073454460950886976,0.012870314182364064,0.63664754655399769,0.035515588448998006,0.025976145519327989,0.97978423972254713,0.9926545539049112,0.036248376947821924,0.026168363825202687,0.27808177831324721,0.1046070973176101,0.079116771618181023,0.025490325699429075,0.27808177831324721,0.45736466243362245,0,completed_late18_improvement,0,0
273,primary_compact_physics_temporal,deadline_value,deadline_value,0,all_frames,0.074999999999999997,0.078996509313583374,0.07508697332817936,199.56623093579577,0.020215760277452761,0.0055851994015635523,0.014630560875889209,0.72372053660564573,0.035515588448998006,0.022435487182536934,0.97978423972254713,0.99441480059843634,0.036248376947821924,0.022561497645685998,0.37758599017654326,0.1046070973176101,0.072843046577600962,0.031764050740009146,0.37758599017654326,0.55065326339109455,0,completed_late18_improvement,0,0
274,primary_compact_physics_temporal,deadline_value,deadline_value,0,all_frames,0.10000000000000001,0.056246008723974228,0.10001932740626208,280.58766678587835,0.020215760277452761,0.0046131267363431743,0.015602633541109587,0.77180542937638952,0.035515588448998006,0.02011924645992311,0.97978423972254713,0.99538687326365671,0.036248376947821924,0.020212489234418457,0.44238912369749633,0.1046070973176101,0.065879933102913513,0.038727164214696581,0.44238912369749633,0.6070972765369429,0,completed_late18_improvement,0,0
275,primary_compact_physics_temporal,deadline_value,deadline_value,0,all_frames,0.125,0.044923707842826843,0.1250483185156552,361.63005671950384,0.020215760277452761,0.0032792994575788353,0.016936460819873926,0.83778500474027007,0.035515588448998006,0.017659379054855609,0.97978423972254713,0.99672070054242101,0.036248376947821924,0.01771747997733495,0.51122004709787283,0.1046070973176101,0.059941504826443601,0.0446655924911665,0.51122004709787283,0.67450252591907145,1,,0,0
276,primary_compact_physics_temporal,deadline_value,deadline_value,0,all_frames,0.14999999999999999,0.03446425125002861,0.15007730962504831,435.17176947602758,0.020215760277452761,0.0024686008108034327,0.017747159466649329,0.87788731282311772,0.035515588448998006,0.014081323114283815,0.97978423972254713,0.99753139918919642,0.036248376947821924,0.014116170303741071,0.61057096917578602,0.1046070973176101,0.054857691451091546,0.049749405866518555,0.61057096917578602,0.74422914099945192,0,assignment_airtime,0,0
277,primary_compact_physics_temporal,deadline_value,deadline_value,0,all_frames,0.16500000000000001,0.029783071950078011,0.16505604947816002,471.97461324699646,0.020215760277452761,0.0021360874377467712,0.01807967283970599,0.8943355377967549,0.035515588448998006,0.012938087419346884,0.97978423972254713,0.99786391256225315,0.036248376947821924,0.012965783466530286,0.64230719943146664,0.1046070973176101,0.050442704645362317,0.054164392672247784,0.64230719943146664,0.76832136861411082,0,assignment_airtime,0,0
278,primary_compact_physics_temporal,deadline_value,deadline_value,0,all_frames,0.17999999999999999,0.025921063497662544,0.18003478933127173,513.22813649104717,0.020215760277452761,0.0019439717770171894,0.018271788500435572,0.90383879951399315,0.035515588448998006,0.012118772401883745,0.97978423972254713,0.99805602822298267,0.036248376947821924,0.012142376839766159,0.66502288206601301,0.1046070973176101,0.04829264474363261,0.056314452573977491,0.66502288206601301,0.78443084079000314,0,assignment_airtime,0,0
279,primary_compact_physics_temporal,deadline_value,deadline_value,0,all_frames,0.20000000000000001,0.022417852655053139,0.20003865481252417,579.42538742502416,0.020215760277452761,0.0017761421195087342,0.018439618157944027,0.91214072114370492,0.035515588448998006,0.010514898149545544,0.97978423972254713,0.99822385788049117,0.036248376947821924,0.010533607333200409,0.70940471766879076,0.1046070973176101,0.045982690274341001,0.0586244070432691,0.70940471766879076,0.81077271940624784,0,action_fraction+assignment_airtime,0,0
280,primary_compact_physics_temporal,deadline_value,deadline_value,0,p_frames_only,0.050000000000000003,0.12706510722637177,0.05005798221878624,115.33338695510169,0.020215760277452761,0.0079597753463880195,0.012255984931064742,0.60625891694680445,0.035515588448998006,0.024134430327804428,0.97978423972254713,0.99204022465361186,0.036248376947821924,0.024328076350161491,0.32885060246474551,0.1046070973176101,0.076876054990782997,0.027731042326827108,0.32885060246474551,0.46755475970577498,0,completed_late18_improvement,0,0
281,primary_compact_physics_temporal,deadline_value,deadline_value,0,p_frames_only,0.074999999999999997,0.073947444558143616,0.07508697332817936,179.02060044660232,0.020215760277452761,0.0060381654537179572,0.014177594823734804,0.7013139564949975,0.035515588448998006,0.02116699023481388,0.97978423972254713,0.99396183454628195,0.036248376947821924,0.021295576448844302,0.41250951788825124,0.1046070973176101,0.071043327851720003,0.033563769465890098,0.41250951788825124,0.55691173719162435,0,completed_late18_improvement,0,0
282,primary_compact_physics_temporal,deadline_value,deadline_value,0,p_frames_only,0.10000000000000001,0.053229410201311111,0.10001932740626208,257.74584472005341,0.020215760277452761,0.0049747843367256902,0.015240975940727071,0.75391554567085883,0.035515588448998006,0.019183172852847846,0.97978423972254713,0.99502521566327418,0.036248376947821924,0.019279082128647894,0.46813943817679465,0.1046070973176101,0.065284645609486394,0.039322451708123707,0.46813943817679465,0.61102749192382677,0,completed_late18_improvement,0,0
283,primary_compact_physics_temporal,deadline_value,deadline_value,0,p_frames_only,0.125,0.042263634502887726,0.1250483185156552,326.52502036409686,0.020215760277452761,0.0039141051532265367,0.016301655124226225,0.80638348004195248,0.035515588448998006,0.015968813390358043,0.97978423972254713,0.99608589484677335,0.036248376947821924,0.016031562612192702,0.55773019478170049,0.1046070973176101,0.05901189324633474,0.045595204071275361,0.55773019478170049,0.68205683741182654,1,,0,0
284,primary_compact_physics_temporal,deadline_value,deadline_value,0,p_frames_only,0.14999999999999999,0.032018072903156281,0.15007730962504831,387.41461042557785,0.020215760277452761,0.0032223142832409693,0.016993445994211792,0.84060385367574264,0.035515588448998006,0.013980752655945519,0.97978423972254713,0.99677768571675895,0.036248376947821924,0.014025948670683066,0.61305995325327656,0.1046070973176101,0.054249452369057906,0.050357644948552195,0.61305995325327656,0.72683190346450965,1,,0,0
285,primary_compact_physics_temporal,deadline_value,deadline_value,0,p_frames_only,0.16500000000000001,0.027478331699967384,0.16505604947816002,425.99199337003944,0.020215760277452761,0.0030205465395780062,0.017195213737874755,0.85058456876603783,0.035515588448998006,0.013008444873247343,0.97978423972254713,0.99697945346042194,0.036248376947821924,0.013047856531141393,0.64004301351414283,0.1046070973176101,0.051181044683505907,0.053426052634104194,0.64004301351414283,0.74531379114009033,0,assignment_airtime,0,0
286,primary_compact_physics_temporal,deadline_value,deadline_value,0,p_frames_only,0.17999999999999999,0.024194087833166122,0.18003478933127173,462.5509025988685,0.020215760277452761,0.0027054767797656705,0.017510283497687091,0.86616992175242757,0.035515588448998006,0.011965358600785188,0.97978423972254713,0.99729452322023426,0.036248376947821924,0.01199781841992815,0.66901087910229684,0.1046070973176101,0.048458548376741087,0.056148548940869014,0.66901087910229684,0.76759040042736215,0,assignment_airtime,0,0
287,primary_compact_physics_temporal,deadline_value,deadline_value,0,p_frames_only,0.20000000000000001,0.020355263724923134,0.20003865481252417,505.20832829161395,0.020215760277452761,0.0026288050008274159,0.017586955276625345,0.86996259528466013,0.035515588448998006,0.010390976872656339,0.97978423972254713,0.99737119499917248,0.036248376947821924,0.010418364721937814,0.71258396653360145,0.1046070973176101,0.045615503227684415,0.058991594089925686,0.71258396653360145,0.79127328090913074,0,action_fraction+assignment_airtime,0,0
288,primary_compact_physics_temporal,completed_late18_value,completed_late18_value_per_cost,1,all_frames,0.050000000000000003,7.0334259362425655e-05,0.05005798221878624,114.5591569770133,0.020215760277452761,0.0098078776288916553,0.010407882648561106,0.51484003103110232,0.035515588448998006,0.024240149425030028,0.97978423972254713,0.99019212237110821,0.036248376947821924,0.024480248708689693,0.32465255633574924,0.1046070973176101,0.079177195401656075,0.025429901915954022,0.32465255633574924,0.41974629368342575,0,completed_late18_improvement,0,0
289,primary_compact_physics_temporal,completed_late18_value,completed_late18_value_per_cost,1,all_frames,0.074999999999999997,5.2747931476915255e-05,0.07508697332817936,175.78107488010855,0.020215760277452761,0.0080131362905679071,0.012202623986884854,0.60361934547150342,0.035515588448998006,0.021010667163528465,0.97978423972254713,0.99198686370943201,0.036248376947821924,0.021180388503292527,0.41568725866593031,0.1046070973176101,0.07110609478169419,0.033501002535915918,0.41568725866593031,0.50965330206871684,0,completed_late18_improvement,0,0
290,primary_compact_physics_temporal,completed_late18_value,completed_late18_value_per_cost,1,all_frames,0.10000000000000001,4.2286264942958951e-05,0.10001932740626208,243.70510033961182,0.020215760277452761,0.0067525154139707905,0.013463244863481971,0.66597766686509086,0.035515588448998006,0.017161057825931254,0.97978423972254713,0.99324748458602907,0.036248376947821924,0.017277725936636758,0.52335173623063602,0.1046070973176101,0.062941259345693473,0.041665837971916628,0.52335173623063602,0.59466470154786344,1,,0,0
291,primary_compact_physics_temporal,completed_late18_value,completed_late18_value_per_cost,1,all_frames,0.125,3.522478073136881e-05,0.1250483185156552,319.37042306769547,0.020215760277452761,0.0054546132456955096,0.014761147031757252,0.73018015791475321,0.035515588448998006,0.0153876471102436,0.97978423972254713,0.99454538675430437,0.036248376947821924,0.015472041110623554,0.5731659618058228,0.1046070973176101,0.058730087542663734,0.045877009774946367,0.5731659618058228,0.65167305986028801,1,,0,0
292,primary_compact_physics_temporal,completed_late18_value,completed_late18_value_per_cost,1,all_frames,0.14999999999999999,3.0317492928588763e-05,0.15007730962504831,393.38624350510241,0.020215760277452761,0.0035900778422675375,0.016625682435185224,0.82241193044460181,0.035515588448998006,0.014972663390296959,0.97978423972254713,0.99640992215773239,0.036248376947821924,0.015026610090226275,0.58545426428729563,0.1046070973176101,0.05256402294956275,0.052043074368047351,0.58545426428729563,0.70393309736594878,1,,0,0
293,primary_compact_physics_temporal,completed_late18_value,completed_late18_value_per_cost,1,all_frames,0.16500000000000001,2.7250194762018509e-05,0.16505604947816002,431.12329208400735,0.020215760277452761,0.0028581676371090686,0.017357592640343693,0.85861686140506588,0.035515588448998006,0.01342391628387897,0.97978423972254713,0.99714183236289078,0.036248376947821924,0.013462394062907584,0.6286069833613197,0.1046070973176101,0.048903878500040202,0.055703218817569899,0.6286069833613197,0.74361192238319274,0,assignment_airtime,0,0
294,primary_compact_physics_temporal,completed_late18_value,completed_late18_value_per_cost,1,all_frames,0.17999999999999999,2.474720349709969e-05,0.18003478933127173,469.20942868569443,0.020215760277452761,0.0027128497296353658,0.017502910547817396,0.86580520878746825,0.035515588448998006,0.013201340930443232,0.97978423972254713,0.99728715027036452,0.036248376947821924,0.013237251604880649,0.63481808788473093,0.1046070973176101,0.046627436264962338,0.057979661052647763,0.63481808788473093,0.75031164833609965,0,assignment_airtime,0,0
295,primary_compact_physics_temporal,completed_late18_value,completed_late18_value_per_cost,1,all_frames,0.20000000000000001,2.190321174566634e-05,0.20003865481252417,525.17688772007227,0.020215760277452761,0.0025510268057091397,0.017664733471743622,0.87380999919382818,0.035515588448998006,0.011939627554929687,0.97978423972254713,0.99744897319429071,0.036248376947821924,0.011970163763559256,0.66977380033346534,0.1046070973176101,0.04457187149521414,0.060035225822395961,0.66977380033346534,0.77179189976364682,0,action_fraction+assignment_airtime,0,0
296,primary_compact_physics_temporal,completed_late18_value,completed_late18_value_per_cost,1,p_frames_only,0.050000000000000003,7.0334259362425655e-05,0.05005798221878624,114.5591569770133,0.020215760277452761,0.0098078776288916553,0.010407882648561106,0.51484003103110232,0.035515588448998006,0.024240149425030028,0.97978423972254713,0.99019212237110821,0.036248376947821924,0.024480248708689693,0.32465255633574924,0.1046070973176101,0.079177195401656075,0.025429901915954022,0.32465255633574924,0.41974629368342575,0,completed_late18_improvement,0,0
297,primary_compact_physics_temporal,completed_late18_value,completed_late18_value_per_cost,1,p_frames_only,0.074999999999999997,5.2747931476915255e-05,0.07508697332817936,175.78107488010855,0.020215760277452761,0.0080131362905679071,0.012202623986884854,0.60361934547150342,0.035515588448998006,0.021010667163528465,0.97978423972254713,0.99198686370943201,0.036248376947821924,0.021180388503292527,0.41568725866593031,0.1046070973176101,0.07110609478169419,0.033501002535915918,0.41568725866593031,0.50965330206871684,0,completed_late18_improvement,0,0
298,primary_compact_physics_temporal,completed_late18_value,completed_late18_value_per_cost,1,p_frames_only,0.10000000000000001,4.2286264942958951e-05,0.10001932740626208,243.70510033961182,0.020215760277452761,0.0067525154139707905,0.013463244863481971,0.66597766686509086,0.035515588448998006,0.017161057825931254,0.97978423972254713,0.99324748458602907,0.036248376947821924,0.017277725936636758,0.52335173623063602,0.1046070973176101,0.062941259345693473,0.041665837971916628,0.52335173623063602,0.59466470154786344,1,,0,0
299,primary_compact_physics_temporal,completed_late18_value,completed_late18_value_per_cost,1,p_frames_only,0.125,3.5178512916900218e-05,0.1250483185156552,318.06230782958795,0.020215760277452761,0.0054668967593848056,0.014748863518067956,0.72957253725044424,0.035515588448998006,0.015478690101084974,0.97978423972254713,0.99453310324061506,0.036248376947821924,0.015563775655781358,0.57063524035338786,0.1046070973176101,0.05787730845394886,0.046729788863661241,0.57063524035338786,0.65010388880191605,1,,0,0
300,primary_compact_physics_temporal,completed_late18_value,completed_late18_value_per_cost,1,p_frames_only,0.14999999999999999,3.0013388823135756e-05,0.15007730962504831,380.80103285573563,0.020215760277452761,0.0041108033746764666,0.016104956902776295,0.79665353574352737,0.035515588448998006,0.014365981748788989,0.97978423972254713,0.99588919662532338,0.036248376947821924,0.014425281243605863,0.60204338902206644,0.1046070973176101,0.051622059088944287,0.052985038228665814,0.60204338902206644,0.69934846238279691,1,,0,0
301,primary_compact_physics_temporal,completed_late18_value,completed_late18_value_per_cost,1,p_frames_only,0.16500000000000001,2.6947487640427426e-05,0.16505604947816002,418.48787089740915,0.020215760277452761,0.0034768391280772352,0.016738921149375526,0.82801343702343677,0.035515588448998006,0.012940149898209945,0.97978423972254713,0.99652316087192261,0.036248376947821924,0.012985297689305857,0.64176885194066291,0.1046070973176101,0.048077960569596026,0.056529136748014075,0.64176885194066291,0.73489114448204984,0,assignment_airtime,0,0
302,primary_compact_physics_temporal,completed_late18_value,completed_late18_value_per_cost,1,p_frames_only,0.17999999999999999,2.4245826352853328e-05,0.18003478933127173,453.21058566025488,0.020215760277452761,0.0034028829061700169,0.016812877371282745,0.83167178184412127,0.035515588448998006,0.01228740055011111,0.97978423972254713,0.99659711709382992,0.036248376947821924,0.012329355904562835,0.65986460794339996,0.1046070973176101,0.046195502989437663,0.058411594328172438,0.65986460794339996,0.74576819489376067,0,assignment_airtime,0,0
303,primary_compact_physics_temporal,completed_late18_value,completed_late18_value_per_cost,1,p_frames_only,0.20000000000000001,2.1389432731666602e-05,0.20003865481252417,499.45101179813537,0.020215760277452761,0.0032155263166800119,0.01700023396077275,0.84093962964794433,0.035515588448998006,0.011219299177628733,0.97978423972254713,0.9967844736833199,0.036248376947821924,0.01125549150677594,0.689489779832687,0.1046070973176101,0.045439435126234246,0.059167662191375855,0.689489779832687,0.76521470474031572,0,action_fraction+assignment_airtime,0,0
304,primary_compact_physics_temporal,completed_late18_value,completed_late18_value,0,all_frames,0.050000000000000003,0.17138461768627167,0.05005798221878624,135.97324293874945,0.020215760277452761,0.0091564199090188592,0.011059340368433902,0.54706527069222888,0.035515588448998006,0.024671947672890222,0.97978423972254713,0.99084358009098106,0.036248376947821924,0.024899941997529821,0.31307429203320514,0.1046070973176101,0.078903107874779832,0.025703989442830269,0.31307429203320514,0.43006978136271701,0,completed_late18_improvement,0,0
305,primary_compact_physics_temporal,completed_late18_value,completed_late18_value,0,all_frames,0.074999999999999997,0.12908917665481567,0.07508697332817936,223.15512443714422,0.020215760277452761,0.0072071947990529611,0.0130085654783998,0.64348633441744163,0.035515588448998006,0.020961247867208231,0.97978423972254713,0.99279280520094693,0.036248376947821924,0.021113416371873844,0.4175348484632635,0.1046070973176101,0.071570455327616661,0.033036641989993447,0.4175348484632635,0.53051059144035251,0,completed_late18_improvement,0,0
306,primary_compact_physics_temporal,completed_late18_value,completed_late18_value,0,all_frames,0.10000000000000001,0.1011558398604393,0.10001932740626208,307.3242343731954,0.020215760277452761,0.005821586827019774,0.014394173450432987,0.71202731200207381,0.035515588448998006,0.016867519989212265,0.97978423972254713,0.99417841317298006,0.036248376947821924,0.016966290723793291,0.53194343713056225,0.1046070973176101,0.063240052359183577,0.041367044958426524,0.53194343713056225,0.62198537456631797,1,,0,0
307,primary_compact_physics_temporal,completed_late18_value,completed_late18_value,0,all_frames,0.125,0.084893293678760529,0.1250483185156552,373.78542983937064,0.020215760277452761,0.0049941942296566344,0.015221566047796127,0.75295540899212143,0.035515588448998006,0.013143858549945361,0.97978423972254713,0.99500580577034325,0.036248376947821924,0.01320983101175903,0.63557455190961931,0.1046070973176101,0.055271767291412435,0.049335330026197666,0.63557455190961931,0.69426498045087037,1,,0,0
308,primary_compact_physics_temporal,completed_late18_value,completed_late18_value,0,all_frames,0.14999999999999999,0.073126114904880524,0.15007730962504831,447.21782757023902,0.020215760277452761,0.0035695613449842969,0.016646198932468464,0.82342680680847136,0.035515588448998006,0.011848425075963717,0.97978423972254713,0.99643043865501557,0.036248376947821924,0.011890870266826406,0.6719613050829053,0.1046070973176101,0.049872730313160141,0.05473436700444996,0.6719613050829053,0.74769405594568839,0,assignment_airtime,0,0
309,primary_compact_physics_temporal,completed_late18_value,completed_late18_value,0,all_frames,0.16500000000000001,0.066739805042743683,0.16505604947816002,496.56674558566101,0.020215760277452761,0.0030129622920867342,0.017202797985366027,0.85095973385442347,0.035515588448998006,0.010749111156237626,0.97978423972254713,0.99698703770791319,0.036248376947821924,0.010781595697522788,0.70256335302840012,0.1046070973176101,0.046022895979464087,0.058584201338146014,0.70256335302840012,0.77676154344141179,0,assignment_airtime,0,0
310,primary_compact_physics_temporal,completed_late18_value,completed_late18_value,0,all_frames,0.17999999999999999,0.060192659497261047,0.18003478933127173,538.13057038652357,0.020215760277452761,0.0024766065728542598,0.017739153704598502,0.87749129694535932,0.035515588448998006,0.0097892203231490019,0.97978423972254713,0.99752339342714569,0.036248376947821924,0.0098135245625835636,0.72926995940508632,0.1046070973176101,0.04269018621506554,0.061916911102544561,0.72926995940508632,0.80338062817522282,0,assignment_airtime,0,0
311,primary_compact_physics_temporal,completed_late18_value,completed_late18_value,0,all_frames,0.20000000000000001,0.053317703306674957,0.20003865481252417,600.25299922264037,0.020215760277452761,0.0021527111127425669,0.018063049164710195,0.89351322516702225,0.035515588448998006,0.0085809647869022551,0.97978423972254713,0.99784728888725738,0.036248376947821924,0.0085994769765534562,0.76276242688239371,0.1046070973176101,0.040047939668166624,0.064559157649443477,0.76276242688239371,0.82813782602470798,0,action_fraction+assignment_airtime,0,0
312,primary_compact_physics_temporal,completed_late18_value,completed_late18_value,0,p_frames_only,0.050000000000000003,0.16100548207759857,0.05005798221878624,119.54774653474712,0.020215760277452761,0.00925562038105056,0.010960139896402201,0.54215818480130928,0.035515588448998006,0.02352403702062137,0.97978423972254713,0.99074437961894934,0.036248376947821924,0.02374380062561542,0.34496927518179193,0.1046070973176101,0.076526094960613203,0.028081002356996902,0.34496927518179193,0.44356372999155058,0,completed_late18_improvement,0,0
313,primary_compact_physics_temporal,completed_late18_value,completed_late18_value,0,p_frames_only,0.074999999999999997,0.11882920563220978,0.07508697332817936,183.9468732036697,0.020215760277452761,0.0076240887217345534,0.012591671555718208,0.6228641111144394,0.035515588448998006,0.020817544287518509,0.97978423972254713,0.9923759112782653,0.036248376947821924,0.020977478444336409,0.4212850281673951,0.1046070973176101,0.070723449545527603,0.033883647772082498,0.4212850281673951,0.52207456964091725,0,completed_late18_improvement,0,0
314,primary_compact_physics_temporal,completed_late18_value,completed_late18_value,0,p_frames_only,0.10000000000000001,0.094567283987998962,0.10001932740626208,242.29952916871383,0.020215760277452761,0.0062598157540530927,0.013955944523399669,0.69034972377294901,0.035515588448998006,0.016685358302682526,0.97978423972254713,0.99374018424594679,0.036248376947821924,0.016790463510684566,0.53679406019050835,0.1046070973176101,0.061789853719162222,0.042817243598447879,0.53679406019050835,0.61357189198172868,1,,0,0
315,primary_compact_physics_temporal,completed_late18_value,completed_late18_value,0,p_frames_only,0.125,0.079403921961784363,0.1250483185156552,310.24761172346979,0.020215760277452761,0.0054268303996511114,0.01478892987780165,0.73155447407516916,0.035515588448998006,0.013779672412741972,0.97978423972254713,0.99457316960034881,0.036248376947821924,0.013854860390290926,0.61777984128132302,0.1046070973176101,0.054339532723858275,0.050267564593751826,0.61777984128132302,0.67466715767824614,1,,0,0
316,primary_compact_physics_temporal,completed_late18_value,completed_late18_value,0,p_frames_only,0.14999999999999999,0.067947767674922943,0.15007730962504831,371.1036621887518,0.020215760277452761,0.0038854537734342547,0.016330306504018507,0.80780075940216722,0.035515588448998006,0.012479665129175845,0.97978423972254713,0.9961145462265657,0.036248376947821924,0.012528343428424698,0.65437505115170425,0.1046070973176101,0.048846032907101843,0.055761064410508258,0.65437505115170425,0.73108790527693568,1,,0,0
317,primary_compact_physics_temporal,completed_late18_value,completed_late18_value,0,p_frames_only,0.16500000000000001,0.060560524463653564,0.16505604947816002,411.37213854586275,0.020215760277452761,0.0033460380718073369,0.016869722205645424,0.83448368867238332,0.035515588448998006,0.011394014628433348,0.97978423972254713,0.99665396192819256,0.036248376947821924,0.011432267430502895,0.68461298427349782,0.1046070973176101,0.045736786523448661,0.05887031079416144,0.68461298427349782,0.75954833647294051,0,assignment_airtime,0,0
318,primary_compact_physics_temporal,completed_late18_value,completed_late18_value,0,p_frames_only,0.17999999999999999,0.05469919741153717,0.18003478933127173,445.06990549024249,0.020215760277452761,0.0030647960228964745,0.017150964254556287,0.84839570805977882,0.035515588448998006,0.010781593526351101,0.97978423972254713,0.99693520397710345,0.036248376947821924,0.010814738493875797,0.70164902805322349,0.1046070973176101,0.045148079280663278,0.059459018036946823,0.70164902805322349,0.77502236805650115,0,assignment_airtime,0,0
319,primary_compact_physics_temporal,completed_late18_value,completed_late18_value,0,p_frames_only,0.20000000000000001,0.048284545540809631,0.20003865481252417,490.06109511148946,0.020215760277452761,0.0030453625238366679,0.017170397753616094,0.84935701244769646,0.035515588448998006,0.0096319639886220353,0.97978423972254713,0.9969546374761632,0.036248376947821924,0.0096613864127316745,0.73346706180420573,0.1046070973176101,0.043444165146403348,0.061162932171206753,0.73346706180420573,0.7914120371259511,0,action_fraction+assignment_airtime,0,0
320,primary_compact_physics_temporal,balanced_normalized_value,balanced_normalized_value_per_cost,1,all_frames,0.050000000000000003,0.0016618615482002497,0.05005798221878624,108.10217290400962,0.020215760277452761,0.0086291316023801891,0.011586628675072572,0.57314830192142141,0.035515588448998006,0.024037547869363209,0.97978423972254713,0.99137086839761968,0.036248376947821924,0.024246776494669213,0.33109345752027824,0.1046070973176101,0.07679635582930025,0.027810741488309844,0.33109345752027824,0.4521208797208498,0,completed_late18_improvement,0,0
321,primary_compact_physics_temporal,balanced_normalized_value,balanced_normalized_value_per_cost,1,all_frames,0.074999999999999997,0.0011907698353752494,0.07508697332817936,178.71449725320346,0.020215760277452761,0.0058809140853705536,0.014334846192082208,0.70909260870442192,0.035515588448998006,0.020888458067682192,0.97978423972254713,0.99411908591462939,0.036248376947821924,0.021012027999104326,0.42033189432590889,0.1046070973176101,0.070102119501993132,0.034504977815616962,0.42033189432590889,0.56471225151516546,0,completed_late18_improvement,0,0
322,primary_compact_physics_temporal,balanced_normalized_value,balanced_normalized_value_per_cost,1,all_frames,0.10000000000000001,0.00090819597244262695,0.10001932740626208,257.55022560742526,0.020215760277452761,0.004386988414120465,0.015828771863332296,0.78299166818804222,0.035515588448998006,0.020097642851297365,0.97978423972254713,0.99561301158587945,0.036248376947821924,0.020186199474517198,0.44311439092640154,0.1046070973176101,0.065194786161968624,0.039412311155641477,0.44311439092640154,0.61305302955722185,0,completed_late18_improvement,0,0
323,primary_compact_physics_temporal,balanced_normalized_value,balanced_normalized_value_per_cost,1,all_frames,0.125,0.0007352273678407073,0.1250483185156552,332.45944678953339,0.020215760277452761,0.0033082157788831279,0.016907544498569634,0.83635461968883362,0.035515588448998006,0.017804529923122713,0.97978423972254713,0.99669178422111682,0.036248376947821924,0.017863626654689838,0.50718823409931413,0.1046070973176101,0.059853466768503082,0.044753630549107019,0.50718823409931413,0.67177142689407388,1,,0,0
324,primary_compact_physics_temporal,balanced_normalized_value,balanced_normalized_value_per_cost,1,all_frames,0.14999999999999999,0.00059679476544260979,0.15007730962504831,406.48222323014659,0.020215760277452761,0.0023872588973176019,0.01782850138013516,0.88191100089467411,0.035515588448998006,0.015486405073550629,0.97978423972254713,0.99761274110268228,0.036248376947821924,0.015523463600147268,0.57174734685382833,0.1046070973176101,0.053812647323352468,0.050794449994257633,0.57174734685382833,0.72682917387425117,0,assignment_airtime,0,0
325,primary_compact_physics_temporal,balanced_normalized_value,balanced_normalized_value_per_cost,1,all_frames,0.16500000000000001,0.00053002021741122007,0.16505604947816002,450.5027483013501,0.020215760277452761,0.0021757527854681449,0.018040007491984617,0.89237343757509691,0.035515588448998006,0.014398235279259555,0.97978423972254713,0.99782424721453178,0.036248376947821924,0.014429630588205121,0.60192340172979353,0.1046070973176101,0.051651947594722206,0.052955149722887895,0.60192340172979353,0.74714841965244516,0,assignment_airtime,0,0
326,primary_compact_physics_temporal,balanced_normalized_value,balanced_normalized_value_per_cost,1,all_frames,0.17999999999999999,0.00047348826774396002,0.18003478933127173,489.21751951474238,0.020215760277452761,0.0020109395732160369,0.018204820704236725,0.90052614664911235,0.035515588448998006,0.013301865384044521,0.97978423972254713,0.99798906042678381,0.036248376947821924,0.013328668531051895,0.63229612872769514,0.1046070973176101,0.048824424591928692,0.055782672725681409,0.63229612872769514,0.76641113768840374,0,assignment_airtime,0,0
327,primary_compact_physics_temporal,balanced_normalized_value,balanced_normalized_value_per_cost,1,all_frames,0.20000000000000001,0.0004109677392989397,0.20003865481252417,538.04540927955043,0.020215760277452761,0.0016857937421587213,0.01852996653529404,0.91660992616543158,0.035515588448998006,0.01237419648287166,0.97978423972254713,0.99831420625784117,0.036248376947821924,0.012395092051485536,0.65805111579677711,0.1046070973176101,0.045891175705415788,0.058715921612194313,0.65805111579677711,0.78733052098110434,0,action_fraction+assignment_airtime,0,0
328,primary_compact_physics_temporal,balanced_normalized_value,balanced_normalized_value_per_cost,1,p_frames_only,0.050000000000000003,0.0016618615482002497,0.05005798221878624,108.10217290400962,0.020215760277452761,0.0086291316023801891,0.011586628675072572,0.57314830192142141,0.035515588448998006,0.024037547869363209,0.97978423972254713,0.99137086839761968,0.036248376947821924,0.024246776494669213,0.33109345752027824,0.1046070973176101,0.07679635582930025,0.027810741488309844,0.33109345752027824,0.4521208797208498,0,completed_late18_improvement,0,0
329,primary_compact_physics_temporal,balanced_normalized_value,balanced_normalized_value_per_cost,1,p_frames_only,0.074999999999999997,0.0011870833113789558,0.07508697332817936,176.96911135775835,0.020215760277452761,0.0060819390192972233,0.014133821258155538,0.69914863770517743,0.035515588448998006,0.020983670279669214,0.97978423972254713,0.99391806098070268,0.036248376947821924,0.021112072617902274,0.41757191919814091,0.1046070973176101,0.069999002525037296,0.034608094792572805,0.41757191919814091,0.55836027845165914,0,completed_late18_improvement,0,0
330,primary_compact_physics_temporal,balanced_normalized_value,balanced_normalized_value_per_cost,1,p_frames_only,0.10000000000000001,0.00089978345204144716,0.10001932740626208,244.53504874977156,0.020215760277452761,0.0050757296752804264,0.015140030602172335,0.74892214759088038,0.035515588448998006,0.018152263879345518,0.97978423972254713,0.99492427032471942,0.036248376947821924,0.018244869906953877,0.49667070795427254,0.1046070973176101,0.063609948562937835,0.040997148754672266,0.49667070795427254,0.62279642777257649,0,completed_late18_improvement,0,0
331,primary_compact_physics_temporal,balanced_normalized_value,balanced_normalized_value_per_cost,1,p_frames_only,0.125,0.00072581914719194174,0.1250483185156552,318.44787688371616,0.020215760277452761,0.0039992325866856394,0.016216527690767122,0.80217253609075967,0.035515588448998006,0.01607426074188267,0.97978423972254713,0.99600076741331423,0.036248376947821924,0.016138803571034071,0.55477169103970569,0.1046070973176101,0.058322501969272779,0.046284595348337322,0.55477169103970569,0.67847211356523274,1,,0,0
332,primary_compact_physics_temporal,balanced_normalized_value,balanced_normalized_value_per_cost,1,p_frames_only,0.14999999999999999,0.00058959965826943517,0.15007730962504831,391.26177061653243,0.020215760277452761,0.0030671743356428839,0.017148585941809878,0.84827806159416153,0.035515588448998006,0.014195064187657806,0.97978423972254713,0.99693282566435704,0.036248376947821924,0.014238736875975773,0.60718967096176857,0.1046070973176101,0.053360569383015234,0.051246527934594867,0.60718967096176857,0.7277338662779651,1,,0,0
333,primary_compact_physics_temporal,balanced_normalized_value,balanced_normalized_value_per_cost,1,p_frames_only,0.16500000000000001,0.00051870691822841763,0.16505604947816002,428.61908975185719,0.020215760277452761,0.0028305670483959947,0.017385193229056767,0.85998216195939903,0.035515588448998006,0.013078001117407697,0.97978423972254713,0.99716943295160387,0.036248376947821924,0.013115124356246104,0.63818726628436917,0.1046070973176101,0.050280357452550384,0.054326739865059717,0.63818726628436917,0.74908471412188415,0,assignment_airtime,0,0
334,primary_compact_physics_temporal,balanced_normalized_value,balanced_normalized_value_per_cost,1,p_frames_only,0.17999999999999999,0.00046550389379262924,0.18003478933127173,470.78873364642914,0.020215760277452761,0.0027875643946003933,0.017428195882852368,0.86210934655228144,0.035515588448998006,0.012103726478300981,0.97978423972254713,0.99721243560539952,0.036248376947821924,0.012137560710374523,0.66515574675671552,0.1046070973176101,0.047512404353628752,0.057094692963981349,0.66515574675671552,0.76363254665449842,0,assignment_airtime,0,0
335,primary_compact_physics_temporal,balanced_normalized_value,balanced_normalized_value_per_cost,1,p_frames_only,0.20000000000000001,0.00040161545621231198,0.20003865481252417,515.10555268028645,0.020215760277452761,0.0023726256304305443,0.017843134647022217,0.88263485528779229,0.035515588448998006,0.011724125924223599,0.97978423972254713,0.99762737436956939,0.036248376947821924,0.011752009042085905,0.67579213107934599,0.1046070973176101,0.045682521624743136,0.058924575692866965,0.67579213107934599,0.77921349318356914,0,action_fraction+assignment_airtime,0,0
336,primary_compact_physics_temporal,balanced_normalized_value,balanced_normalized_value,0,all_frames,0.050000000000000003,3.9443502426147461,0.05005798221878624,133.50754841284692,0.020215760277452761,0.0078418745656087373,0.012373885711844024,0.61209103897244899,0.035515588448998006,0.025149261771912235,0.97978423972254713,0.99215812543439119,0.036248376947821924,0.025348037905652661,0.30071247211592017,0.1046070973176101,0.077719284738953676,0.026887812578656432,0.30071247211592017,0.45640175554418461,0,completed_late18_improvement,0,0
337,primary_compact_physics_temporal,balanced_normalized_value,balanced_normalized_value,0,all_frames,0.074999999999999997,2.8104681968688965,0.07508697332817936,213.08867670073187,0.020215760277452761,0.0057947725455647116,0.01442098773188805,0.71335371680145054,0.035515588448998006,0.020848070172020842,0.97978423972254713,0.99420522745443518,0.036248376947821924,0.020969584142501722,0.42150281176212134,0.1046070973176101,0.071431706275019186,0.033175391042590908,0.42150281176212134,0.56742826428178594,0,completed_late18_improvement,0,0
338,primary_compact_physics_temporal,balanced_normalized_value,balanced_normalized_value,0,all_frames,0.10000000000000001,2.1738572120666504,0.10001932740626208,294.237015915494,0.020215760277452761,0.0043901361125249609,0.015825624164927801,0.7828359630173588,0.035515588448998006,0.018406543425202197,0.97978423972254713,0.99560986388747497,0.036248376947821924,0.018487706975231943,0.4899714543952064,0.1046070973176101,0.063842341597524735,0.040764755720085366,0.4899714543952064,0.6364037087062826,0,completed_late18_improvement,0,0
339,primary_compact_physics_temporal,balanced_normalized_value,balanced_normalized_value,0,all_frames,0.125,1.7771823406219482,0.1250483185156552,366.04141690593946,0.020215760277452761,0.0035363169725509402,0.016679443304901821,0.82507128477898006,0.035515588448998006,0.015814489011323544,0.97978423972254713,0.99646368302744892,0.036248376947821924,0.015870612527770278,0.56217039591550855,0.1046070973176101,0.057520665189076801,0.0470864321285333,0.56217039591550855,0.69362084034724436,1,,0,0
340,primary_compact_physics_temporal,balanced_normalized_value,balanced_normalized_value,0,all_frames,0.14999999999999999,1.4512960910797119,0.15007730962504831,439.37368766795004,0.020215760277452761,0.0024756566371621075,0.017740103640290654,0.87753828680273371,0.035515588448998006,0.012200392483176396,0.97978423972254713,0.9975243433628378,0.036248376947821924,0.012230671426069295,0.66258706027928216,0.1046070973176101,0.050472341129750777,0.054134756187859324,0.66258706027928216,0.77006267354100788,0,assignment_airtime,0,0
341,primary_compact_physics_temporal,balanced_normalized_value,balanced_normalized_value,0,all_frames,0.16500000000000001,1.2781704664230347,0.16505604947816002,488.59387503640698,0.020215760277452761,0.0021344010559291096,0.018081359221523652,0.89441895696054174,0.035515588448998006,0.011096990618492206,0.97978423972254713,0.99786559894407079,0.036248376947821924,0.011120726709323287,0.69320759587853764,0.1046070973176101,0.047697571470392899,0.056909525847217202,0.69320759587853764,0.79381327641953969,0,assignment_airtime,0,0
342,primary_compact_physics_temporal,balanced_normalized_value,balanced_normalized_value,0,all_frames,0.17999999999999999,1.1374311447143555,0.18003478933127173,526.24211549711288,0.020215760277452761,0.0019324199814067834,0.018283340296045978,0.90441022475112798,0.035515588448998006,0.0098570176502006564,0.97978423972254713,0.99806758001859308,0.036248376947821924,0.0098761024278706949,0.72754359617019693,0.1046070973176101,0.045351765767283961,0.05925533155032614,0.72754359617019693,0.81597691046066245,0,assignment_airtime,0,0
343,primary_compact_physics_temporal,balanced_normalized_value,balanced_normalized_value,0,all_frames,0.20000000000000001,0.98976349830627441,0.20003865481252417,590.23277125601339,0.020215760277452761,0.0017920974313515269,0.018423662846101235,0.91135147000381156,0.035515588448998006,0.0090872381073973038,0.97978423972254713,0.99820790256864833,0.036248376947821924,0.0091035525605572525,0.74885627089837836,0.1046070973176101,0.043633566597858581,0.06097353071975152,0.74885627089837836,0.83010387045109502,0,action_fraction+assignment_airtime,0,0
344,primary_compact_physics_temporal,balanced_normalized_value,balanced_normalized_value,0,p_frames_only,0.050000000000000003,3.7654907703399658,0.05005798221878624,112.00821545987901,0.020215760277452761,0.0084039775713200138,0.011811782706132748,0.58428585143576228,0.035515588448998006,0.023901304432073951,0.97978423972254713,0.99159602242867984,0.036248376947821924,0.024103872838793124,0.33503580385158555,0.1046070973176101,0.07649052090484515,0.028116576412764958,0.33503580385158555,0.45966082764367389,0,completed_late18_improvement,0,0
345,primary_compact_physics_temporal,balanced_normalized_value,balanced_normalized_value,0,p_frames_only,0.074999999999999997,2.6841967105865479,0.07508697332817936,182.00527885658011,0.020215760277452761,0.0062204954241796354,0.013995264853273126,0.69229475721882505,0.035515588448998006,0.020550004928294799,0.97978423972254713,0.99377950457582021,0.036248376947821924,0.020678636290719497,0.42952931877513967,0.1046070973176101,0.069926277460999831,0.034680819856610264,0.42952931877513967,0.5609120379969823,0,completed_late18_improvement,0,0
346,primary_compact_physics_temporal,balanced_normalized_value,balanced_normalized_value,0,p_frames_only,0.10000000000000001,2.0323095321655273,0.10001932740626208,245.6859438328926,0.020215760277452761,0.0049615775958273042,0.015254182681625457,0.75456883502120375,0.035515588448998006,0.018125404091038983,0.97978423972254713,0.99503842240417262,0.036248376947821924,0.018215783112420017,0.49747313821413569,0.1046070973176101,0.063267936558174087,0.041339160759436007,0.49747313821413569,0.62602098661766969,0,completed_late18_improvement,0,0
347,primary_compact_physics_temporal,balanced_normalized_value,balanced_normalized_value,0,p_frames_only,0.125,1.651673436164856,0.1250483185156552,319.00080556419073,0.020215760277452761,0.0038973297155951436,0.016318430561857618,0.80721329981628487,0.035515588448998006,0.01509416881118027,0.97978423972254713,0.9961026702844048,0.036248376947821924,0.015153225928880023,0.58196125717042513,0.1046070973176101,0.05690584164424238,0.047701255673367721,0.58196125717042513,0.694587278493355,1,,0,0
348,primary_compact_physics_temporal,balanced_normalized_value,balanced_normalized_value,0,p_frames_only,0.14999999999999999,1.3282779455184937,0.15007730962504831,377.4769091544938,0.020215760277452761,0.0030333250960670258,0.017182435181385736,0.84995246013823267,0.035515588448998006,0.012659851945607793,0.97978423972254713,0.99696667490393287,0.036248376947821924,0.01269837023070775,0.64968444658952473,0.1046070973176101,0.051368935036876381,0.05323816228073372,0.64968444658952473,0.74981845336387876,1,,0,0
349,primary_compact_physics_temporal,balanced_normalized_value,balanced_normalized_value,0,p_frames_only,0.16500000000000001,1.1738611459732056,0.16505604947816002,414.73461546279884,0.020215760277452761,0.0027899602565447622,0.017425800020907999,0.86199083199178572,0.035515588448998006,0.011316227783271061,0.97978423972254713,0.99721003974345512,0.036248376947821924,0.011347887939618322,0.68694079859208179,0.1046070973176101,0.048189271770929645,0.056417825546680456,0.68694079859208179,0.7744658152919337,0,assignment_airtime,0,0
350,primary_compact_physics_temporal,balanced_normalized_value,balanced_normalized_value,0,p_frames_only,0.17999999999999999,1.0414373874664307,0.18003478933127173,454.01029286614164,0.020215760277452761,0.0027367774234494657,0.017478982854003296,0.86462159296072205,0.035515588448998006,0.010681262367222624,0.97978423972254713,0.99726322257655042,0.036248376947821924,0.010710574826600231,0.70452263719234454,0.1046070973176101,0.045570287200705412,0.059036810116904689,0.70452263719234454,0.78457211507653324,0,assignment_airtime,0,0
351,primary_compact_physics_temporal,balanced_normalized_value,balanced_normalized_value,0,p_frames_only,0.20000000000000001,0.90730935335159302,0.20003865481252417,502.61088665349445,0.020215760277452761,0.0023310046894867639,0.017884755587965998,0.88469369158049416,0.035515588448998006,0.010225753935248182,0.97978423972254713,0.99766899531051312,0.036248376947821924,0.010249645907925134,0.71723848704511417,0.1046070973176101,0.044296507447704601,0.0603105898699055,0.71723848704511417,0.80096608931280411,0,action_fraction+assignment_airtime,0,0
352,primary_compact_physics_temporal,legacy_bad12_value,legacy_bad12_value_per_cost,1,all_frames,0.050000000000000003,0.00017104943981394172,0.05005798221878624,115.38313209073556,0.020215760277452761,0.0093692961863918213,0.01084646409106094,0.53653505691588177,0.035515588448998006,0.024376815327610817,0.97978423972254713,0.99063070381360807,0.036248376947821924,0.02460736905667062,0.32114563109702993,0.1046070973176101,0.078332154113004149,0.026274943204605949,0.32114563109702993,0.42884034400645588,0,completed_late18_improvement,0,0
353,primary_compact_physics_temporal,legacy_bad12_value,legacy_bad12_value_per_cost,1,all_frames,0.074999999999999997,0.00014297263987828046,0.07508697332817936,172.52767184390612,0.020215760277452761,0.0066157105921051309,0.013600049685347631,0.67274490292191336,0.035515588448998006,0.020471372791513003,0.97978423972254713,0.9933842894078948,0.036248376947821924,0.020607707419768972,0.43148606489518315,0.1046070973176101,0.069853815988235674,0.034753281329374434,0.43148606489518315,0.55211548390854825,0,completed_late18_improvement,0,0
354,primary_compact_physics_temporal,legacy_bad12_value,legacy_bad12_value_per_cost,1,all_frames,0.10000000000000001,0.00012289649748709053,0.10001932740626208,247.91105233839588,0.020215760277452761,0.0050087907644350855,0.015206969513017676,0.75223337160257397,0.035515588448998006,0.017385020862975772,0.97978423972254713,0.99499120923556483,0.036248376947821924,0.017472537145662215,0.51797739328265024,0.1046070973176101,0.062390541346726204,0.042216555970883897,0.51797739328265024,0.63510538244261205,1,,0,0
355,primary_compact_physics_temporal,legacy_bad12_value,legacy_bad12_value_per_cost,1,all_frames,0.125,0.0001048631893354468,0.1250483185156552,314.97433991157908,0.020215760277452761,0.0043523102271459981,0.015863450050306763,0.78470707173945575,0.035515588448998006,0.015504213829508628,0.97978423972254713,0.99564768977285389,0.036248376947821924,0.015571987951928804,0.57040868410897261,0.1046070973176101,0.056329788146087266,0.048277309171522835,0.57040868410897261,0.67755787792421418,1,,0,0
356,primary_compact_physics_temporal,legacy_bad12_value,legacy_bad12_value_per_cost,1,all_frames,0.14999999999999999,8.9580578787717968e-05,0.15007730962504831,373.18802688630103,0.020215760277452761,0.0039407227405468988,0.016275037536905863,0.80506680498471761,0.035515588448998006,0.013797543364845302,0.97978423972254713,0.99605927725945298,0.036248376947821924,0.013852130771581907,0.61785514447939316,0.1046070973176101,0.05068328340338224,0.053923813914227861,0.61785514447939316,0.71146097473205538,1,,0,0
357,primary_compact_physics_temporal,legacy_bad12_value,legacy_bad12_value_per_cost,1,all_frames,0.16500000000000001,8.2632475823629647e-05,0.16505604947816002,410.27647226847705,0.020215760277452761,0.0035064651878734567,0.016709295089579305,0.82654794379490537,0.035515588448998006,0.01289363168227824,0.97978423972254713,0.99649353481212644,0.036248376947821924,0.012939001841802352,0.6430460359527953,0.1046070973176101,0.048492996593974623,0.056114100723635478,0.6430460359527953,0.73479698987385034,0,assignment_airtime,0,0
358,primary_compact_physics_temporal,legacy_bad12_value,legacy_bad12_value_per_cost,1,all_frames,0.17999999999999999,7.5795673183165491e-05,0.18003478933127173,448.99617003974726,0.020215760277452761,0.0032112973843083439,0.017004462893144418,0.84114881952325093,0.035515588448998006,0.012222483392598921,0.97978423972254713,0.99678870261569152,0.036248376947821924,0.012261859871129838,0.66172665085721516,0.1046070973176101,0.046286218438659356,0.058320878878950745,0.66172665085721516,0.75143773519023305,0,assignment_airtime,0,0
359,primary_compact_physics_temporal,legacy_bad12_value,legacy_bad12_value_per_cost,1,all_frames,0.20000000000000001,6.7748755100183189e-05,0.20003865481252417,501.7614395104975,0.020215760277452761,0.002944772541366325,0.017270987736086436,0.8543328323570043,0.035515588448998006,0.012154733210946071,0.97978423972254713,0.99705522745863362,0.036248376947821924,0.012190631848876549,0.66369164979650064,0.1046070973176101,0.045160047628395747,0.059447049689214354,0.66369164979650064,0.75901224107675247,0,action_fraction+assignment_airtime,0,0
360,primary_compact_physics_temporal,legacy_bad12_value,legacy_bad12_value_per_cost,1,p_frames_only,0.050000000000000003,0.00017104943981394172,0.05005798221878624,115.38313209073556,0.020215760277452761,0.0093692961863918213,0.01084646409106094,0.53653505691588177,0.035515588448998006,0.024376815327610817,0.97978423972254713,0.99063070381360807,0.036248376947821924,0.02460736905667062,0.32114563109702993,0.1046070973176101,0.078332154113004149,0.026274943204605949,0.32114563109702993,0.42884034400645588,0,completed_late18_improvement,0,0
361,primary_compact_physics_temporal,legacy_bad12_value,legacy_bad12_value_per_cost,1,p_frames_only,0.074999999999999997,0.00014297263987828046,0.07508697332817936,172.52767184390612,0.020215760277452761,0.0066157105921051309,0.013600049685347631,0.67274490292191336,0.035515588448998006,0.020471372791513003,0.97978423972254713,0.9933842894078948,0.036248376947821924,0.020607707419768972,0.43148606489518315,0.1046070973176101,0.069853815988235674,0.034753281329374434,0.43148606489518315,0.55211548390854825,0,completed_late18_improvement,0,0
362,primary_compact_physics_temporal,legacy_bad12_value,legacy_bad12_value_per_cost,1,p_frames_only,0.10000000000000001,0.00012289649748709053,0.10001932740626208,247.91105233839588,0.020215760277452761,0.0050087907644350855,0.015206969513017676,0.75223337160257397,0.035515588448998006,0.017385020862975772,0.97978423972254713,0.99499120923556483,0.036248376947821924,0.017472537145662215,0.51797739328265024,0.1046070973176101,0.062390541346726204,0.042216555970883897,0.51797739328265024,0.63510538244261205,1,,0,0
363,primary_compact_physics_temporal,legacy_bad12_value,legacy_bad12_value_per_cost,1,p_frames_only,0.125,0.0001048631893354468,0.1250483185156552,314.97433991157908,0.020215760277452761,0.0043523102271459981,0.015863450050306763,0.78470707173945575,0.035515588448998006,0.015504213829508628,0.97978423972254713,0.99564768977285389,0.036248376947821924,0.015571987951928804,0.57040868410897261,0.1046070973176101,0.056329788146087266,0.048277309171522835,0.57040868410897261,0.67755787792421418,1,,0,0
364,primary_compact_physics_temporal,legacy_bad12_value,legacy_bad12_value_per_cost,1,p_frames_only,0.14999999999999999,8.9527842646930367e-05,0.15007730962504831,372.62938804996332,0.020215760277452761,0.004044239415891427,0.016171520861561334,0.79994621224302465,0.035515588448998006,0.013795504741712924,0.97978423972254713,0.99595576058410851,0.036248376947821924,0.013851523619505078,0.61787189425215405,0.1046070973176101,0.050653055347475578,0.053954041970134523,0.61787189425215405,0.70890905324758935,1,,1,0
365,primary_compact_physics_temporal,legacy_bad12_value,legacy_bad12_value_per_cost,1,p_frames_only,0.16500000000000001,8.2595543062780052e-05,0.16505604947816002,409.71888187997331,0.020215760277452761,0.0035017463970420867,0.016714013880410675,0.8267813651832977,0.035515588448998006,0.012892556791913676,0.97978423972254713,0.99649825360295785,0.036248376947821924,0.012937861903218701,0.64307748394246078,0.1046070973176101,0.04845883256347655,0.056148264754133551,0.64307748394246078,0.73492942456287924,0,assignment_airtime,0,0
366,primary_compact_physics_temporal,legacy_bad12_value,legacy_bad12_value_per_cost,1,p_frames_only,0.17999999999999999,7.5670075602829456e-05,0.18003478933127173,447.45433800351327,0.020215760277452761,0.0033070145344015235,0.016908745743051238,0.83641404087631888,0.035515588448998006,0.012423037986319451,0.97978423972254713,0.99669298546559837,0.036248376947821924,0.01246425746692309,0.65614301890358051,0.1046070973176101,0.046508566431642494,0.058098530885967607,0.65614301890358051,0.74627852988994969,0,assignment_airtime,0,0
367,primary_compact_physics_temporal,legacy_bad12_value,legacy_bad12_value_per_cost,1,p_frames_only,0.20000000000000001,6.7412904172670096e-05,0.20003865481252417,497.67861174458773,0.020215760277452761,0.0030482359113875764,0.017167524366065185,0.84921487643542326,0.035515588448998006,0.011357103701015135,0.97978423972254713,0.9969517640886123,0.036248376947821924,0.011391828682300901,0.68572858589781882,0.1046070973176101,0.044580528283933142,0.060026569033676959,0.68572858589781882,0.76747173116662104,0,action_fraction+assignment_airtime,0,0
368,primary_compact_physics_temporal,legacy_bad12_value,legacy_bad12_value,0,all_frames,0.050000000000000003,0.39985281229019165,0.05005798221878624,141.53081342683024,0.020215760277452761,0.0080540427291087013,0.01216171754834406,0.60159585300921803,0.035515588448998006,0.026029665214847748,0.97978423972254713,0.99194595727089119,0.036248376947821924,0.026241011442258731,0.27607761638454575,0.1046070973176101,0.077865612774025567,0.026741484543584531,0.27607761638454575,0.43883673469688189,0,completed_late18_improvement,0,0
369,primary_compact_physics_temporal,legacy_bad12_value,legacy_bad12_value,0,all_frames,0.074999999999999997,0.32970705628395081,0.07508697332817936,197.28605859654135,0.020215760277452761,0.0061422450926323473,0.014073515184820414,0.69616551599679499,0.035515588448998006,0.021630660167335215,0.97978423972254713,0.9938577549073675,0.036248376947821924,0.021764342090736414,0.39957747288753626,0.1046070973176101,0.069542805661950396,0.035064291655659705,0.39957747288753626,0.54787149444216565,0,completed_late18_improvement,0,0
370,primary_compact_physics_temporal,legacy_bad12_value,legacy_bad12_value,0,all_frames,0.10000000000000001,0.28466886281967163,0.10001932740626208,288.40725947100208,0.020215760277452761,0.0042297285443712133,0.015986031733081548,0.79077074093083921,0.035515588448998006,0.01847700685219128,0.97978423972254713,0.99577027145562869,0.036248376947821924,0.018555491544431604,0.48810145151763662,0.1046070973176101,0.062905985764829669,0.041701111552780425,0.48810145151763662,0.63943609622423792,0,completed_late18_improvement,0,0
371,primary_compact_physics_temporal,legacy_bad12_value,legacy_bad12_value,0,all_frames,0.125,0.24641430377960205,0.1250483185156552,358.8642706870682,0.020215760277452761,0.0036963606319455819,0.01651939964550718,0.81715450810582457,0.035515588448998006,0.016227703596926768,0.97978423972254713,0.99630363936805433,0.036248376947821924,0.016287909584692315,0.55065823752224541,0.1046070973176101,0.057219485288612912,0.047387612028997189,0.55065823752224541,0.68390637281403499,1,,0,0
372,primary_compact_physics_temporal,legacy_bad12_value,legacy_bad12_value,0,all_frames,0.14999999999999999,0.21169017255306244,0.15007730962504831,419.14704425340182,0.020215760277452761,0.0032694610293521574,0.016946299248100604,0.83827167593599317,0.035515588448998006,0.013411308079353909,0.97978423972254713,0.99673053897064778,0.036248376947821924,0.013455299657221451,0.62880269986736748,0.1046070973176101,0.049901943460079763,0.054705153857530338,0.62880269986736748,0.73353718790168032,0,assignment_airtime,0,0
373,primary_compact_physics_temporal,legacy_bad12_value,legacy_bad12_value,0,all_frames,0.16500000000000001,0.19607703387737274,0.16505604947816002,459.75032739502666,0.020215760277452761,0.0027893258645762288,0.017426434412876533,0.8620222130509112,0.035515588448998006,0.012315241280915264,0.97978423972254713,0.99721067413542364,0.036248376947821924,0.012349688586709637,0.65930368125208705,0.1046070973176101,0.04651475467844482,0.058092342639165281,0.65930368125208705,0.76066294715149918,0,assignment_airtime,0,0
374,primary_compact_physics_temporal,legacy_bad12_value,legacy_bad12_value,0,all_frames,0.17999999999999999,0.18086014688014984,0.18003478933127173,498.21555095483626,0.020215760277452761,0.0025145687476684185,0.017701191529784343,0.87561344648150619,0.035515588448998006,0.011322545158273231,0.97978423972254713,0.99748543125233147,0.036248376947821924,0.011351088250038806,0.68685251021367832,0.1046070973176101,0.044336506705792485,0.060270590611817616,0.68685251021367832,0.7812329783475922,0,assignment_airtime,0,0
375,primary_compact_physics_temporal,legacy_bad12_value,legacy_bad12_value,0,all_frames,0.20000000000000001,0.16109722852706909,0.20003865481252417,565.01027805908325,0.020215760277452761,0.0022886428541153275,0.017927117423337434,0.88678917722090722,0.035515588448998006,0.0096906375503790845,0.97978423972254713,0.99771135714588455,0.036248376947821924,0.0097128668336508954,0.73204684867319236,0.1046070973176101,0.041778531209147901,0.0628285661084622,0.73204684867319236,0.80941801294704985,0,action_fraction+assignment_airtime,0,0
376,primary_compact_physics_temporal,legacy_bad12_value,legacy_bad12_value,0,p_frames_only,0.050000000000000003,0.38694053888320923,0.05005798221878624,116.81020970433829,0.020215760277452761,0.0085020680988646367,0.011713692178588125,0.57943367045427197,0.035515588448998006,0.024094646903348504,0.97978423972254713,0.99149793190113522,0.036248376947821924,0.024301257852498519,0.32959045621603417,0.1046070973176101,0.077013489521078032,0.027593607796532072,0.32959045621603417,0.45451206333515304,0,completed_late18_improvement,0,0
377,primary_compact_physics_temporal,legacy_bad12_value,legacy_bad12_value,0,p_frames_only,0.074999999999999997,0.32031294703483582,0.07508697332817936,168.31867184716506,0.020215760277452761,0.0062455832627930207,0.013970177014659741,0.69105375325612139,0.035515588448998006,0.019800494524073318,0.97978423972254713,0.99375441673720688,0.036248376947821924,0.019924937379482817,0.45032194384416274,0.1046070973176101,0.068890157836376656,0.035716939481233445,0.45032194384416274,0.5706878485501421,0,completed_late18_improvement,0,0
378,primary_compact_physics_temporal,legacy_bad12_value,legacy_bad12_value,0,p_frames_only,0.10000000000000001,0.27463066577911377,0.10001932740626208,255.77418536041625,0.020215760277452761,0.0046673702832742362,0.015548389994178525,0.76912219875896071,0.035515588448998006,0.017201753887450523,0.97978423972254713,0.99533262971672565,0.036248376947821924,0.01728241732851277,0.52322231272892261,0.1046070973176101,0.061557656909819493,0.043049440407790608,0.52322231272892261,0.64617225574394166,1,,0,0
379,primary_compact_physics_temporal,legacy_bad12_value,legacy_bad12_value,0,p_frames_only,0.125,0.23479321599006653,0.1250483185156552,316.27576478896066,0.020215760277452761,0.0041394304339213289,0.016076329843531433,0.79523745943217583,0.035515588448998006,0.015050705316699303,0.97978423972254713,0.9958605695660786,0.036248376947821924,0.01511326562839743,0.58306365964599272,0.1046070973176101,0.055432668171430978,0.049174429146179123,0.58306365964599272,0.68915055953908433,1,,0,0
380,primary_compact_physics_temporal,legacy_bad12_value,legacy_bad12_value,0,p_frames_only,0.14999999999999999,0.2024269700050354,0.15007730962504831,360.05041830349086,0.020215760277452761,0.0035586112979675566,0.016657148979485205,0.82396846573529159,0.035515588448998006,0.012497701938396808,0.97978423972254713,0.99644138870203236,0.036248376947821924,0.01254233523426436,0.6539890530183311,0.1046070973176101,0.048452738674267012,0.056154358643343089,0.6539890530183311,0.73897875937681134,1,,0,0
381,primary_compact_physics_temporal,legacy_bad12_value,legacy_bad12_value,0,p_frames_only,0.16500000000000001,0.18692325055599213,0.16505604947816002,398.05068892607824,0.020215760277452761,0.0033723752472254419,0.01684338503022732,0.83318088457020578,0.035515588448998006,0.011405127588224082,0.97978423972254713,0.99662762475277444,0.036248376947821924,0.011443720106647919,0.68429703423354127,0.1046070973176101,0.045930108832374347,0.058676988485235754,0.68429703423354127,0.75873895940187353,1,,0,1
382,primary_compact_physics_temporal,legacy_bad12_value,legacy_bad12_value,0,p_frames_only,0.17999999999999999,0.17057362198829651,0.18003478933127173,437.79973633588622,0.020215760277452761,0.0031732601124226552,0.017042500165030106,0.84303038476559866,0.035515588448998006,0.010654264400788455,0.97978423972254713,0.99682673988757731,0.036248376947821924,0.010688180778527318,0.70514043169677576,0.1046070973176101,0.044215282890649243,0.060391814426960858,0.70514043169677576,0.77408540823118721,0,assignment_airtime,0,0
383,primary_compact_physics_temporal,legacy_bad12_value,legacy_bad12_value,0,p_frames_only,0.20000000000000001,0.15211190283298492,0.20003865481252417,489.31024253060809,0.020215760277452761,0.0027580349736273449,0.017457725303825417,0.86357005941035703,0.035515588448998006,0.0096009909880570357,0.97978423972254713,0.99724196502637252,0.036248376947821924,0.009627544091371178,0.73440068488501875,0.1046070973176101,0.041989868368876901,0.0626172289487332,0.73440068488501875,0.79898537214768783,0,action_fraction+assignment_airtime,0,0
