family_id,scenario_id,seed,run,arm_id,fixed_run_id,adaptive_run_id,deadline_miss_delta,sender_airtime_ratio,censored_mean_delta_us
radio_propagation,radio-propagation-qualification-p16,21001,1,str_mlo_nmaxinflights_1,36055a9633f78a0e291f,746be6b462f2b10a33ca,0.0,0.7263840928975611,-411.19555555555553
radio_propagation,radio-propagation-qualification-p16,21001,1,score_aware_t2_v2,b3f705e31e8d04608ea3,7236abc3a2102e48f732,0.0,0.7164045511945545,-455.47888888888883
radio_propagation,radio-propagation-qualification-p16,21001,1,distributional_shadow_t2,d7cc6616e96f354d1534,9767ee6fb7f054cbbf8b,0.0,0.7130055816123824,-457.9244444444446
radio_propagation,radio-propagation-qualification-p16,21002,1,str_mlo_nmaxinflights_1,32b03be30acda3f6545c,3041d170eb0879991f01,0.005555555555555555,0.7859439744527293,-577.7172222222221
radio_propagation,radio-propagation-qualification-p16,21002,1,score_aware_t2_v2,c61ec9c441eed78a26ea,ce9a02b86b576361595b,0.010555555555555556,0.793392993284011,-599.1033333333335
radio_propagation,radio-propagation-qualification-p16,21002,1,distributional_shadow_t2,262a7a6060d7536b6c84,115a910301f9a5eb525b,0.005555555555555556,0.8050162535566788,-711.3222222222221
radio_propagation,radio-propagation-qualification-p16,21003,1,str_mlo_nmaxinflights_1,8761dcbd3545e204f837,a4ee1d60068dbb1bdeb8,0.0005555555555555556,0.7759866991789222,-243.3838888888888
radio_propagation,radio-propagation-qualification-p16,21003,1,score_aware_t2_v2,4f88b18164583009ba88,34c096ba6c083b90bc93,0.0011111111111111111,0.7414249686731624,-432.2600000000002
radio_propagation,radio-propagation-qualification-p16,21003,1,distributional_shadow_t2,b52375c3f43793655f5a,20addb648f7373a11d12,0.0005555555555555554,0.7233488977094091,-437.54499999999985
radio_propagation,radio-propagation-qualification-p16,21004,1,str_mlo_nmaxinflights_1,630622330d1545dba695,54aced23b2b624df77c0,0.003333333333333333,0.8589615717429503,-369.9777777777781
radio_propagation,radio-propagation-qualification-p16,21004,1,score_aware_t2_v2,f57e81d1db8c06e90ac8,887ad30559858fb2f794,0.006666666666666666,0.8101945056076698,-316.24388888888916
radio_propagation,radio-propagation-qualification-p16,21004,1,distributional_shadow_t2,18170c7e3b86a2e12e00,3fb5ed4ee1a22cb15952,0.006666666666666666,0.817881253354614,-492.82000000000016
radio_propagation,radio-propagation-qualification-p17,21005,1,str_mlo_nmaxinflights_1,c937093ce51ea36c268e,40c313471eb79e6149e5,0.04111111111111111,1.3099419313865155,1136.8066666666655
radio_propagation,radio-propagation-qualification-p17,21005,1,score_aware_t2_v2,261f4cd0ba23304af809,17db1d2d3edb0072b26a,0.105,1.1835419232678654,2975.7427777777775
radio_propagation,radio-propagation-qualification-p17,21005,1,distributional_shadow_t2,5423f0e08df2a7c98652,58cac10df2640fa09306,0.05111111111111112,1.243256844393858,1079.7766666666666
radio_propagation,radio-propagation-qualification-p17,21006,1,str_mlo_nmaxinflights_1,8476ea31bfd8156e1748,4c157d1f8786bce0978b,0.20611111111111113,1.975925995704435,4967.788333333334
radio_propagation,radio-propagation-qualification-p17,21006,1,score_aware_t2_v2,b42b2c383e40ca6f7ec5,cf70210fe7e8854d1629,0.43166666666666664,1.899621480355227,8935.783333333336
radio_propagation,radio-propagation-qualification-p17,21006,1,distributional_shadow_t2,5f26a098daaa7c900e72,9ef83bb601b72a681513,0.43277777777777776,1.889625779561917,9060.861666666664
radio_propagation,radio-propagation-qualification-p17,21007,1,str_mlo_nmaxinflights_1,cf3d9b93ebfdcb90e360,c7451fcda16397a84cc7,0.3116666666666667,2.2561563543209955,7741.43277777778
radio_propagation,radio-propagation-qualification-p17,21007,1,score_aware_t2_v2,b132cc0b9c5923944d79,4fe77f01ddd6e1985992,0.5572222222222223,2.138290727306556,12217.54111111111
radio_propagation,radio-propagation-qualification-p17,21007,1,distributional_shadow_t2,57127cd87e8789a5f2d3,78ca561dfa71eacf0721,0.5283333333333333,2.129487278856352,11737.458333333336
radio_propagation,radio-propagation-qualification-p17,21008,1,str_mlo_nmaxinflights_1,82e51528936060ae348d,b67b1e46d3e443d419f3,0.11888888888888889,1.5783578651209333,3352.3500000000004
radio_propagation,radio-propagation-qualification-p17,21008,1,score_aware_t2_v2,84bb0cb4bad3a0ff52fd,dba8a8b045d115fb07c4,0.23055555555555557,1.5432244481252568,5951.5683333333345
radio_propagation,radio-propagation-qualification-p17,21008,1,distributional_shadow_t2,fa56530b8ef64b8e27a1,b0672f2f2f095eece243,0.20277777777777778,1.5525060053870736,5266.105555555558
radio_propagation,radio-propagation-qualification-p18,21009,1,str_mlo_nmaxinflights_1,4cfb59287ccf7d617551,39a81b7c0c47023432ce,0.005,0.8273703036770481,-379.60777777777776
radio_propagation,radio-propagation-qualification-p18,21009,1,score_aware_t2_v2,40cc2b13e5228257ef57,16d22eca533c91bd8f2c,0.0016666666666666666,0.7472988783038078,-622.1633333333334
radio_propagation,radio-propagation-qualification-p18,21009,1,distributional_shadow_t2,3964ba0a4a71b8fc93d3,38fb405d0690c962d59c,0.001111111111111111,0.744837681365526,-642.71
radio_propagation,radio-propagation-qualification-p18,21010,1,str_mlo_nmaxinflights_1,32c54ecd6de03687cccf,da8a9e627e72783f8b97,0.001111111111111111,0.7718961271394692,-673.625
radio_propagation,radio-propagation-qualification-p18,21010,1,score_aware_t2_v2,2534c442425d9af823c4,d0db4138f1a7706b50c7,0.005,0.8204937206674486,-166.076111111111
radio_propagation,radio-propagation-qualification-p18,21010,1,distributional_shadow_t2,283f7d12d0983e9574ec,c4b65e5f2607b0ca05d3,0.0044444444444444444,0.7930152690736658,-215.81500000000005
radio_propagation,radio-propagation-qualification-p18,21011,1,str_mlo_nmaxinflights_1,653ade0b56726d73958d,5203684acaa04cc1d49c,0.0,0.7456124178698648,-934.487222222222
radio_propagation,radio-propagation-qualification-p18,21011,1,score_aware_t2_v2,4c7cf803908fcc7c08f7,d7b7018149eb55260565,-0.0005555555555555557,0.7907440055987573,-1155.9522222222222
radio_propagation,radio-propagation-qualification-p18,21011,1,distributional_shadow_t2,e1a20f47167fe15c2b6d,a0d13831d545b7ac6006,0.005555555555555555,0.7649857555892102,-1011.4605555555554
radio_propagation,radio-propagation-qualification-p18,21012,1,str_mlo_nmaxinflights_1,bed82a52ddff2cb9bca4,d102cfcf8636135567e3,0.0005555555555555556,0.6757057161678414,-617.0333333333335
radio_propagation,radio-propagation-qualification-p18,21012,1,score_aware_t2_v2,519361bdd2d7dac3b790,6525e7ce8b661eff8f34,0.0005555555555555556,0.7077231620143948,-468.31944444444457
radio_propagation,radio-propagation-qualification-p18,21012,1,distributional_shadow_t2,b6290aa912d4c394f564,d39c03726a1f8d1cc7ea,0.0005555555555555556,0.6784755230012144,-466.2388888888888
radio_propagation,radio-propagation-qualification-p19,21013,1,str_mlo_nmaxinflights_1,cc0f18488cb86c6f6dc3,dc42d2f2275602dbb173,0.011111111111111112,0.8366819637285113,-387.79388888888934
radio_propagation,radio-propagation-qualification-p19,21013,1,score_aware_t2_v2,79d6b0777f2f6d57860f,8538e1b2498e60ca8600,0.003888888888888888,0.8120512701164807,-882.8633333333337
radio_propagation,radio-propagation-qualification-p19,21013,1,distributional_shadow_t2,7caf110cda8d4fa41b38,c804a32280772d7e0c39,0.007222222222222222,0.8034394870542003,-838.0050000000001
radio_propagation,radio-propagation-qualification-p19,21014,1,str_mlo_nmaxinflights_1,0ed99e45f512ce68d142,56752ffe04fa5d66a3f7,-0.0005555555555555557,0.7963598732865135,-596.1594444444445
radio_propagation,radio-propagation-qualification-p19,21014,1,score_aware_t2_v2,4f314679798c630b2b7f,4cc07a443f1b0e6000ad,-0.0011111111111111113,0.788581262434506,-473.7916666666665
radio_propagation,radio-propagation-qualification-p19,21014,1,distributional_shadow_t2,112841ffa03f33128999,3071b251eaae8b9eed1e,-0.0005555555555555557,0.782263145995365,-498.14944444444427
radio_propagation,radio-propagation-qualification-p19,21015,1,str_mlo_nmaxinflights_1,837aee4c688e3a290502,5ffad8d2022373e8fcc3,0.008333333333333333,0.8846624343057389,-221.98444444444476
radio_propagation,radio-propagation-qualification-p19,21015,1,score_aware_t2_v2,99f7711ecf7e03752bff,5e0354686699da090468,0.012222222222222223,0.9633083138148025,-198.1027777777781
radio_propagation,radio-propagation-qualification-p19,21015,1,distributional_shadow_t2,6ae7fd8ad084a99e9ecb,8d456c40ca40eba71d58,0.008888888888888889,0.9832227561923406,-231.77999999999975
radio_propagation,radio-propagation-qualification-p19,21016,1,str_mlo_nmaxinflights_1,89aed42efbb08eefcfe1,76ade7cfc8ffa2215788,-0.0005555555555555557,0.7299220985960039,-755.6777777777779
radio_propagation,radio-propagation-qualification-p19,21016,1,score_aware_t2_v2,a5ce2ac110fc982e58e6,572404139f8f1fd6853d,0.0038888888888888896,0.8188183246425846,-605.7294444444447
radio_propagation,radio-propagation-qualification-p19,21016,1,distributional_shadow_t2,e9442e810171618406b6,6af64b24cbd4be262afb,0.0027777777777777783,0.8358732000739132,-580.8244444444449
radio_propagation,radio-propagation-qualification-p20,21017,1,str_mlo_nmaxinflights_1,5685b9d56dc6f7d7fb81,2f3aa10960e5900e6d0e,0.02111111111111111,1.1608019947466899,1271.636111111111
radio_propagation,radio-propagation-qualification-p20,21017,1,score_aware_t2_v2,448e48b1cca53af14743,b4a1b92eb2ffd93d2941,0.007222222222222222,1.1763939856001777,624.5977777777775
radio_propagation,radio-propagation-qualification-p20,21017,1,distributional_shadow_t2,88387f92242bcd931ed7,738660cee3423c37a613,0.005555555555555555,1.2485790690630794,661.528888888889
radio_propagation,radio-propagation-qualification-p20,21018,1,str_mlo_nmaxinflights_1,07b9055c737d47fdd861,10a3a93a5b2524da3a3c,0.04555555555555556,1.0987521748999958,1158.2605555555547
radio_propagation,radio-propagation-qualification-p20,21018,1,score_aware_t2_v2,9183fb9633bdf84d1814,dd69c168ddde46e7ad20,0.07,1.1693544018082906,2489.5072222222225
radio_propagation,radio-propagation-qualification-p20,21018,1,distributional_shadow_t2,eaa82dfa10cbae035f4c,8f2b06201f8abb0572f2,0.06055555555555556,1.2685814098006962,2214.081666666665
radio_propagation,radio-propagation-qualification-p20,21019,1,str_mlo_nmaxinflights_1,d75ad1602644a8b70618,94b95fe6ff1549d627b3,0.015555555555555555,1.1805366067662137,801.0666666666666
radio_propagation,radio-propagation-qualification-p20,21019,1,score_aware_t2_v2,87e3d980719bbd841679,a84e8be0a11ab7101532,0.06444444444444444,1.3003304396326447,3241.4322222222218
radio_propagation,radio-propagation-qualification-p20,21019,1,distributional_shadow_t2,38dc033a4b8966ac1f15,6d173768d2444b4108a9,0.04166666666666666,1.3610114586056155,2224.9433333333336
radio_propagation,radio-propagation-qualification-p20,21020,1,str_mlo_nmaxinflights_1,86c2a5aade2cb84a3acd,388a3d2142af8fe5c4b5,0.16499999999999998,1.8026388259227262,5418.116111111112
radio_propagation,radio-propagation-qualification-p20,21020,1,score_aware_t2_v2,5a938c649a3512563037,a3cc48d923f41dd5f3a4,0.3211111111111111,1.904306683376272,8613.041111111112
radio_propagation,radio-propagation-qualification-p20,21020,1,distributional_shadow_t2,9466e49d79c60fe1ebc2,abcd11b7c4c00dd59286,0.3061111111111111,1.9148538749348085,8225.353333333333
radio_propagation,radio-propagation-qualification-p21,21021,1,str_mlo_nmaxinflights_1,0b3d01f2fbf3294895e1,68eba384b6d360dd936c,0.01,1.0732031755232232,476.8905555555557
radio_propagation,radio-propagation-qualification-p21,21021,1,score_aware_t2_v2,40d2556d43fcf221400d,33b9363a5921be16034c,0.003888888888888889,1.0136976759566796,277.8238888888891
radio_propagation,radio-propagation-qualification-p21,21021,1,distributional_shadow_t2,da3b57aa828f4187bbf1,580db38df8143dd50778,0.0005555555555555554,1.086021802537114,115.89333333333343
radio_propagation,radio-propagation-qualification-p21,21022,1,str_mlo_nmaxinflights_1,2939396f8c1375306a77,7dd72b7f44cbec90df30,-0.004444444444444445,0.7304551213087063,-1790.182777777778
radio_propagation,radio-propagation-qualification-p21,21022,1,score_aware_t2_v2,68fe5d5dc0c93a90b8f7,bf805e5d1f684ee82d6c,0.014444444444444442,0.9129140335351223,119.47111111111099
radio_propagation,radio-propagation-qualification-p21,21022,1,distributional_shadow_t2,4a8dc497db2bc7ddf10f,1580b8b478561dba4254,0.015555555555555553,1.0264058853060976,291.5083333333332
radio_propagation,radio-propagation-qualification-p21,21023,1,str_mlo_nmaxinflights_1,a6728571ddfc3075955f,26ee0ad7c4506b65da57,0.008888888888888889,0.9600352743298479,180.33500000000004
radio_propagation,radio-propagation-qualification-p21,21023,1,score_aware_t2_v2,b76aaab1f6225a41c43c,a79f106f2dc27a9abbad,0.006666666666666667,0.9551689558514819,259.8355555555554
radio_propagation,radio-propagation-qualification-p21,21023,1,distributional_shadow_t2,3692258cc0e422abd775,88c478e459784a00cf20,0.0044444444444444444,0.9786110032782357,134.85166666666692
radio_propagation,radio-propagation-qualification-p21,21024,1,str_mlo_nmaxinflights_1,b1d9526ec7d2f41eb6f0,fee9e70ff00a5f08f437,0.013888888888888888,0.9912938264746254,494.3000000000002
radio_propagation,radio-propagation-qualification-p21,21024,1,score_aware_t2_v2,515d1c45c324b64ca9d8,6b5640811305d0749c23,0.05,0.9554694167418007,1282.8650000000007
radio_propagation,radio-propagation-qualification-p21,21024,1,distributional_shadow_t2,eaf7c05cb6d1563ddf62,adcd15748036c9991b34,0.024444444444444442,0.9784010844216511,291.3649999999998
radio_propagation,radio-propagation-qualification-p22,21025,1,str_mlo_nmaxinflights_1,dfb6dd3f974f710ff8e4,f888666aac9df9aac5ae,0.0016666666666666668,0.6078275666800249,-780.0105555555558
radio_propagation,radio-propagation-qualification-p22,21025,1,score_aware_t2_v2,83aadec8598a1ba57098,b3e1792ac71aff615693,-0.0005555555555555556,0.572380765538073,-912.2666666666664
radio_propagation,radio-propagation-qualification-p22,21025,1,distributional_shadow_t2,36c87af9b5a711cd3c9f,3f3972670442e2993d3c,0.0,0.5664704539378613,-858.8888888888889
radio_propagation,radio-propagation-qualification-p22,21026,1,str_mlo_nmaxinflights_1,393cd886ed9af91aaa78,daae31ba4dfb49706b20,-0.0005555555555555557,0.6272469861759732,-909.5999999999999
radio_propagation,radio-propagation-qualification-p22,21026,1,score_aware_t2_v2,9df53474c12554d5b1eb,48b1f14be366680f6587,0.0,0.6881014833574529,-782.4972222222223
radio_propagation,radio-propagation-qualification-p22,21026,1,distributional_shadow_t2,cbf9c8ae898339f940bb,68345777decc544eff4d,0.002777777777777778,0.6862156958921957,-708.7083333333335
radio_propagation,radio-propagation-qualification-p22,21027,1,str_mlo_nmaxinflights_1,21a7ce8348580ffe3e95,554a5e803350a50be1dd,0.0005555555555555556,0.6525125039049748,-501.73277777777776
radio_propagation,radio-propagation-qualification-p22,21027,1,score_aware_t2_v2,028d2e41fa69e69d9b7d,38bf4b28f68319a9bc95,-0.0005555555555555556,0.6007644435128645,-724.1305555555557
radio_propagation,radio-propagation-qualification-p22,21027,1,distributional_shadow_t2,82bb046e096888f3cd94,52659e8ca8a8b3f61b5f,0.0,0.5918347353534041,-677.6888888888889
radio_propagation,radio-propagation-qualification-p22,21028,1,str_mlo_nmaxinflights_1,f296bb5920d7d5793742,dfe47bfd98d62b0e2d49,0.0,0.6844628701084065,-604.4488888888889
radio_propagation,radio-propagation-qualification-p22,21028,1,score_aware_t2_v2,eec94034efdd4e8b5ee0,ffa81cab11e51db04a74,0.0011111111111111111,0.708361429979987,-476.9961111111111
radio_propagation,radio-propagation-qualification-p22,21028,1,distributional_shadow_t2,4b99d50b4058cdfa6874,af8e7a9fc104052c805f,0.0005555555555555556,0.6853234691960003,-546.0372222222222
radio_propagation,radio-propagation-qualification-p23,21029,1,str_mlo_nmaxinflights_1,a99c2fb8301065086595,142d987499c7f7a1347c,0.21666666666666662,2.007185971161828,5148.305
radio_propagation,radio-propagation-qualification-p23,21029,1,score_aware_t2_v2,d4c41da2db37ded9b912,f4cb8cfa72333b322e64,0.5072222222222222,1.854026496428911,11131.045555555556
radio_propagation,radio-propagation-qualification-p23,21029,1,distributional_shadow_t2,2d81ee1c5d50a80817bc,b7c10ea8ff391741689a,0.4355555555555556,1.8839143638971865,9336.17666666667
radio_propagation,radio-propagation-qualification-p23,21030,1,str_mlo_nmaxinflights_1,5158a50f0ce12503acd2,841362489d8098a357fb,0.1577777777777778,1.789137184996972,4360.330555555554
radio_propagation,radio-propagation-qualification-p23,21030,1,score_aware_t2_v2,da7d1150de1d81ba764f,5ce59b45bab507a283d5,0.505,2.181768817911096,11302.76722222222
radio_propagation,radio-propagation-qualification-p23,21030,1,distributional_shadow_t2,d9cba4742bd84662a175,588caa34cb106ec323e3,0.5249999999999999,2.248806451264004,11851.866666666669
radio_propagation,radio-propagation-qualification-p23,21031,1,str_mlo_nmaxinflights_1,9d6a0166040a124d0331,c80b297e08ff0d72b7da,0.27499999999999997,2.366025112264002,7052.813333333332
radio_propagation,radio-propagation-qualification-p23,21031,1,score_aware_t2_v2,326adc21ef0719e45bd4,889f67cc38e862247056,0.4766666666666667,2.0949402218630904,10670.556666666667
radio_propagation,radio-propagation-qualification-p23,21031,1,distributional_shadow_t2,bf1f739b4c42fb8db2a4,5a56bd6bd2ef43f3496b,0.47000000000000003,2.135489298255142,10864.135555555553
radio_propagation,radio-propagation-qualification-p23,21032,1,str_mlo_nmaxinflights_1,28fcaa0f259c76f2a43f,aa181249cfc0fa631470,0.26999999999999996,2.356212744562816,6989.119999999999
radio_propagation,radio-propagation-qualification-p23,21032,1,score_aware_t2_v2,55f076a05db43bee4143,8b0c9306600c65ba522b,0.3455555555555555,1.8201627232099291,7912.465
radio_propagation,radio-propagation-qualification-p23,21032,1,distributional_shadow_t2,6cdc5cc1468eabde264f,c2869eb0eb429c87b7f9,0.3505555555555556,1.9650097000075215,8033.029444444444
obss_intensity,obss-intensity-qualification-p16,21033,1,str_mlo_nmaxinflights_1,7791f434259b2a5daf40,67bde03934b63fa0e337,0.006666666666666668,0.8148516159688406,-575.2188888888886
obss_intensity,obss-intensity-qualification-p16,21033,1,score_aware_t2_v2,592b2d28f5a2c97ffa4d,8cb9a5f3d3266ceb281a,0.03722222222222222,0.8061544479234608,346.8094444444441
obss_intensity,obss-intensity-qualification-p16,21033,1,distributional_shadow_t2,766f48e169c53d236027,94ea526092ff672caa26,0.00888888888888889,0.8040127109761708,-748.8872222222226
obss_intensity,obss-intensity-qualification-p16,21034,1,str_mlo_nmaxinflights_1,4907f69444183af40cde,ee25fb8aab9597fb096e,-0.0038888888888888896,0.866878384834975,-456.84500000000025
obss_intensity,obss-intensity-qualification-p16,21034,1,score_aware_t2_v2,3ce24618cd012538cb2b,da8386485a2131e4dcfb,0.02222222222222222,0.788431166527707,192.8699999999999
obss_intensity,obss-intensity-qualification-p16,21034,1,distributional_shadow_t2,27c786ccd530ee14c088,dcdf2094f2e94a72d8a8,0.01111111111111111,0.833644213513311,-233.59722222222217
obss_intensity,obss-intensity-qualification-p16,21035,1,str_mlo_nmaxinflights_1,52a60158c08ffc9c3232,3079ee537fddbf5f9f4e,0.008333333333333331,0.8219412915407692,-452.1472222222228
obss_intensity,obss-intensity-qualification-p16,21035,1,score_aware_t2_v2,9fd5c829a18193ed620b,939ac997e0e96929035a,-0.002777777777777775,0.832306945046671,-1138.1983333333328
obss_intensity,obss-intensity-qualification-p16,21035,1,distributional_shadow_t2,6f65af4bf7636bb86fb3,a3e69952bc9dece4941f,0.004444444444444445,0.8062137677839476,-794.0844444444447
obss_intensity,obss-intensity-qualification-p16,21036,1,str_mlo_nmaxinflights_1,c124f2b842ca9fb86cd7,00181284c415765ad4de,0.005,0.7941853071904019,-359.7172222222225
obss_intensity,obss-intensity-qualification-p16,21036,1,score_aware_t2_v2,2afb8ec46b1731c2e499,ec44fc035f053c494778,0.006111111111111111,0.7990534719587224,-346.41833333333307
obss_intensity,obss-intensity-qualification-p16,21036,1,distributional_shadow_t2,2e99e097a9ddc7ba614a,7655c598cb71f72f395a,0.007777777777777778,0.7974678342497356,-348.32055555555553
obss_intensity,obss-intensity-qualification-p17,21037,1,str_mlo_nmaxinflights_1,374e60989154b57c0657,0fdac600a596559aaf67,0.05777777777777782,1.2811012185587578,1746.717777777776
obss_intensity,obss-intensity-qualification-p17,21037,1,score_aware_t2_v2,adaa733e5f0ad6c2255f,d303ace0c5904607242a,0.03833333333333333,1.0613268689134407,972.2616666666654
obss_intensity,obss-intensity-qualification-p17,21037,1,distributional_shadow_t2,16da7be60e94ec44212e,89d4d5527a4d1b64629b,0.034999999999999976,1.0453436659878772,920.0755555555552
obss_intensity,obss-intensity-qualification-p17,21038,1,str_mlo_nmaxinflights_1,277e8ac9f98bb63902d3,e4350c59750f6772c0df,0.09833333333333338,1.4381594672092999,2204.4355555555558
obss_intensity,obss-intensity-qualification-p17,21038,1,score_aware_t2_v2,04add1cabc540c207727,7c917e8a48f286a83088,0.15888888888888897,1.263124493990836,3473.9394444444442
obss_intensity,obss-intensity-qualification-p17,21038,1,distributional_shadow_t2,8f1c8012d37abe19b7a3,dcdcad20634e304c975f,0.16666666666666663,1.2793984782503427,3557.989444444447
obss_intensity,obss-intensity-qualification-p17,21039,1,str_mlo_nmaxinflights_1,823e021bc9f34dfb16ae,750b3f3b78fd2b68a8d2,-0.036111111111111094,1.3761874210743321,-771.4622222222206
obss_intensity,obss-intensity-qualification-p17,21039,1,score_aware_t2_v2,fd31d7828880b3849d0d,bb4e20db5262f0e3a8d9,0.08999999999999997,1.1471086009955256,2528.767222222221
obss_intensity,obss-intensity-qualification-p17,21039,1,distributional_shadow_t2,7889bac5ae485dc001c9,72d3cdd505577871f8a2,0.0905555555555555,1.1829604155713866,2518.4266666666663
obss_intensity,obss-intensity-qualification-p17,21040,1,str_mlo_nmaxinflights_1,75673e48baed381d2775,d6eb8327f96f8c21474f,-0.04888888888888887,1.2850581883753533,-1263.204999999998
obss_intensity,obss-intensity-qualification-p17,21040,1,score_aware_t2_v2,78c1a837b9f2d5686cd4,6e59868ee6bf22a876f6,0.6688888888888889,0.7232724456398476,16558.550555555557
obss_intensity,obss-intensity-qualification-p17,21040,1,distributional_shadow_t2,a22eb9c7b1727eef28b2,fc736cd15edab18ec484,0.6727777777777778,0.7259908879038949,16526.905
obss_intensity,obss-intensity-qualification-p18,21041,1,str_mlo_nmaxinflights_1,318ba779f4aa734fd3c0,34eb1a32497aef4f7cf0,0.006111111111111111,0.8502173312228336,-81.56944444444434
obss_intensity,obss-intensity-qualification-p18,21041,1,score_aware_t2_v2,ff4fe4abb0e591bfd774,4514197dd3c5d335d7f6,0.0005555555555555554,0.821598361571402,-312.43666666666695
obss_intensity,obss-intensity-qualification-p18,21041,1,distributional_shadow_t2,c39e701a67be31938564,6b08654f86d77e6d8263,0.0005555555555555556,0.8395373902827465,-347.3022222222223
obss_intensity,obss-intensity-qualification-p18,21042,1,str_mlo_nmaxinflights_1,ea5ed42e9cf0b6a27dda,a07f81e70c8d75abc7a1,0.013333333333333322,0.9577012193319226,143.3611111111095
obss_intensity,obss-intensity-qualification-p18,21042,1,score_aware_t2_v2,5739c4a1a126fcd3616b,42411b93fe5343fec1ae,0.053888888888888875,1.0917443974117353,1327.5149999999994
obss_intensity,obss-intensity-qualification-p18,21042,1,distributional_shadow_t2,505eab239cf0e2fa20a1,d2a5491b8175643541d8,0.033333333333333326,1.108071161073236,590.9155555555553
obss_intensity,obss-intensity-qualification-p18,21043,1,str_mlo_nmaxinflights_1,0ec3c5e9256c069a483a,a54de809c84fbc19f0e0,0.001666666666666667,0.7255878563077747,-596.5777777777776
obss_intensity,obss-intensity-qualification-p18,21043,1,score_aware_t2_v2,32a1837eac8df12b3e4b,81214969272897af4b5e,0.003333333333333334,0.7198826983367613,-1028.7083333333335
obss_intensity,obss-intensity-qualification-p18,21043,1,distributional_shadow_t2,dab6c0a878ddc497f48b,ddeeefe5ab6338a2f21b,0.009444444444444443,0.7111492975592081,-798.0638888888889
obss_intensity,obss-intensity-qualification-p18,21044,1,str_mlo_nmaxinflights_1,0138971c7999a5c94a13,6caadc231398080ef34d,0.013888888888888881,0.8192404547632947,-409.31944444444434
obss_intensity,obss-intensity-qualification-p18,21044,1,score_aware_t2_v2,39343ff7dac44dac946d,4a087e2696838f73f9b7,-0.020555555555555563,0.9605445275243542,-1408.3183333333327
obss_intensity,obss-intensity-qualification-p18,21044,1,distributional_shadow_t2,3fa11e28294476ca41e6,0f46cfc66ea69f25084c,0.007222222222222213,0.9405971525166118,-363.76444444444314
obss_intensity,obss-intensity-qualification-p19,21045,1,str_mlo_nmaxinflights_1,28dbcfeeba5ac0474d83,7684539d79757d5a86f2,-0.026111111111111085,0.944542095919567,-673.1183333333338
obss_intensity,obss-intensity-qualification-p19,21045,1,score_aware_t2_v2,82b3c5e3cd7439c12554,fc7a6ae26c51c5ede6f4,0.09833333333333333,1.0282086482059685,2219.378333333336
obss_intensity,obss-intensity-qualification-p19,21045,1,distributional_shadow_t2,c85ba966b51a3ec0bdbc,8d626a0fe7cf583cd19c,0.07722222222222225,1.041095458922819,1714.6655555555553
obss_intensity,obss-intensity-qualification-p19,21046,1,str_mlo_nmaxinflights_1,80f2e48b579e8aa72af0,05208e7a96521063d62c,-0.11722222222222223,1.5019345449252326,-1759.8199999999997
obss_intensity,obss-intensity-qualification-p19,21046,1,score_aware_t2_v2,e6afbc10d239a8e5e2ef,89398c378028e73585e8,-0.029444444444444495,1.4941371154488752,11.141111111111968
obss_intensity,obss-intensity-qualification-p19,21046,1,distributional_shadow_t2,490ccf45e74f65cb0199,c02f78fe97c978c98e7a,-0.04055555555555557,1.4979246327525118,-171.44444444444525
obss_intensity,obss-intensity-qualification-p19,21047,1,str_mlo_nmaxinflights_1,bf911ffc159f398accaf,db88a4ac364e5d44194a,0.08111111111111112,1.0051969684841808,2869.1355555555556
obss_intensity,obss-intensity-qualification-p19,21047,1,score_aware_t2_v2,b522a6d52de5966dfd69,219fe4094fda97edc148,-0.059444444444444466,0.9128046010924294,-2720.077222222222
obss_intensity,obss-intensity-qualification-p19,21047,1,distributional_shadow_t2,78e1bddd69f5a225f0b1,22682ce02629a3391a9d,-0.07555555555555554,0.9382804587501085,-2752.7349999999988
obss_intensity,obss-intensity-qualification-p19,21048,1,str_mlo_nmaxinflights_1,6886e189336bcfc31a66,34fa3f0801ec75ae74ba,0.03388888888888891,0.8998913687156459,850.3866666666654
obss_intensity,obss-intensity-qualification-p19,21048,1,score_aware_t2_v2,dc3a4e7f89b342c002c3,1572ef3d01691dfb929d,0.03277777777777777,0.9236742828805851,765.7855555555561
obss_intensity,obss-intensity-qualification-p19,21048,1,distributional_shadow_t2,30c63450ab80390a4c4c,2ecd3a31d2dcd299f976,0.022777777777777758,0.9624905797138266,263.41388888889014
obss_intensity,obss-intensity-qualification-p20,21049,1,str_mlo_nmaxinflights_1,9893eb6f2fe9e4ed4f1a,9afef8f7c1a3b4631f25,-0.0005555555555555314,0.9556072229221556,-15.276666666664823
obss_intensity,obss-intensity-qualification-p20,21049,1,score_aware_t2_v2,c146c6c2776be572f63b,9ffc165938dc5e1eafec,0.0022222222222222365,0.85011142323947,56.79055555555533
obss_intensity,obss-intensity-qualification-p20,21049,1,distributional_shadow_t2,dc588d9dee139b3fce08,44e1820d9d6b4b41c7b7,0.0011111111111110628,0.8624954005151423,30.806111111109203
obss_intensity,obss-intensity-qualification-p20,21050,1,str_mlo_nmaxinflights_1,36f8ffa87f7b9dcb049f,a412ef765aef8fdda67e,0.10499999999999998,1.178464536770499,2533.0011111111126
obss_intensity,obss-intensity-qualification-p20,21050,1,score_aware_t2_v2,6841d6c0e0a6bc93015c,da0e3095fc9715645552,0.1216666666666667,1.4083050966043857,2550.624444444442
obss_intensity,obss-intensity-qualification-p20,21050,1,distributional_shadow_t2,4eddb795d688511756a1,9ae24aafcd23a8b56250,0.13444444444444448,1.4498571622624161,2812.288333333334
obss_intensity,obss-intensity-qualification-p20,21051,1,str_mlo_nmaxinflights_1,b7b08745cf903c88af98,73c7dd99110b05a28c3d,0.0038888888888889417,1.318965758467692,60.786111111112405
obss_intensity,obss-intensity-qualification-p20,21051,1,score_aware_t2_v2,e1202f24a4669108df66,c89c0f0b1461e8fa89b3,0.007777777777777772,1.0375642374607705,116.55055555555009
obss_intensity,obss-intensity-qualification-p20,21051,1,distributional_shadow_t2,6b8135f9c708f7f19f42,fb62a90fa3f988ba6682,0.0022222222222222365,1.0330772630073537,24.03888888889196
obss_intensity,obss-intensity-qualification-p20,21052,1,str_mlo_nmaxinflights_1,fb315d018e84a58211f7,611f58d8588932015891,0.015000000000000013,1.0950735265475384,305.00833333333503
obss_intensity,obss-intensity-qualification-p20,21052,1,score_aware_t2_v2,be1cc0e4644edff76958,ab3ee4680d9855b4e3ad,0.0427777777777778,0.8138597473781309,798.5955555555556
obss_intensity,obss-intensity-qualification-p20,21052,1,distributional_shadow_t2,75d62ae0eec88396a112,ab7d8663b23f36c2a410,0.04444444444444451,0.8972908195066932,824.3211111111123
obss_intensity,obss-intensity-qualification-p21,21053,1,str_mlo_nmaxinflights_1,2bc30448b382ad1a336e,b6495a02c54073819d39,0.003888888888888886,0.8992285016465972,-335.27500000000055
obss_intensity,obss-intensity-qualification-p21,21053,1,score_aware_t2_v2,f5a228a63af86e773645,36dfde4e0538b05389a0,0.04222222222222223,0.925096845261237,932.115555555556
obss_intensity,obss-intensity-qualification-p21,21053,1,distributional_shadow_t2,ef9fee5f5ab0d1c4e244,8153e36ddc93c1a5695e,0.010000000000000009,0.9553752350084096,-357.33666666666795
obss_intensity,obss-intensity-qualification-p21,21054,1,str_mlo_nmaxinflights_1,078bfbbecd842f226031,e54821136d3b35c3c676,0.004999999999999999,0.8139014081277531,-296.94611111111135
obss_intensity,obss-intensity-qualification-p21,21054,1,score_aware_t2_v2,b4ac6c4876d020f25bbe,4f9a784ee4bbb42caece,0.0033333333333333322,0.8231829033734648,-952.3538888888884
obss_intensity,obss-intensity-qualification-p21,21054,1,distributional_shadow_t2,1b79575e960097fc495f,3fc09fd66913672ed127,0.007222222222222222,0.8091253563779846,-708.0227777777782
obss_intensity,obss-intensity-qualification-p21,21055,1,str_mlo_nmaxinflights_1,953e4e1ab9b4ad429da5,7cff5b15c3990265080a,0.0049999999999999975,0.8252161667995169,-758.9044444444444
obss_intensity,obss-intensity-qualification-p21,21055,1,score_aware_t2_v2,8140a6f8ce156418cf32,bd8170ea94af60fc0f4b,0.006111111111111116,0.8242692612975268,-979.8555555555549
obss_intensity,obss-intensity-qualification-p21,21055,1,distributional_shadow_t2,393274fdfaca8ff63446,56a8514200841b30827a,0.002222222222222226,0.8355634100480577,-1215.5605555555558
obss_intensity,obss-intensity-qualification-p21,21056,1,str_mlo_nmaxinflights_1,7f390aa755444ebc4c7e,9929c7ab3e839f86c589,-0.017222222222222222,0.7552096642648055,-1581.9900000000007
obss_intensity,obss-intensity-qualification-p21,21056,1,score_aware_t2_v2,d3f836dc2deec18c96fe,55eab541e41cc7520a7c,-0.009999999999999998,0.8083869259431793,-1106.13
obss_intensity,obss-intensity-qualification-p21,21056,1,distributional_shadow_t2,d608c8188a010f96f100,1758286a42479a4df23a,-0.008888888888888889,0.8170503966468644,-1056.5922222222216
obss_intensity,obss-intensity-qualification-p22,21057,1,str_mlo_nmaxinflights_1,ae2b3a000ca3f147ec35,7dfcc2fb7b5a590ba9e2,0.013333333333333322,0.8848374904085712,-386.20500000000084
obss_intensity,obss-intensity-qualification-p22,21057,1,score_aware_t2_v2,850652739494d3d6d253,9b42d2955660dd6a849f,-0.0038888888888888723,0.9175370466665437,-763.0100000000002
obss_intensity,obss-intensity-qualification-p22,21057,1,distributional_shadow_t2,999bab395f28ec9afd3e,0eeab2365924152a9f39,0.006111111111111109,0.8990471261095727,-673.3611111111113
obss_intensity,obss-intensity-qualification-p22,21058,1,str_mlo_nmaxinflights_1,6dba905f721ddffaf0f1,edcfaff87e3da229827c,-0.0016666666666666635,0.8306782590112869,-687.041666666667
obss_intensity,obss-intensity-qualification-p22,21058,1,score_aware_t2_v2,94b92b93fb660412af25,2af452a911dbb47c8876,0.009999999999999995,0.8930739038680799,-564.7016666666659
obss_intensity,obss-intensity-qualification-p22,21058,1,distributional_shadow_t2,2208b922e538bd5beafd,e03da4aa6691954e0391,0.015555555555555559,0.8986344861439746,-472.0994444444441
obss_intensity,obss-intensity-qualification-p22,21059,1,str_mlo_nmaxinflights_1,54a019da390627fbc44a,75468ecc603616fb0fec,0.018333333333333326,0.8638649400357116,59.642777777778065
obss_intensity,obss-intensity-qualification-p22,21059,1,score_aware_t2_v2,0161dd36af4ae769a0ee,f7bbce7b55aad8a6b0ba,0.0027777777777777783,0.8934675309260537,86.87833333333356
obss_intensity,obss-intensity-qualification-p22,21059,1,distributional_shadow_t2,6b52529a7594bb8f430f,7846c2340c1e95677896,0.005,0.9653528231416255,120.09111111111088
obss_intensity,obss-intensity-qualification-p22,21060,1,str_mlo_nmaxinflights_1,7c19fae9cad1d0b61b88,0a1ddcfb39f0a3a71a58,0.008333333333333331,0.9187123377907551,-320.3905555555557
obss_intensity,obss-intensity-qualification-p22,21060,1,score_aware_t2_v2,8b77443d81631a8239f5,595f01324b7e355f70ec,0.01944444444444446,0.9884390534734305,127.23722222222204
obss_intensity,obss-intensity-qualification-p22,21060,1,distributional_shadow_t2,13ab54df6a50a8cc3feb,88a17f1a3c30b8922107,0.021666666666666667,0.9921828221814781,-106.57500000000073
obss_intensity,obss-intensity-qualification-p23,21061,1,str_mlo_nmaxinflights_1,db6a100a92a3868b7092,12e19f7b56c7ac00b9bc,0.0038888888888888883,0.8705603788476717,-34.51111111111095
obss_intensity,obss-intensity-qualification-p23,21061,1,score_aware_t2_v2,7ef7fad24e27135e2221,f31b25b1f32af0034138,0.0038888888888888888,1.1519582108357833,337.5588888888892
obss_intensity,obss-intensity-qualification-p23,21061,1,distributional_shadow_t2,e0a7e9b5653f7e34d17d,ebf6414fa024bc5c460a,0.0033333333333333335,1.1144129921821861,390.1588888888889
obss_intensity,obss-intensity-qualification-p23,21062,1,str_mlo_nmaxinflights_1,0a87113dd6dea85341a7,9cde30a6b66f3182cc22,0.012777777777777777,0.9488187801597434,214.88833333333332
obss_intensity,obss-intensity-qualification-p23,21062,1,score_aware_t2_v2,c62d86ba1b6fbd970ab4,5dae5a0e9b32d88561d8,0.014444444444444447,1.0028501383245811,142.900555555555
obss_intensity,obss-intensity-qualification-p23,21062,1,distributional_shadow_t2,1cae96f1d24b910b070d,2d8b1e7f19a01d0b7a33,0.015,0.995865186841248,191.5855555555554
obss_intensity,obss-intensity-qualification-p23,21063,1,str_mlo_nmaxinflights_1,858029e5705024ac8907,7e6ab52ebeb3037d83ea,-0.0022222222222222227,0.7874074449880776,-508.431111111111
obss_intensity,obss-intensity-qualification-p23,21063,1,score_aware_t2_v2,8e3c54e6b44d722b1c4f,1a8b5656c93754c4c3b4,0.0,0.782494757522002,-454.0783333333334
obss_intensity,obss-intensity-qualification-p23,21063,1,distributional_shadow_t2,fe896fc7f47955efb8a6,5c78a12ad3f25e5755b1,0.0005555555555555557,0.7912926286898193,-421.2488888888888
obss_intensity,obss-intensity-qualification-p23,21064,1,str_mlo_nmaxinflights_1,4b4af9fe23e8d81d5cdd,005d64e63c5b9405f351,0.02333333333333333,0.9638388937417164,402.2566666666662
obss_intensity,obss-intensity-qualification-p23,21064,1,score_aware_t2_v2,e9e754d27ba3da20f305,7812130686952bfc5f37,0.006111111111111109,0.8486496590983578,-618.0072222222216
obss_intensity,obss-intensity-qualification-p23,21064,1,distributional_shadow_t2,40e35472e43ad4d60bcc,d8e2bba755557d6ecf13,0.009444444444444443,0.8513321810549844,-486.63611111111095
obss_geometry_mac,obss-geometry-mac-qualification-p16,21065,1,str_mlo_nmaxinflights_1,d0fefc1f54fa6805b732,38476652161c8b4fac3f,0.0,0.7691388467050999,-654.3277777777776
obss_geometry_mac,obss-geometry-mac-qualification-p16,21065,1,score_aware_t2_v2,730d54e5472128f7410c,928589af8894ac16921e,0.002222222222222222,0.8141933425040541,-490.5466666666666
obss_geometry_mac,obss-geometry-mac-qualification-p16,21065,1,distributional_shadow_t2,c7623645916d2d14c21e,25e1dcee7b4202012c2d,0.0027777777777777775,0.8122638648130431,-498.85333333333347
obss_geometry_mac,obss-geometry-mac-qualification-p16,21066,1,str_mlo_nmaxinflights_1,a5aaf41c3d806dc2caa1,87d32a3df388454565a2,0.011111111111111112,0.9162706039645864,59.13888888888869
obss_geometry_mac,obss-geometry-mac-qualification-p16,21066,1,score_aware_t2_v2,fdbdac453349fd4043e3,af0b7e4e400715927250,0.0077777777777777776,0.8841660174108813,-349.6766666666672
obss_geometry_mac,obss-geometry-mac-qualification-p16,21066,1,distributional_shadow_t2,874f17a75f4752c41dfb,cf60df6bc56d4148771f,0.008333333333333333,0.8880058885495233,-298.4022222222229
obss_geometry_mac,obss-geometry-mac-qualification-p16,21067,1,str_mlo_nmaxinflights_1,4ce2819cf0c1d16bfa9d,9d8ef9af6c163da6f4a0,0.002777777777777778,0.7537067659551417,-382.29833333333363
obss_geometry_mac,obss-geometry-mac-qualification-p16,21067,1,score_aware_t2_v2,f90452fa41e7db45f1ea,0940a51057db102a4707,0.004444444444444444,0.7720396062117165,-455.48222222222194
obss_geometry_mac,obss-geometry-mac-qualification-p16,21067,1,distributional_shadow_t2,6e97436dbfe65e99c7d9,423f2a6e02e4dbdd9c72,0.0033333333333333335,0.770227340815716,-517.3250000000003
obss_geometry_mac,obss-geometry-mac-qualification-p16,21068,1,str_mlo_nmaxinflights_1,08ecbd3ae8aece8738bf,641566ad5cb0d6e8b52a,0.0,0.8734249584689068,-121.9444444444448
obss_geometry_mac,obss-geometry-mac-qualification-p16,21068,1,score_aware_t2_v2,96b91710d7002a6baafc,f7f600b9a80847f00882,0.0016666666666666668,0.7428221184793009,-503.087777777778
obss_geometry_mac,obss-geometry-mac-qualification-p16,21068,1,distributional_shadow_t2,66b1bc7ac653e4e283c8,b1123c53ce72e0d10ea1,0.0016666666666666666,0.7689779841784153,-461.6416666666669
obss_geometry_mac,obss-geometry-mac-qualification-p17,21069,1,str_mlo_nmaxinflights_1,615e6ad9f6cab70ecb5e,537453ea5500886d5e40,0.0011111111111111113,0.8141373246666215,-377.63111111111084
obss_geometry_mac,obss-geometry-mac-qualification-p17,21069,1,score_aware_t2_v2,affe278e7ccbe5a99e9c,e32ded537f79691f8884,0.0016666666666666666,0.824409185705272,-672.8544444444447
obss_geometry_mac,obss-geometry-mac-qualification-p17,21069,1,distributional_shadow_t2,1ff2368ab5a2272caf47,f877fe8c4cbca619a535,0.0011111111111111113,0.8310970808092742,-565.442222222222
obss_geometry_mac,obss-geometry-mac-qualification-p17,21070,1,str_mlo_nmaxinflights_1,da3479d879a236857ec0,f47f1c9148121a7c13c7,0.0011111111111111111,1.0077828339941608,144.06500000000005
obss_geometry_mac,obss-geometry-mac-qualification-p17,21070,1,score_aware_t2_v2,9e953f92eb87d1196548,2026006553ab6d672bb2,0.0011111111111111111,1.1235882156785988,285.3994444444447
obss_geometry_mac,obss-geometry-mac-qualification-p17,21070,1,distributional_shadow_t2,02ece77e47ae377fc178,4bfbe1f705698fa06a70,0.002777777777777778,1.1191037409545517,293.49833333333345
obss_geometry_mac,obss-geometry-mac-qualification-p17,21071,1,str_mlo_nmaxinflights_1,3adbf144ee719bdb250f,57741496e289b50428b7,0.005555555555555556,0.8662973780824206,-242.7977777777778
obss_geometry_mac,obss-geometry-mac-qualification-p17,21071,1,score_aware_t2_v2,502bfb4a69b84d98f9fd,04fbfac7aeac576e8c34,0.006666666666666666,0.9260520191378859,-312.53611111111104
obss_geometry_mac,obss-geometry-mac-qualification-p17,21071,1,distributional_shadow_t2,bfd0318e1a747d7a95b2,4f49e0a9fc44233b9984,0.006111111111111111,0.9330564795526632,-404.2616666666672
obss_geometry_mac,obss-geometry-mac-qualification-p17,21072,1,str_mlo_nmaxinflights_1,15be909c41a83f8fb87a,640e2d12b7af2209bca8,0.0,0.7931259666508051,-356.2022222222222
obss_geometry_mac,obss-geometry-mac-qualification-p17,21072,1,score_aware_t2_v2,cfdba698f79d26088d8e,17cef14efc1915831779,0.0022222222222222222,0.8156286586038944,-350.9499999999998
obss_geometry_mac,obss-geometry-mac-qualification-p17,21072,1,distributional_shadow_t2,9cf87fc210fedb5758fb,40d338844e650bb53a06,0.0011111111111111111,0.8066546464532637,-327.93166666666684
obss_geometry_mac,obss-geometry-mac-qualification-p18,21073,1,str_mlo_nmaxinflights_1,29fdda1448e1cc941c29,316c612ca4abd1c28769,0.009444444444444443,0.8427466191855482,-459.9861111111104
obss_geometry_mac,obss-geometry-mac-qualification-p18,21073,1,score_aware_t2_v2,ac774f07e8bd1980aa1e,430f6f96a09f63daa4d9,0.0033333333333333305,0.9870740998244922,-531.6744444444448
obss_geometry_mac,obss-geometry-mac-qualification-p18,21073,1,distributional_shadow_t2,3fab03023daea86c49fd,a5cecc89f7f45a3693c8,0.021666666666666667,0.9744750758872743,194.6349999999993
obss_geometry_mac,obss-geometry-mac-qualification-p18,21074,1,str_mlo_nmaxinflights_1,b96669e0183156a8e77f,81f8c38a44d1840e18c2,0.007222222222222223,0.9236831224737709,15.553333333333285
obss_geometry_mac,obss-geometry-mac-qualification-p18,21074,1,score_aware_t2_v2,3b53a2a5aa56cafcad5d,034494ed93bc95ed3b20,0.0027777777777777783,0.889562479385753,-543.3949999999995
obss_geometry_mac,obss-geometry-mac-qualification-p18,21074,1,distributional_shadow_t2,db73626a9d13863bd58d,de5c184351890c3283c3,0.005555555555555557,0.8868345623726847,-446.29166666666697
obss_geometry_mac,obss-geometry-mac-qualification-p18,21075,1,str_mlo_nmaxinflights_1,076522d360997a102962,d22daf74604285cc74ce,0.005000000000000001,0.9390007919242114,19.247222222222263
obss_geometry_mac,obss-geometry-mac-qualification-p18,21075,1,score_aware_t2_v2,4e3cc7231b850fb23aa3,80bb6b5c7418ad9c14c3,0.007222222222222222,0.8082265444850687,-421.34000000000015
obss_geometry_mac,obss-geometry-mac-qualification-p18,21075,1,distributional_shadow_t2,acf0236e5b7293c0ed2e,c03ea0640602acd00494,0.0011111111111111113,0.8122954307850311,-703.2344444444439
obss_geometry_mac,obss-geometry-mac-qualification-p18,21076,1,str_mlo_nmaxinflights_1,6b2eab5ef83618e62c3b,b329833fcf8d20b36c68,0.0016666666666666668,1.030895532828073,248.81833333333316
obss_geometry_mac,obss-geometry-mac-qualification-p18,21076,1,score_aware_t2_v2,1dd4f60ee87b1ab919fb,8e94923bc4cb23bb2a1a,0.012777777777777779,1.324380115661002,687.8466666666664
obss_geometry_mac,obss-geometry-mac-qualification-p18,21076,1,distributional_shadow_t2,c729feb1b9b0f9e80fdf,d7d7c3a3d66e2878b56b,0.01,1.2455014414444712,667.701111111111
obss_geometry_mac,obss-geometry-mac-qualification-p19,21077,1,str_mlo_nmaxinflights_1,4329c14b83517d546ded,8589a5bed3a800d2a8c4,0.0061111111111111106,0.8480231926479456,-456.22333333333336
obss_geometry_mac,obss-geometry-mac-qualification-p19,21077,1,score_aware_t2_v2,f5e4d38722f3073178f6,a128428400a417d3ad1b,0.001666666666666667,0.8752409910231187,-533.1149999999998
obss_geometry_mac,obss-geometry-mac-qualification-p19,21077,1,distributional_shadow_t2,0834a690ea14acb099f9,bf63c68641cb7d0e6ba9,0.0027777777777777783,0.8642071040125144,-514.8872222222226
obss_geometry_mac,obss-geometry-mac-qualification-p19,21078,1,str_mlo_nmaxinflights_1,83007429f349929fc915,2e8e1d76d97a0ba5f1f3,0.005000000000000001,0.7897964852461081,-388.1916666666666
obss_geometry_mac,obss-geometry-mac-qualification-p19,21078,1,score_aware_t2_v2,f57f14c2aeb1134ae4ce,5ee708699bd0cda0413d,0.0061111111111111106,0.8062128207442578,-866.0822222222223
obss_geometry_mac,obss-geometry-mac-qualification-p19,21078,1,distributional_shadow_t2,566db38ff29fa5f08037,d2930731b4ccd2585f4b,0.007777777777777776,0.7938367013789513,-715.3222222222221
obss_geometry_mac,obss-geometry-mac-qualification-p19,21079,1,str_mlo_nmaxinflights_1,869be2efad3a56a7a87d,ec8f2af3e12946ca9fe6,0.0011111111111111113,0.74404088147258,-457.0649999999998
obss_geometry_mac,obss-geometry-mac-qualification-p19,21079,1,score_aware_t2_v2,ac7a6f90ed0639d3b594,86a3e908fb4b9ccb9588,0.0005555555555555556,0.7721818761598327,-363.577777777778
obss_geometry_mac,obss-geometry-mac-qualification-p19,21079,1,distributional_shadow_t2,741af17de1e5d081a838,df13211c803a19610f3b,0.0,0.768605791062893,-382.57555555555564
obss_geometry_mac,obss-geometry-mac-qualification-p19,21080,1,str_mlo_nmaxinflights_1,2a6cb6db2fabeed4c96b,7f082dbf135cc04bf18e,0.006666666666666668,0.8022141961966438,-782.8983333333335
obss_geometry_mac,obss-geometry-mac-qualification-p19,21080,1,score_aware_t2_v2,3a298829b882635f6ab7,4e3b9f44bb48e47f6f6e,0.006111111111111109,0.8833042285421198,-439.2383333333328
obss_geometry_mac,obss-geometry-mac-qualification-p19,21080,1,distributional_shadow_t2,e79660a8bd9d43a5a58c,3850712d636c409c00a1,0.0038888888888888896,0.9005397896311771,-595.6255555555554
obss_geometry_mac,obss-geometry-mac-qualification-p20,21081,1,str_mlo_nmaxinflights_1,fb70b887288436a907f5,da172758143a473a3180,-0.0011111111111111111,0.8567422112068651,-285.9144444444446
obss_geometry_mac,obss-geometry-mac-qualification-p20,21081,1,score_aware_t2_v2,082a24e0343e927594d6,a51449b8b24c90021019,0.0011111111111111113,0.803466538252544,-413.9233333333332
obss_geometry_mac,obss-geometry-mac-qualification-p20,21081,1,distributional_shadow_t2,f61178972b518cb3ffa1,5c57bc503042d9696be5,-0.0005555555555555556,0.8224636753866029,-419.18055555555566
obss_geometry_mac,obss-geometry-mac-qualification-p20,21082,1,str_mlo_nmaxinflights_1,5339f08df7a8dde7c974,f65397dd985e8f3cd5c9,0.005555555555555557,0.8592680656404772,-675.3688888888883
obss_geometry_mac,obss-geometry-mac-qualification-p20,21082,1,score_aware_t2_v2,456683e427d0a62a7bfe,11ffb949683d33829545,0.016666666666666666,1.0097751467639342,-471.8494444444441
obss_geometry_mac,obss-geometry-mac-qualification-p20,21082,1,distributional_shadow_t2,af2d462363b923a99a9a,a804cc6b8f4de72281d1,0.012222222222222218,0.9853335289855084,-429.87388888888927
obss_geometry_mac,obss-geometry-mac-qualification-p20,21083,1,str_mlo_nmaxinflights_1,28d3e71121ad9c6c8cf0,a958d27f23b1a69bc802,0.001666666666666667,0.7206761620658887,-722.4188888888889
obss_geometry_mac,obss-geometry-mac-qualification-p20,21083,1,score_aware_t2_v2,05872998fa594a14eba0,b8cf9c48b000c624ee42,0.0,0.7176590758249097,-542.9566666666665
obss_geometry_mac,obss-geometry-mac-qualification-p20,21083,1,distributional_shadow_t2,1d0c4315f23e796c48da,dba671edf02dd7fe5e22,0.0,0.7149290488926374,-566.8694444444443
obss_geometry_mac,obss-geometry-mac-qualification-p20,21084,1,str_mlo_nmaxinflights_1,e3b7413df59434d2e365,87a6c488ef28f898a253,0.004444444444444449,0.936440189812656,-344.8527777777772
obss_geometry_mac,obss-geometry-mac-qualification-p20,21084,1,score_aware_t2_v2,e6bfd62caf314dd8a103,b4c90543141f85e5774e,0.011666666666666665,0.9924926033505066,-33.27833333333365
obss_geometry_mac,obss-geometry-mac-qualification-p20,21084,1,distributional_shadow_t2,182da5bc8a112c8ed291,08aff76cd52260468e8a,0.010000000000000002,0.984527970517499,44.91888888888843
obss_geometry_mac,obss-geometry-mac-qualification-p21,21085,1,str_mlo_nmaxinflights_1,59be6b86113e5909700e,91fcc368848a17e71d1b,0.0027777777777777783,0.7943909400548257,-457.0688888888885
obss_geometry_mac,obss-geometry-mac-qualification-p21,21085,1,score_aware_t2_v2,84a5b733f061a038bace,bdc7d28787460e312646,0.002777777777777778,0.8981248621222149,-105.40888888888867
obss_geometry_mac,obss-geometry-mac-qualification-p21,21085,1,distributional_shadow_t2,daef55807c0c2d098958,ae79e028384d0d030f35,0.002777777777777778,0.8836223960676729,-141.55166666666628
obss_geometry_mac,obss-geometry-mac-qualification-p21,21086,1,str_mlo_nmaxinflights_1,2a1c82eb16b920e3baf1,fb466d2f17f19f028399,0.009999999999999998,0.8625358691071319,-69.80666666666639
obss_geometry_mac,obss-geometry-mac-qualification-p21,21086,1,score_aware_t2_v2,b0e52dd575790e68be7f,8a4fe94d7c21202f5661,0.011666666666666665,0.9791740742187045,92.91888888888843
obss_geometry_mac,obss-geometry-mac-qualification-p21,21086,1,distributional_shadow_t2,8b338f5af453c36f55d0,f806c28dcabc760b7e82,0.007222222222222224,0.9719971606981801,-119.51777777777806
obss_geometry_mac,obss-geometry-mac-qualification-p21,21087,1,str_mlo_nmaxinflights_1,6d1236b2a2d8600c8cbe,9493dda5db8c34dbec49,-0.0005555555555555557,0.893470992081312,-598.9016666666666
obss_geometry_mac,obss-geometry-mac-qualification-p21,21087,1,score_aware_t2_v2,95c2fe85be37902462c3,3d5c32806c0fdbcba601,0.026111111111111113,1.0136443134047142,545.4450000000006
obss_geometry_mac,obss-geometry-mac-qualification-p21,21087,1,distributional_shadow_t2,b7a4f5195f63640e2f4f,f4178f4aa934d1335d59,0.01388888888888889,0.9792510281469238,242.5222222222228
obss_geometry_mac,obss-geometry-mac-qualification-p21,21088,1,str_mlo_nmaxinflights_1,881db4f01301f129a58e,255f0bb1fafd3d5a718a,0.0027777777777777775,0.860939278376906,-317.7622222222226
obss_geometry_mac,obss-geometry-mac-qualification-p21,21088,1,score_aware_t2_v2,c85be2ee29efc3cf5bf3,c2dd6c0fc43248f15d43,0.005555555555555556,0.995938227759889,294.00444444444474
obss_geometry_mac,obss-geometry-mac-qualification-p21,21088,1,distributional_shadow_t2,d9935f001b475204d81a,3470abb0ad46820bb0f7,0.0044444444444444444,0.957639747381643,126.18111111111102
obss_geometry_mac,obss-geometry-mac-qualification-p22,21089,1,str_mlo_nmaxinflights_1,e2fa5ef950e59314c369,278e185a1bb885a331cc,0.002222222222222219,0.7996881024403242,-687.4944444444445
obss_geometry_mac,obss-geometry-mac-qualification-p22,21089,1,score_aware_t2_v2,4714583e770ff6932417,34273dde381fa8b7e92b,-0.00722222222222222,0.9406947206968396,-898.2577777777778
obss_geometry_mac,obss-geometry-mac-qualification-p22,21089,1,distributional_shadow_t2,583559e2f90a3d4ab42a,cf0c909013cb3311b646,0.007777777777777772,0.9154286825742121,-251.3577777777773
obss_geometry_mac,obss-geometry-mac-qualification-p22,21090,1,str_mlo_nmaxinflights_1,848da38170e0fa7f1249,70410c5665609dca90ac,0.002222222222222222,0.8539288152885346,-338.4138888888888
obss_geometry_mac,obss-geometry-mac-qualification-p22,21090,1,score_aware_t2_v2,637abef17aec407e7093,7693558be40518efee3c,0.0011111111111111111,0.9040667132501533,-113.43777777777746
obss_geometry_mac,obss-geometry-mac-qualification-p22,21090,1,distributional_shadow_t2,12346802fd92c53b539f,2dc90bd1ebf78fd55e65,0.0005555555555555556,0.8559415814510255,-156.8983333333333
obss_geometry_mac,obss-geometry-mac-qualification-p22,21091,1,str_mlo_nmaxinflights_1,2bc5f2607104a5a0dda2,ff3178732f4bcfcd89e2,0.004444444444444449,0.7980159664400756,-741.4544444444446
obss_geometry_mac,obss-geometry-mac-qualification-p22,21091,1,score_aware_t2_v2,d782d8b817cd20ec1e09,6ec3844ecdd2aed1cf5e,0.0022222222222222227,0.9212895651443437,-494.8133333333335
obss_geometry_mac,obss-geometry-mac-qualification-p22,21091,1,distributional_shadow_t2,6c5d31768e1f4c78ae6c,d0e0d86c39a915fdb67a,0.0011111111111111113,0.9023466797162514,-520.4088888888891
obss_geometry_mac,obss-geometry-mac-qualification-p22,21092,1,str_mlo_nmaxinflights_1,8614d9a38f22c3edd91c,90c2709f7d805f8486bd,0.0038888888888888888,0.8939240563278895,-83.69111111111124
obss_geometry_mac,obss-geometry-mac-qualification-p22,21092,1,score_aware_t2_v2,4baf313b9ccc7b11d362,7990469e947015d17234,0.008333333333333333,1.0671314695501382,237.07666666666682
obss_geometry_mac,obss-geometry-mac-qualification-p22,21092,1,distributional_shadow_t2,817f9757cd9c80791c3d,1462ec65551b8534b7e6,0.0044444444444444444,1.0431573650165096,31.02888888888856
obss_geometry_mac,obss-geometry-mac-qualification-p23,21093,1,str_mlo_nmaxinflights_1,53e76681f74c6ec27303,902c4cb02a853a483060,0.0005555555555555557,0.8253090965654857,-548.6888888888893
obss_geometry_mac,obss-geometry-mac-qualification-p23,21093,1,score_aware_t2_v2,01b2ed9527142cd2eef5,f8c170c22de1615bec99,0.011111111111111112,0.796431503473588,-681.9755555555548
obss_geometry_mac,obss-geometry-mac-qualification-p23,21093,1,distributional_shadow_t2,c91d513bf2924a968a25,16cd9e8b4d23d34f7c68,0.01,0.7882439549528185,-806.0944444444449
obss_geometry_mac,obss-geometry-mac-qualification-p23,21094,1,str_mlo_nmaxinflights_1,7f723cb6bddcf64f9232,3c585fc1a52ab3650b3a,-0.0011111111111111113,0.9097800707006906,-233.70388888888874
obss_geometry_mac,obss-geometry-mac-qualification-p23,21094,1,score_aware_t2_v2,d1c2e9eff770d6168df9,b4fdf4f214c95b5c0c3b,0.0022222222222222222,0.9529416614935249,-39.914999999999964
obss_geometry_mac,obss-geometry-mac-qualification-p23,21094,1,distributional_shadow_t2,a5ff21996bb7d6e3de16,beb3b4d38d55957eb200,0.0016666666666666668,0.9021469354866999,-51.78611111111104
obss_geometry_mac,obss-geometry-mac-qualification-p23,21095,1,str_mlo_nmaxinflights_1,bbe63fa2e922bbb843e8,22910199f90af43ea780,0.009444444444444446,0.8895576281116788,-55.03166666666675
obss_geometry_mac,obss-geometry-mac-qualification-p23,21095,1,score_aware_t2_v2,1d504add57fd9be14522,d738fdfda18bb36571ed,0.006666666666666668,0.9223980941729593,-703.1488888888889
obss_geometry_mac,obss-geometry-mac-qualification-p23,21095,1,distributional_shadow_t2,4c3a3f862c45421c49f0,748bf2f299799b23ab30,0.01611111111111111,0.9103490439345194,-223.40444444444438
obss_geometry_mac,obss-geometry-mac-qualification-p23,21096,1,str_mlo_nmaxinflights_1,4839e524feec5c40f41e,6e600d036dfb86f748cb,0.004999999999999999,0.8481384287309875,-35.0394444444446
obss_geometry_mac,obss-geometry-mac-qualification-p23,21096,1,score_aware_t2_v2,8f5cb48e0a98bd7f6aa7,82c4e752b45487a94328,0.0033333333333333335,0.8327672500726937,-281.4283333333333
obss_geometry_mac,obss-geometry-mac-qualification-p23,21096,1,distributional_shadow_t2,95d0d1c3edd30ce64c18,098b8f9983db0220417c,0.004999999999999999,0.8309394688553936,-191.09222222222252
video_workload,video-workload-qualification-p16,21097,1,str_mlo_nmaxinflights_1,efb9a04cbe4ff21e3b53,c48a5ee0def507f18f74,0.001944444444444443,0.8000054957639732,-479.3513888888888
video_workload,video-workload-qualification-p16,21097,1,score_aware_t2_v2,60b85f13b990a74c85cd,720bb960e4e910195b39,0.009722222222222222,0.9026004391876705,-246.22777777777765
video_workload,video-workload-qualification-p16,21097,1,distributional_shadow_t2,3085de624dbd3a0cf652,b0a99b3ecaab8351b3ca,0.00722222222222222,0.9164487713394998,-291.3283333333334
video_workload,video-workload-qualification-p16,21098,1,str_mlo_nmaxinflights_1,8a0c9622eb72098399cb,a1f1ec17bf847e7aa3ef,0.0016666666666666705,0.7870272810563708,-542.0058333333332
video_workload,video-workload-qualification-p16,21098,1,score_aware_t2_v2,c31f5c16be41b463bb23,0a5ef5fdf4b2983f2175,-0.014722222222222227,0.801037976480451,-803.8522222222223
video_workload,video-workload-qualification-p16,21098,1,distributional_shadow_t2,415e22b5f3feed9ec6b0,a57ef6216e4593ea6a6c,-0.007777777777777772,0.7840594788639502,-716.3794444444447
video_workload,video-workload-qualification-p16,21099,1,str_mlo_nmaxinflights_1,0d6980875f8b68d1ab2f,cb9f06de099b47946a74,0.0025,0.8469519446257443,-43.244444444444525
video_workload,video-workload-qualification-p16,21099,1,score_aware_t2_v2,ef23ca69600918b92533,dcee4ca13788c7ad33dd,0.0008333333333333334,0.7877866468622081,-149.298888888889
video_workload,video-workload-qualification-p16,21099,1,distributional_shadow_t2,3c5b28d66076fcb5e164,f418d573a6916e37a758,0.0002777777777777778,0.7851952579228113,-164.3988888888889
video_workload,video-workload-qualification-p16,21100,1,str_mlo_nmaxinflights_1,78706dafe69b5250af17,3a54d055d1a2a8b0a49d,0.001944444444444443,0.8316860353584464,-380.8438888888886
video_workload,video-workload-qualification-p16,21100,1,score_aware_t2_v2,946f764bbea2c105f165,f82456433a6987e7e9c0,0.01833333333333333,0.891871108175628,-100.38222222222248
video_workload,video-workload-qualification-p16,21100,1,distributional_shadow_t2,8cd38246a52ada731431,f0cbbb1cb1f7d2088707,0.003888888888888886,0.9184551220139192,-316.798888888889
video_workload,video-workload-qualification-p17,21101,1,str_mlo_nmaxinflights_1,781e153e638f4b576ba8,5bdabb793c70d9b6cf4b,0.0008333333333333335,0.770146746804358,-512.3874999999998
video_workload,video-workload-qualification-p17,21101,1,score_aware_t2_v2,0c183c114b5e9d8308dc,a23e528078e183a5ff74,-0.003333333333333333,0.7494551791628442,-677.8000000000002
video_workload,video-workload-qualification-p17,21101,1,distributional_shadow_t2,4ec3b164dc0560447eef,cc12889ad1ec22ef6b08,-0.0019444444444444446,0.7270869196231181,-648.938333333333
video_workload,video-workload-qualification-p17,21102,1,str_mlo_nmaxinflights_1,3bbdf1ae928cf3811f78,1fc7eb7c9d9f548b0efe,-0.0024999999999999953,0.7461221944035679,-837.6261111111107
video_workload,video-workload-qualification-p17,21102,1,score_aware_t2_v2,0b3dc2b9b29bbc2a98a5,c4dfd41dbaa75859345c,-0.022500000000000006,0.7496787006685991,-1396.270833333333
video_workload,video-workload-qualification-p17,21102,1,distributional_shadow_t2,d8de8dc039475e202923,cb243e5e61df74f96997,-0.012499999999999997,0.7395375412493149,-1250.0108333333337
video_workload,video-workload-qualification-p17,21103,1,str_mlo_nmaxinflights_1,37816e9f94359799f28f,4ff9daeebcceb99f035f,-0.00027777777777777783,0.7969380004001506,-331.7427777777775
video_workload,video-workload-qualification-p17,21103,1,score_aware_t2_v2,93cbe2277b240ab058f5,1312eed0f56fb5835f27,0.00027777777777777783,0.8390157638843765,-365.56083333333345
video_workload,video-workload-qualification-p17,21103,1,distributional_shadow_t2,2e7388bd456702c37253,5b37a314e2cdf8ab5074,0.0016666666666666666,0.8291510547098369,-305.9094444444445
video_workload,video-workload-qualification-p17,21104,1,str_mlo_nmaxinflights_1,b5cd049f178986555a45,fd4205559a7fc1f965b9,-0.0016666666666666705,0.7787270478301882,-753.2761111111113
video_workload,video-workload-qualification-p17,21104,1,score_aware_t2_v2,deb9279bf0dad50deabd,dc8ea09c96deaf25d4fd,0.004166666666666666,0.8319289183604456,-634.8224999999993
video_workload,video-workload-qualification-p17,21104,1,distributional_shadow_t2,339ba85d0562827868ab,f1088707db82c5af94a8,-0.008055555555555552,0.8427363966372655,-782.0958333333328
video_workload,video-workload-qualification-p18,21105,1,str_mlo_nmaxinflights_1,95fc5e42b73bcc3f3344,2843c86e3edf34ac8629,-0.002083333333333333,0.8708173603119574,-643.8597222222224
video_workload,video-workload-qualification-p18,21105,1,score_aware_t2_v2,ab4ccaf21f0f834f97e6,0c99a724626ca7480eb5,0.015972222222222224,0.9325618802336153,245.41388888888878
video_workload,video-workload-qualification-p18,21105,1,distributional_shadow_t2,68dcd2758b28a18b1622,b7385f24761ac9327577,0.004861111111111111,0.8655145347949793,-214.82916666666688
video_workload,video-workload-qualification-p18,21106,1,str_mlo_nmaxinflights_1,19b3bb65b5a2068a18bf,014ba598f09d2aecc8fe,0.0034722222222222238,0.7872853749320554,-874.3798611111115
video_workload,video-workload-qualification-p18,21106,1,score_aware_t2_v2,9ea3953e0c2592701471,b1580aacbb19c06d07ad,-0.0041666666666666675,0.8471324623429851,-1454.9090277777777
video_workload,video-workload-qualification-p18,21106,1,distributional_shadow_t2,2a1ec77d151e3f34848a,1b49fa0497893a1b14dd,0.0027777777777777783,0.8373215384207507,-1010.2062500000002
video_workload,video-workload-qualification-p18,21107,1,str_mlo_nmaxinflights_1,a8e5cebe2ad89b8a418f,b7130fd1f75bf5c9e42b,0.009722222222222222,0.9087066028141788,70.3215277777781
video_workload,video-workload-qualification-p18,21107,1,score_aware_t2_v2,85ca9fe942fb08d52d68,d98516ee635a63b2aa01,0.008333333333333333,0.840252006198681,-630.4229166666664
video_workload,video-workload-qualification-p18,21107,1,distributional_shadow_t2,fe063a09ca25508d9c3d,187cfddce88ea8e55f6d,0.009722222222222222,0.8224588659208534,-381.7729166666668
video_workload,video-workload-qualification-p18,21108,1,str_mlo_nmaxinflights_1,1c6940821a79c0e33eb8,2854048ea44dc01aa4d5,0.004861111111111111,0.8933346196772365,-109.97152777777774
video_workload,video-workload-qualification-p18,21108,1,score_aware_t2_v2,9f9779fccec02bd60473,5322a720800f7979e792,0.002777777777777778,0.7932327365863453,-246.88541666666652
video_workload,video-workload-qualification-p18,21108,1,distributional_shadow_t2,21612466ddbc3f3fae4d,753b9f9683737d15ec60,0.001388888888888889,0.7951384672949902,-314.27847222222226
video_workload,video-workload-qualification-p19,21109,1,str_mlo_nmaxinflights_1,cc8247f9b2d25e73528e,0710bd335c034df7dd7e,0.0,0.760194741402984,-587.1122222222225
video_workload,video-workload-qualification-p19,21109,1,score_aware_t2_v2,d4d934eaa990c3e96482,ac73f4a911cd794fc42d,0.005555555555555555,0.8025001708934308,-694.3233333333337
video_workload,video-workload-qualification-p19,21109,1,distributional_shadow_t2,b7a72fd6cca189bdcbc3,69611f11a86bd4c7b42d,0.0033333333333333322,0.7986474796312454,-641.6227777777781
video_workload,video-workload-qualification-p19,21110,1,str_mlo_nmaxinflights_1,27d0fdf1805ea5bbdd96,6e0240012991ef02c66f,0.0027777777777777775,0.9993909012074976,89.18666666666695
video_workload,video-workload-qualification-p19,21110,1,score_aware_t2_v2,40048fdbcac537e4b8d5,34a022ad5909ba2168cd,0.0,1.0604315082984705,165.72833333333347
video_workload,video-workload-qualification-p19,21110,1,distributional_shadow_t2,25b93357b786d4500b01,e36f9bad1c21c04eb841,0.0,1.006827899591631,167.0605555555553
video_workload,video-workload-qualification-p19,21111,1,str_mlo_nmaxinflights_1,a53214a0b95b9347c167,c75e02e93a6f6a8d36ef,0.0016666666666666653,0.7591508821165054,-834.653888888889
video_workload,video-workload-qualification-p19,21111,1,score_aware_t2_v2,fabd7e4cc184679243f3,bf682d1ef1f390a4ee2c,0.008333333333333333,0.7916358994136969,-713.7455555555557
video_workload,video-workload-qualification-p19,21111,1,distributional_shadow_t2,4168a86ee9cce73a21c3,2f74d06dcaba891ed9a5,0.009444444444444443,0.7944639240089797,-566.3433333333337
video_workload,video-workload-qualification-p19,21112,1,str_mlo_nmaxinflights_1,459b877103832821252f,1cd6b6b911c0709a1a73,-0.0005555555555555548,0.7771241609678012,-520.7577777777778
video_workload,video-workload-qualification-p19,21112,1,score_aware_t2_v2,22d6bcf73e0e168026ee,8dd26ff1bf2977ba6d3d,0.0016666666666666668,0.8073789637831956,-329.2877777777776
video_workload,video-workload-qualification-p19,21112,1,distributional_shadow_t2,8507c1dd4f49f9ab771e,818eec135c808a90b8df,0.0,0.7981661185568266,-373.2266666666667
video_workload,video-workload-qualification-p20,21113,1,str_mlo_nmaxinflights_1,6ef4b1f33103135b06b8,4e11998dd5f8905018ff,0.0059259259259259265,0.7954865328628994,-270.3907407407405
video_workload,video-workload-qualification-p20,21113,1,score_aware_t2_v2,cb13414866f2d660d95a,47314182cca2e2415109,0.016296296296296295,0.843350798843137,22.388148148148048
video_workload,video-workload-qualification-p20,21113,1,distributional_shadow_t2,2d23002e750eed44115e,25b88a2eff9395e626c3,0.0,0.8366187448827671,-499.2774074074073
video_workload,video-workload-qualification-p20,21114,1,str_mlo_nmaxinflights_1,e89d1e7a5798c1bb38c1,21975a308fe178770b39,-0.0007407407407407407,0.7031352113404004,-350.25518518518516
video_workload,video-workload-qualification-p20,21114,1,score_aware_t2_v2,98f0eee75681faa776ec,cc854549794d393b0612,-0.00037037037037037035,0.7404905590197937,-245.61148148148163
video_workload,video-workload-qualification-p20,21114,1,distributional_shadow_t2,c5ea70ace2af4fd7fc31,cfa2a239afe410092961,0.0,0.7419985025780261,-235.46592592592606
video_workload,video-workload-qualification-p20,21115,1,str_mlo_nmaxinflights_1,1ed29e612255c4129b0b,13e7eb1aa264004a3a31,-0.001851851851851851,0.7597464898595944,-603.393333333333
video_workload,video-workload-qualification-p20,21115,1,score_aware_t2_v2,e8b53787d325f473c0f5,96e92f011c0e97757d1a,0.0048148148148148134,0.781575095938313,-471.3355555555554
video_workload,video-workload-qualification-p20,21115,1,distributional_shadow_t2,4370eb76d40af1df5ed0,1685b6a301cbb0cbdcb6,0.0044444444444444444,0.7732979277325706,-462.1996296296297
video_workload,video-workload-qualification-p20,21116,1,str_mlo_nmaxinflights_1,ede98ee61b77989af073,236ef9020208beea412a,0.0007407407407407408,0.801393585640304,-225.77629629629632
video_workload,video-workload-qualification-p20,21116,1,score_aware_t2_v2,fac32b0393049d5701ab,e3ecc020eca7ce2aa8a6,0.001851851851851852,0.8631366021454778,-167.29666666666662
video_workload,video-workload-qualification-p20,21116,1,distributional_shadow_t2,dc2fea429797d34b6cbc,ecc6b8c923aecf04850e,0.0003703703703703703,0.8867207793331201,-197.5288888888888
video_workload,video-workload-qualification-p21,21117,1,str_mlo_nmaxinflights_1,968a67e0b2c16bfe83d0,13e4d33f50cdb56b1849,0.004444444444444445,0.8257496974487555,-240.38722222222214
video_workload,video-workload-qualification-p21,21117,1,score_aware_t2_v2,64c0445840e894f1f482,522cf352b3076b0e14b7,0.005555555555555556,0.8121596665198776,-414.36222222222204
video_workload,video-workload-qualification-p21,21117,1,distributional_shadow_t2,02cc040f45311b5b8e64,9845532e247c6456c682,0.005,0.8210570218747512,-534.8505555555553
video_workload,video-workload-qualification-p21,21118,1,str_mlo_nmaxinflights_1,6d678099338354a0c559,602635090a9af3fb8df6,0.006666666666666667,0.757007764481645,-524.3300000000004
video_workload,video-workload-qualification-p21,21118,1,score_aware_t2_v2,5c5de6a5f56621fe6a5d,e0e29c13f16116a718d4,0.003333333333333333,0.8061764586914525,-707.4249999999997
video_workload,video-workload-qualification-p21,21118,1,distributional_shadow_t2,96df3af072aeca95e70d,9f301d0efaa1f20a673c,0.005,0.802240449684563,-626.0149999999999
video_workload,video-workload-qualification-p21,21119,1,str_mlo_nmaxinflights_1,fb61ae90a14bff6903dd,249d4072ff0a8fa82b33,0.0044444444444444444,0.8532995978332442,-289.2750000000001
video_workload,video-workload-qualification-p21,21119,1,score_aware_t2_v2,165c390e28b9b31237fe,f3a7065aa5ca18254c49,0.0005555555555555556,0.8353034748038288,-224.08999999999992
video_workload,video-workload-qualification-p21,21119,1,distributional_shadow_t2,7385c736ead8bfe39f04,69beb9a49a6816520713,0.0005555555555555556,0.8175904570575232,-218.82444444444445
video_workload,video-workload-qualification-p21,21120,1,str_mlo_nmaxinflights_1,bcee7e981479b7ce948b,094070a8d77ef8567673,0.013888888888888888,0.8231997285589346,-67.86777777777752
video_workload,video-workload-qualification-p21,21120,1,score_aware_t2_v2,913c660ff8451aa829b2,1f83e2358245095c6cf6,0.003333333333333334,0.8545493649387912,-258.2633333333333
video_workload,video-workload-qualification-p21,21120,1,distributional_shadow_t2,0ad730a96e4f074a626f,508f5941a24ee5050483,0.0011111111111111105,0.8600579055910468,-347.49333333333334
video_workload,video-workload-qualification-p22,21121,1,str_mlo_nmaxinflights_1,1f4459a955ebdb57adf8,616f67ad228df3146ae8,0.0037037037037037043,0.7837396690036944,-333.67111111111126
video_workload,video-workload-qualification-p22,21121,1,score_aware_t2_v2,c18df0fc76953cf6ff89,a6b59d9a96fa0d13f1d4,0.0037037037037037034,0.7918294169380625,-370.32888888888874
video_workload,video-workload-qualification-p22,21121,1,distributional_shadow_t2,2b864ad55d56ac204460,ef12dee0a15f249b8e36,0.002592592592592593,0.7821927013344673,-442.454074074074
video_workload,video-workload-qualification-p22,21122,1,str_mlo_nmaxinflights_1,f761cfa8c80c405e02cb,08192368d4ec62a3d4b7,0.009259259259259262,0.7973912419631954,-517.2577777777778
video_workload,video-workload-qualification-p22,21122,1,score_aware_t2_v2,449cd223b9b98a8c8307,df177f2c404ef0079cb8,0.001481481481481483,0.8024801448360586,-843.2570370370368
video_workload,video-workload-qualification-p22,21122,1,distributional_shadow_t2,5fbfaedc1e3510b609ef,d778c33b9d0ebf85b8b5,0.004074074074074074,0.7940619403333077,-780.7025925925927
video_workload,video-workload-qualification-p22,21123,1,str_mlo_nmaxinflights_1,c8284cbfbc2f632a74dc,7d157f9cf2bd5106dd7a,0.0014814814814814814,0.7403076589044385,-323.64222222222224
video_workload,video-workload-qualification-p22,21123,1,score_aware_t2_v2,529ca0aa67084b0f3998,6c1b78d8452db13503ef,-0.001111111111111111,0.7745847369569706,-376.948148148148
video_workload,video-workload-qualification-p22,21123,1,distributional_shadow_t2,115e57d9c2a6493adf5c,4caecb0da84c81950ee3,-0.0014814814814814814,0.7660609715639716,-382.53259259259266
video_workload,video-workload-qualification-p22,21124,1,str_mlo_nmaxinflights_1,2fea14997a623febc6e0,6db82f32867c939f8935,0.007407407407407408,0.9035443123166935,-307.01222222222214
video_workload,video-workload-qualification-p22,21124,1,score_aware_t2_v2,c0a43ba0daa847b14f92,924345fd74a93e443b5f,0.02296296296296297,0.9655892451768188,-154.6988888888891
video_workload,video-workload-qualification-p22,21124,1,distributional_shadow_t2,0e4222d203f15851f52f,8ee8a98e028af47970f9,0.003333333333333341,0.975148663387843,-403.5922222222225
video_workload,video-workload-qualification-p23,21125,1,str_mlo_nmaxinflights_1,d5c14062a50cb44dca8e,ba86d1fd85a98ec736ce,0.0013888888888888887,0.7562187104657072,-204.0840277777777
video_workload,video-workload-qualification-p23,21125,1,score_aware_t2_v2,e9c9fb8cf484f81abd4f,dfaac1d726a22ea4c67f,0.0006944444444444445,0.7608891160711034,-177.49930555555534
video_workload,video-workload-qualification-p23,21125,1,distributional_shadow_t2,b12c3414426b5463a6e0,eac7b1de7bcc79014e17,0.0006944444444444445,0.8359108905671233,-184.97152777777774
video_workload,video-workload-qualification-p23,21126,1,str_mlo_nmaxinflights_1,e5476dde6e0fe8bf0f29,f8c7e24d175a567d780b,0.0013888888888888892,0.8433168923673228,-163.67152777777778
video_workload,video-workload-qualification-p23,21126,1,score_aware_t2_v2,2a7b127257e6428a0fdc,0e970df5b38b7772ae7e,-0.0006944444444444446,0.7953022881678535,-234.58402777777746
video_workload,video-workload-qualification-p23,21126,1,distributional_shadow_t2,e9316c3bd223440f73ca,f54593efa07098117523,-0.0006944444444444445,0.787513007366674,-397.4923611111112
video_workload,video-workload-qualification-p23,21127,1,str_mlo_nmaxinflights_1,d0e8018c888dd74f3f23,35d7becadf2572529d26,0.0076388888888888895,1.0023905947672977,295.1923611111115
video_workload,video-workload-qualification-p23,21127,1,score_aware_t2_v2,9dfa50b2ec2ca65abcc6,cb82f7e76e2ab9a1930f,0.005555555555555555,1.028278117517499,409.1187500000001
video_workload,video-workload-qualification-p23,21127,1,distributional_shadow_t2,adb27b6009c2bcb040c6,59532a2fb1cd33660f1c,0.003472222222222222,1.024097926716625,108.19583333333321
video_workload,video-workload-qualification-p23,21128,1,str_mlo_nmaxinflights_1,d46e5d2137ea4139523a,4780b16896bf660422e4,-0.0006944444444444445,0.7683050758927656,-395.7729166666668
video_workload,video-workload-qualification-p23,21128,1,score_aware_t2_v2,af459224f053fe1394d8,5993d87ab4d9e10b92c5,0.0,0.7554471507907763,-158.72291666666672
video_workload,video-workload-qualification-p23,21128,1,distributional_shadow_t2,52bb575685bfabc9726f,e96b809dce5a428a0f91,0.0,0.7887242672640565,-147.07569444444437
legacy_coexistence,legacy-coexistence-qualification-p16,21129,1,str_mlo_nmaxinflights_1,ae82cc3daa9020cc85a8,c4e317db34996d799557,0.011666666666666665,0.9170597678648238,-645.5311111111105
legacy_coexistence,legacy-coexistence-qualification-p16,21129,1,score_aware_t2_v2,13c446affac42dbd4446,1731c4ae4ffb4d361476,0.011111111111111113,0.8824256946588049,-305.35388888888883
legacy_coexistence,legacy-coexistence-qualification-p16,21129,1,distributional_shadow_t2,170be359dbca41acf18e,935a14da76623cdb41ff,0.006111111111111109,0.9197245544417053,-360.6761111111109
legacy_coexistence,legacy-coexistence-qualification-p16,21130,1,str_mlo_nmaxinflights_1,c909d17f7ff697d8cf6c,6f542084417f15c3fd7e,0.0005555555555555557,0.7989811986324156,-703.7961111111108
legacy_coexistence,legacy-coexistence-qualification-p16,21130,1,score_aware_t2_v2,dddcb2dbd56818c6a0fb,974c68b607b266c8ca57,0.0016666666666666661,0.8274369392078852,-439.68499999999995
legacy_coexistence,legacy-coexistence-qualification-p16,21130,1,distributional_shadow_t2,73f2af162965a452f574,c6f07b8b50e5be463117,0.001666666666666667,0.8335797058724561,-409.8800000000001
legacy_coexistence,legacy-coexistence-qualification-p16,21131,1,str_mlo_nmaxinflights_1,f839afa9764de925ef88,ff7ccc37906e6a521961,0.017777777777777774,0.7948425362626375,-489.0444444444438
legacy_coexistence,legacy-coexistence-qualification-p16,21131,1,score_aware_t2_v2,9817ccb78bdeb56f8e5e,ff9f58b58d18917f3f74,0.011111111111111113,0.9694634683456788,-684.4127777777776
legacy_coexistence,legacy-coexistence-qualification-p16,21131,1,distributional_shadow_t2,80598a8b3576d5ed627f,7b0a14fe4594ca301672,0.015555555555555559,0.9482668999340435,-254.84999999999945
legacy_coexistence,legacy-coexistence-qualification-p16,21132,1,str_mlo_nmaxinflights_1,0a42aafd58cca2ff3e6a,2200e3ad64cca958cf86,0.010555555555555558,1.1599793430571408,376.49388888888825
legacy_coexistence,legacy-coexistence-qualification-p16,21132,1,score_aware_t2_v2,2835bf40e9093740b292,c7cb71c43d4f202433b5,0.044444444444444446,1.2444742404030336,1274.9149999999995
legacy_coexistence,legacy-coexistence-qualification-p16,21132,1,distributional_shadow_t2,3c496f6896a4eef92ca7,eaa5185156e3a4b9fad7,0.012777777777777777,1.4622475724295407,538.9116666666664
legacy_coexistence,legacy-coexistence-qualification-p17,21133,1,str_mlo_nmaxinflights_1,c41a443f6a04277d5e8d,087de1e242df4f8b66b5,0.05388888888888893,0.9242046400390829,1018.8433333333342
legacy_coexistence,legacy-coexistence-qualification-p17,21133,1,score_aware_t2_v2,e06c6913cb8a851044f9,b9db86df22bb7d23c75e,0.09611111111111115,1.3448069509400422,1873.1094444444461
legacy_coexistence,legacy-coexistence-qualification-p17,21133,1,distributional_shadow_t2,da65f24edc963d8153c7,78ac12821ea1156f24d3,0.13555555555555554,1.3192742849930557,2880.312777777781
legacy_coexistence,legacy-coexistence-qualification-p17,21134,1,str_mlo_nmaxinflights_1,fac152b6c676f6d59a8b,12520925990c1ef33ec7,0.0016666666666666774,0.8191812977242242,-835.8577777777773
legacy_coexistence,legacy-coexistence-qualification-p17,21134,1,score_aware_t2_v2,88992e9d04cc5fa564c5,abc9865dc43939c8f26d,0.01944444444444443,0.9096342287474748,-79.99611111111153
legacy_coexistence,legacy-coexistence-qualification-p17,21134,1,distributional_shadow_t2,2986715fe0eb5d1f7fb5,a074be21c022d47181e3,0.013333333333333336,0.8913949254907486,-249.60944444444613
legacy_coexistence,legacy-coexistence-qualification-p17,21135,1,str_mlo_nmaxinflights_1,3c1974ca0f64ca997349,df065d8e4035037cca7e,0.0005555555555555314,1.025889248541266,-324.4449999999997
legacy_coexistence,legacy-coexistence-qualification-p17,21135,1,score_aware_t2_v2,e1d2f0bcb15ee8ca815f,452ebfe7a16cc23df4c3,0.02611111111111114,1.1487319673109726,794.4027777777774
legacy_coexistence,legacy-coexistence-qualification-p17,21135,1,distributional_shadow_t2,a4fc4e6332751b0cb3c6,fc19465eb119404a4546,0.02111111111111108,1.1080380856688825,689.6505555555559
legacy_coexistence,legacy-coexistence-qualification-p17,21136,1,str_mlo_nmaxinflights_1,3dacd969c8dfa4978676,4c3a062f70299ece57cc,0.009444444444444478,1.1297935331628004,363.29722222222335
legacy_coexistence,legacy-coexistence-qualification-p17,21136,1,score_aware_t2_v2,f5ee97bdaaa85eb0bd51,3a00773db49339a4d012,0.2105555555555556,1.4478998291640643,4630.991111111114
legacy_coexistence,legacy-coexistence-qualification-p17,21136,1,distributional_shadow_t2,e0a5e2c9bb93dc97ab72,5a7a91fd3eb994e4f629,0.21944444444444444,1.4874064600643857,4775.382777777777
legacy_coexistence,legacy-coexistence-qualification-p18,21137,1,str_mlo_nmaxinflights_1,9ac233298f8e8a1f5733,3ed912135a3118b576ff,0.0038888888888889,1.0326768702704126,49.42388888888854
legacy_coexistence,legacy-coexistence-qualification-p18,21137,1,score_aware_t2_v2,debdeea000a265fb2bcc,1e6f6ab0ed2660bae564,0.012777777777777777,0.9327234200074357,308.3955555555549
legacy_coexistence,legacy-coexistence-qualification-p18,21137,1,distributional_shadow_t2,5f3559fef605773819c3,7048be709b319cd32259,-0.002777777777777768,0.9713239549454674,-424.0188888888897
legacy_coexistence,legacy-coexistence-qualification-p18,21138,1,str_mlo_nmaxinflights_1,84405006f27e1dbdba61,19e8013e2cad95068a23,0.012777777777777763,0.9308835337866584,-60.24666666666599
legacy_coexistence,legacy-coexistence-qualification-p18,21138,1,score_aware_t2_v2,ad74fd3667a913991472,ae315435a50207486cc9,0.01055555555555554,0.9286722087039183,171.3027777777752
legacy_coexistence,legacy-coexistence-qualification-p18,21138,1,distributional_shadow_t2,752ce00f2b60c05f080e,abcbb99a2634771b4136,-0.007777777777777772,0.91780905605275,-490.03722222222314
legacy_coexistence,legacy-coexistence-qualification-p18,21139,1,str_mlo_nmaxinflights_1,9a7fec8e3dbc9ac258df,7b9af3d56034de3d7354,0.01611111111111113,0.8534483119353968,-394.17388888888854
legacy_coexistence,legacy-coexistence-qualification-p18,21139,1,score_aware_t2_v2,1ff83889b9f07b0d4e23,4f9ceea29ebac29f6a7c,-0.012222222222222218,0.8337310567531495,-1116.487222222222
legacy_coexistence,legacy-coexistence-qualification-p18,21139,1,distributional_shadow_t2,563b8a153b0b96ff6684,4a64741dd5294292950a,-0.016111111111111104,0.8039764101774833,-1076.6544444444444
legacy_coexistence,legacy-coexistence-qualification-p18,21140,1,str_mlo_nmaxinflights_1,736641938fc8b8b045b5,0b9eb7a61f9f41d0680e,0.012222222222222218,0.9684766015150198,4.861666666667588
legacy_coexistence,legacy-coexistence-qualification-p18,21140,1,score_aware_t2_v2,4b396ffab7dcf38ac2f0,a2cee9deb75ae20e30a4,-0.0188888888888889,0.9871480704604695,-708.9655555555546
legacy_coexistence,legacy-coexistence-qualification-p18,21140,1,distributional_shadow_t2,78690729f8d717faba02,eb9e9bb91809ee2a6ba8,0.00888888888888889,0.973324342581836,292.1422222222209
legacy_coexistence,legacy-coexistence-qualification-p19,21141,1,str_mlo_nmaxinflights_1,5668924c5adfbdc36a36,d11525a213a481d39a58,0.0027777777777777783,0.9112365414677108,-55.178333333333285
legacy_coexistence,legacy-coexistence-qualification-p19,21141,1,score_aware_t2_v2,9beddc326e44bcaed4b1,e0ce5026b5dc60703bad,0.04222222222222222,1.0310594877027213,1940.738888888889
legacy_coexistence,legacy-coexistence-qualification-p19,21141,1,distributional_shadow_t2,952558202c5b2df25b57,65eccf66b52b09b3acce,0.04055555555555556,1.0158555726392948,1969.3599999999997
legacy_coexistence,legacy-coexistence-qualification-p19,21142,1,str_mlo_nmaxinflights_1,ceecb2452504984f5e65,95e6bbbd821ff087778e,0.02333333333333333,0.934878604612371,60.13611111111095
legacy_coexistence,legacy-coexistence-qualification-p19,21142,1,score_aware_t2_v2,ac6ebd77032697b07141,2f1704c93fafe182a5aa,0.03222222222222221,0.8615757787398992,584.6844444444432
legacy_coexistence,legacy-coexistence-qualification-p19,21142,1,distributional_shadow_t2,2e135ce66993b0909e87,f1dbff019f27990d77bd,0.0005555555555555869,0.9293584775394758,-382.4688888888886
legacy_coexistence,legacy-coexistence-qualification-p19,21143,1,str_mlo_nmaxinflights_1,206b4623d0214010f4f8,b50d30074a406a18d372,0.00555555555555555,0.8730136775460287,-456.49222222222215
legacy_coexistence,legacy-coexistence-qualification-p19,21143,1,score_aware_t2_v2,bfaa887226670605dfff,be3047285a9069bcb44b,0.008888888888888889,0.7997915464090819,-275.1638888888883
legacy_coexistence,legacy-coexistence-qualification-p19,21143,1,distributional_shadow_t2,93536f4ce0aea9ea9fa0,f9a2979809bc62f554fb,0.006666666666666668,0.768745085646327,-264.0055555555564
legacy_coexistence,legacy-coexistence-qualification-p19,21144,1,str_mlo_nmaxinflights_1,9b88cf6d80cb24b05181,634e3b055f92c0c150d6,0.0050000000000000044,0.9285584953488898,-52.34666666666726
legacy_coexistence,legacy-coexistence-qualification-p19,21144,1,score_aware_t2_v2,e92047d82909277248aa,520107ebfe93b75e8999,0.016111111111111104,1.0224758271123375,-103.45111111111146
legacy_coexistence,legacy-coexistence-qualification-p19,21144,1,distributional_shadow_t2,ebd3a1fc57a124a392f6,d7b41c02d28c36f5ef4d,0.017222222222222222,1.0203930547072482,47.53166666666584
legacy_coexistence,legacy-coexistence-qualification-p20,21145,1,str_mlo_nmaxinflights_1,7e61429a5759124a6e01,4edbff58d983650372b5,-0.009444444444444443,0.8391389566716598,-498.8800000000001
legacy_coexistence,legacy-coexistence-qualification-p20,21145,1,score_aware_t2_v2,4133f207c909ae10aaf8,d04f2afb82d4941c14d6,0.010555555555555554,0.8314528306706725,-603.0983333333334
legacy_coexistence,legacy-coexistence-qualification-p20,21145,1,distributional_shadow_t2,9bac9a2f5aa5493bb004,c4b723a53bfc83a08919,0.004444444444444445,0.8690156833715688,-932.7483333333339
legacy_coexistence,legacy-coexistence-qualification-p20,21146,1,str_mlo_nmaxinflights_1,e9f63c6fef043c84a7e8,9abd6fd8edf2ff27be42,0.011111111111111106,0.7992888292051662,-763.2711111111103
legacy_coexistence,legacy-coexistence-qualification-p20,21146,1,score_aware_t2_v2,fd34523b39e951a49154,058d44260279e5d5ae6d,0.018888888888888872,1.065618321096052,-27.297222222221535
legacy_coexistence,legacy-coexistence-qualification-p20,21146,1,distributional_shadow_t2,94573abfe16b3638648d,228ca0894a94b1843eb4,0.005555555555555564,1.0454486715893092,-521.2788888888881
legacy_coexistence,legacy-coexistence-qualification-p20,21147,1,str_mlo_nmaxinflights_1,d97355f231cdc104ca47,0ee66a5f6b42044ba502,-0.003333333333333334,0.8700131920285047,-723.0777777777776
legacy_coexistence,legacy-coexistence-qualification-p20,21147,1,score_aware_t2_v2,2d7cb4378f185843ac2d,fefba5b6513ff4086ace,-0.019444444444444445,0.9250898302082543,-1412.8049999999994
legacy_coexistence,legacy-coexistence-qualification-p20,21147,1,distributional_shadow_t2,79f9190e7f4f7b40ab9a,2454047e62f813deec5e,-0.002777777777777782,0.9068603909784307,-708.6522222222229
legacy_coexistence,legacy-coexistence-qualification-p20,21148,1,str_mlo_nmaxinflights_1,ecc3c62a376fc49955dc,fc3fa5e02b726079069c,-0.0011111111111111111,0.6914258263119839,-573.1133333333335
legacy_coexistence,legacy-coexistence-qualification-p20,21148,1,score_aware_t2_v2,db98ff67f6fa90e39a70,aa75b302918c8fe7a3ee,-0.0005555555555555557,0.7346246431276342,-709.9733333333329
legacy_coexistence,legacy-coexistence-qualification-p20,21148,1,distributional_shadow_t2,189e7e8d3529343e9bbe,a88076779d327a9e6188,0.001666666666666667,0.7400173030356975,-644.6188888888887
legacy_coexistence,legacy-coexistence-qualification-p21,21149,1,str_mlo_nmaxinflights_1,52682fe29c6f6f796f62,212f227c88f12e106414,0.08277777777777776,1.195790660189659,2060.9533333333347
legacy_coexistence,legacy-coexistence-qualification-p21,21149,1,score_aware_t2_v2,c8cefa041cae143fa49d,80b69d11b0d6e68808b8,0.14777777777777784,1.2790979156882656,3702.239444444447
legacy_coexistence,legacy-coexistence-qualification-p21,21149,1,distributional_shadow_t2,a466a539209eacb2a1df,3a6eaa2c096814afa40d,0.09999999999999998,1.337523473567155,2452.767777777779
legacy_coexistence,legacy-coexistence-qualification-p21,21150,1,str_mlo_nmaxinflights_1,9fd4cc2ebf1ccaeee7ef,609cdee579728dc8d597,-0.031111111111111117,0.8243370839145598,-2280.6899999999987
legacy_coexistence,legacy-coexistence-qualification-p21,21150,1,score_aware_t2_v2,14ae01ddb189cb6c661c,6e61aa303eff1bd5ef97,-0.002777777777777768,0.8347133584381741,-884.5505555555555
legacy_coexistence,legacy-coexistence-qualification-p21,21150,1,distributional_shadow_t2,aea15b15510d28d44573,00ad4576a07134f2391a,0.008333333333333331,0.8217461213920015,-439.8133333333335
legacy_coexistence,legacy-coexistence-qualification-p21,21151,1,str_mlo_nmaxinflights_1,82710012b74a8e3bb098,d83920ebff2fccc01e70,-0.009444444444444436,0.9383009507842409,-385.0205555555567
legacy_coexistence,legacy-coexistence-qualification-p21,21151,1,score_aware_t2_v2,9ba76da8d948bb9d60ad,bbdfbf08102a0622ac25,0.025555555555555554,1.2118892057492283,348.29611111111444
legacy_coexistence,legacy-coexistence-qualification-p21,21151,1,distributional_shadow_t2,cdc62fae2b9d84989419,330aab530d47461ea1e3,0.04444444444444445,1.1983179294824282,1041.0905555555582
legacy_coexistence,legacy-coexistence-qualification-p21,21152,1,str_mlo_nmaxinflights_1,1f28480ddd5cb1fa271b,2b0856af7c6b3a2b5ae3,-0.020000000000000004,0.7198441806399003,-2013.8400000000001
legacy_coexistence,legacy-coexistence-qualification-p21,21152,1,score_aware_t2_v2,492167e71552b439435b,f4ae540bcf810038eb31,0.006666666666666668,0.8735756420020198,-630.0488888888895
legacy_coexistence,legacy-coexistence-qualification-p21,21152,1,distributional_shadow_t2,7b1283107597c6680132,c58dfaf440ad82caf57e,0.013333333333333336,0.8482558836054559,-136.8233333333328
legacy_coexistence,legacy-coexistence-qualification-p22,21153,1,str_mlo_nmaxinflights_1,3d2491fb46e927e38d94,65abfc1124f7e443d22f,0.011666666666666603,1.8976260373015768,320.87055555555344
legacy_coexistence,legacy-coexistence-qualification-p22,21153,1,score_aware_t2_v2,e4ccdec53d9f3a7dde35,3537df2c738e4a54f37e,0.032777777777777795,1.369586010421673,534.4511111111133
legacy_coexistence,legacy-coexistence-qualification-p22,21153,1,distributional_shadow_t2,d6d8d4f06894e42e97a3,4089f220f2438400bcfb,0.03888888888888886,1.3798421488904802,642.1433333333334
legacy_coexistence,legacy-coexistence-qualification-p22,21154,1,str_mlo_nmaxinflights_1,bf8f8fb38e527b8d305d,dc9356634443e56a9028,0.033333333333333326,1.5442072781166478,787.5272222222229
legacy_coexistence,legacy-coexistence-qualification-p22,21154,1,score_aware_t2_v2,d1a728fa95139e801b0a,10490819ede00bedb617,0.01055555555555554,1.1524676352535475,157.478888888887
legacy_coexistence,legacy-coexistence-qualification-p22,21154,1,distributional_shadow_t2,73024e1f46b344e58278,1cca109f9cebe3d5cf13,0.016111111111111076,1.2661121665582302,261.47666666666555
legacy_coexistence,legacy-coexistence-qualification-p22,21155,1,str_mlo_nmaxinflights_1,deafb3bd6b4412cc0301,25d4b838eccfc3fc8e2d,0.03111111111111109,1.8207876091546646,914.0777777777766
legacy_coexistence,legacy-coexistence-qualification-p22,21155,1,score_aware_t2_v2,141e9b19e7cbb5490ea0,7813f8b2dc5f3eb2580f,0.0427777777777778,1.1376248279280516,712.891111111112
legacy_coexistence,legacy-coexistence-qualification-p22,21155,1,distributional_shadow_t2,e18e314b859e4458ad46,41924b0389cf006641ef,0.0444444444444444,1.1147216148808208,726.0994444444477
legacy_coexistence,legacy-coexistence-qualification-p22,21156,1,str_mlo_nmaxinflights_1,6e1ef4ba5a4a3892ec22,d00afd57d00384a58f03,0.03111111111111109,1.7361513019331005,814.392777777779
legacy_coexistence,legacy-coexistence-qualification-p22,21156,1,score_aware_t2_v2,1905a38aabb89b5ca651,e43d92f9bf63d442fb0f,0.05777777777777782,1.2947685084850167,872.8727777777785
legacy_coexistence,legacy-coexistence-qualification-p22,21156,1,distributional_shadow_t2,57b1ec324719757106c5,9d28328f4ec6acdf3904,0.05555555555555547,1.2692894596256195,777.978888888887
legacy_coexistence,legacy-coexistence-qualification-p23,21157,1,str_mlo_nmaxinflights_1,d4675b5016ed3270151e,e5768598dfd1013c1d42,-0.016666666666666663,0.963947042159426,-938.5999999999985
legacy_coexistence,legacy-coexistence-qualification-p23,21157,1,score_aware_t2_v2,476ebc190353c94da114,6bc732aac7b27a3335dd,0.02444444444444445,0.9488983011825979,419.0583333333325
legacy_coexistence,legacy-coexistence-qualification-p23,21157,1,distributional_shadow_t2,bc07a44c4ff47dfffbea,0b37dacc3dad925bd291,0.013333333333333336,1.0146623539917483,31.211111111111677
legacy_coexistence,legacy-coexistence-qualification-p23,21158,1,str_mlo_nmaxinflights_1,7cdf2c13f34bbbe1e0b5,ea883351c3e7c26e0565,0.0016666666666666705,0.8047196137620168,-563.2883333333339
legacy_coexistence,legacy-coexistence-qualification-p23,21158,1,score_aware_t2_v2,502efbea3a24374228ad,3a830fb883426c90eb0e,-0.04222222222222222,0.7878725396027164,-2382.4938888888883
legacy_coexistence,legacy-coexistence-qualification-p23,21158,1,distributional_shadow_t2,67d28c7e3ba8dbe215b0,2631183977625af6b437,-0.01888888888888888,0.765474846934186,-1334.770555555555
legacy_coexistence,legacy-coexistence-qualification-p23,21159,1,str_mlo_nmaxinflights_1,115cb8324c861fe828a3,964eb0051d1ff3023b96,0.002222222222222219,0.8130935275063463,-159.30611111111102
legacy_coexistence,legacy-coexistence-qualification-p23,21159,1,score_aware_t2_v2,74164fb5dbc1abafa582,9feb4e0c0e3bece05bf1,-0.0016666666666666635,0.8640905557280001,-1014.6172222222222
legacy_coexistence,legacy-coexistence-qualification-p23,21159,1,distributional_shadow_t2,594a70673b42c18fbe89,a4c0fc18cca304df600e,0.0022222222222222227,0.8365200585203264,-575.1544444444444
legacy_coexistence,legacy-coexistence-qualification-p23,21160,1,str_mlo_nmaxinflights_1,eb4f3a45fa73dd4389ae,9da2fd4158f964506b62,-0.0016666666666666635,0.8815903782474604,-488.29388888888934
legacy_coexistence,legacy-coexistence-qualification-p23,21160,1,score_aware_t2_v2,749e52b545d1ee031e82,61e3a080184de1b1b896,0.010555555555555554,0.8157742648611346,-710.1083333333318
legacy_coexistence,legacy-coexistence-qualification-p23,21160,1,distributional_shadow_t2,67ac97cbea7e11e5dbfd,074d410ad56908a002e1,0.0022222222222222227,0.8163464195738601,-1090.0077777777788
compound_shift,compound-shift-qualification-p16,21161,1,str_mlo_nmaxinflights_1,f1ab4aadf1d7eb0abaab,8164a49556aa6cc33b19,0.03194444444444444,1.005089499668427,930.7708333333321
compound_shift,compound-shift-qualification-p16,21161,1,score_aware_t2_v2,7fa84e373aa9c1a3d521,c8f11c6ec9469f96ce2f,-0.03402777777777777,0.9463604977112076,-1646.0361111111124
compound_shift,compound-shift-qualification-p16,21161,1,distributional_shadow_t2,3e77bde2319a8f696d2b,a1f4a0b27ebcde3a0585,-0.04444444444444445,1.050521677662011,-2146.310416666667
compound_shift,compound-shift-qualification-p16,21162,1,str_mlo_nmaxinflights_1,8509e7663e544c31d27f,2d211e331f6c32909e09,-0.000694444444444442,1.6569416872479446,112.48541666666642
compound_shift,compound-shift-qualification-p16,21162,1,score_aware_t2_v2,5212a8185d79080dbb9f,8bde60c8456caf91a4f6,0.2104166666666667,1.6518237321623543,6637.4152777777745
compound_shift,compound-shift-qualification-p16,21162,1,distributional_shadow_t2,e272a999d534a6f57ab5,447795bc32403bca60ab,0.15347222222222223,1.7081761089159626,4699.861805555553
compound_shift,compound-shift-qualification-p16,21163,1,str_mlo_nmaxinflights_1,fb5c97f83c841cbd5362,13cbc68228c62ecb3a3d,-0.008333333333333304,0.8717261191745035,-438.1284722222226
compound_shift,compound-shift-qualification-p16,21163,1,score_aware_t2_v2,0259ca04a3a1f515689e,505f3736da0022ed5a6b,0.026388888888888906,0.9254832278630211,520.957638888889
compound_shift,compound-shift-qualification-p16,21163,1,distributional_shadow_t2,5501f57f5a4e7df073bb,baa11bd7f60f551738d5,0.027083333333333348,0.9722814890865032,552.6965277777781
compound_shift,compound-shift-qualification-p16,21164,1,str_mlo_nmaxinflights_1,2a5cb08bc385a5ff1280,d2e668560053a30f5780,0.02777777777777779,2.1050322732713576,1262.9229166666664
compound_shift,compound-shift-qualification-p16,21164,1,score_aware_t2_v2,0825669354496e9b7e0e,fa4a173beb9565dccd0e,0.2069444444444445,1.4576062340538805,5665.874305555561
compound_shift,compound-shift-qualification-p16,21164,1,distributional_shadow_t2,5ceac39061fe94d4e0df,7b3130fb9f3d9b9d8caf,0.1875,1.5562405307442637,5124.4749999999985
compound_shift,compound-shift-qualification-p17,21165,1,str_mlo_nmaxinflights_1,c7541bc67786d8c2bf96,3d980531c8a9b3e0b829,0.027222222222222224,0.7601128154130478,416.9505555555552
compound_shift,compound-shift-qualification-p17,21165,1,score_aware_t2_v2,77552113416195284fa7,ccf8a4f0d2f393eb5547,-0.02722222222222223,0.8564032728635012,-1113.2266666666656
compound_shift,compound-shift-qualification-p17,21165,1,distributional_shadow_t2,fa3ef2bf14ead0f15152,165ebbbd58b854d4a000,-0.008333333333333331,0.9083982689739134,-490.6216666666678
compound_shift,compound-shift-qualification-p17,21166,1,str_mlo_nmaxinflights_1,c0cacff1b9c0f32539bd,ee471ebb82b01e2b1001,-0.0022222222222222227,1.0148966452139756,-401.93888888888887
compound_shift,compound-shift-qualification-p17,21166,1,score_aware_t2_v2,bf2f7332d68aa9adc94a,6ee3f0a10319dc5d8258,0.20833333333333337,1.1396385253205206,6891.189444444444
compound_shift,compound-shift-qualification-p17,21166,1,distributional_shadow_t2,40cca6868f77e5a92117,94198478a69cfb8a2420,0.18555555555555553,1.174698003622444,5816.119444444446
compound_shift,compound-shift-qualification-p17,21167,1,str_mlo_nmaxinflights_1,3a0786858b0de8793018,5d06d5a5368fd11bd26b,0.033333333333333326,0.9413931577644532,460.33833333333314
compound_shift,compound-shift-qualification-p17,21167,1,score_aware_t2_v2,d37fff6f6a5ff9993f13,788eb655d6420821701d,0.05722222222222223,0.8972029885391567,1216.701666666664
compound_shift,compound-shift-qualification-p17,21167,1,distributional_shadow_t2,32b0b9a0a0aba205612c,445d93655bd0e0af871f,0.04611111111111116,0.989634046114759,841.8150000000023
compound_shift,compound-shift-qualification-p17,21168,1,str_mlo_nmaxinflights_1,178fae7ac6b8bc915feb,e7814685c423d3812f1f,0.01277777777777778,0.9224438768000507,155.4744444444441
compound_shift,compound-shift-qualification-p17,21168,1,score_aware_t2_v2,59a2b8b2b2a1bcb01a64,2bbb803f8bcbdcd87012,0.02833333333333332,0.8447150246509945,559.9400000000005
compound_shift,compound-shift-qualification-p17,21168,1,distributional_shadow_t2,d756c78cfe0856547f52,421209837b0a2ce6962c,0.009444444444444422,0.9148714715949063,-285.8522222222218
compound_shift,compound-shift-qualification-p18,21169,1,str_mlo_nmaxinflights_1,9860961fbd767fe85b68,797a7ac529a38eb6e5f7,0.0,0.6259540584488926,-801.2472222222223
compound_shift,compound-shift-qualification-p18,21169,1,score_aware_t2_v2,014cadf22c1670e2fd70,3f41618f371b3e90c7d1,0.0069444444444444475,0.7770250087437242,-555.4520833333336
compound_shift,compound-shift-qualification-p18,21169,1,distributional_shadow_t2,495bdb19d84b500b1237,06c43c5ffeba642fcd08,0.009722222222222226,0.7590051044660325,-479.04652777777756
compound_shift,compound-shift-qualification-p18,21170,1,str_mlo_nmaxinflights_1,8a6b962c8eca39a6c63c,0b3081ec499730da599a,-0.010416666666666668,0.7077789579274566,-852.0118055555554
compound_shift,compound-shift-qualification-p18,21170,1,score_aware_t2_v2,65468a99f1f645bb3c37,587efc4daa3a837f9085,-0.006249999999999999,0.7930094678430937,-1014.0104166666661
compound_shift,compound-shift-qualification-p18,21170,1,distributional_shadow_t2,01507ef8b7d64b0b8e80,8ad6900ef62fbb1819da,0.009027777777777777,0.7554172080317327,-67.71805555555602
compound_shift,compound-shift-qualification-p18,21171,1,str_mlo_nmaxinflights_1,077e84612bbb954bd4e2,f7118832250038598625,-0.009027777777777773,0.7299423391406101,-1345.5118055555558
compound_shift,compound-shift-qualification-p18,21171,1,score_aware_t2_v2,b0ad0b8c3a32170bb21e,90479f8a9d2f992752bc,-0.004861111111111122,0.8662909221974109,-928.7250000000004
compound_shift,compound-shift-qualification-p18,21171,1,distributional_shadow_t2,862f62b0b7223457f5e4,dab5fc00605ba758e4f9,0.011805555555555569,0.8349021515163134,-185.2722222222219
compound_shift,compound-shift-qualification-p18,21172,1,str_mlo_nmaxinflights_1,414936e88d9fca2c587b,998f8a833e6fae7c3bb7,0.018749999999999996,1.0186001616392621,731.2666666666669
compound_shift,compound-shift-qualification-p18,21172,1,score_aware_t2_v2,c109e2808e1fa1726a4d,8beae31bd8e9a3d49e73,0.011805555555555557,1.0344819410650725,299.3618055555553
compound_shift,compound-shift-qualification-p18,21172,1,distributional_shadow_t2,24c6c40697ba8a611fc7,9eb97f1b0a06a559ba95,0.025,0.9699394303742707,894.6902777777777
compound_shift,compound-shift-qualification-p19,21173,1,str_mlo_nmaxinflights_1,185733f50c9243be9ccb,6d6a7778f34b67699917,-0.015555555555555559,0.8776468485262964,-1183.9138888888883
compound_shift,compound-shift-qualification-p19,21173,1,score_aware_t2_v2,cf380b7f0ad23b1f00cb,43dd9b53d0afab4d6f77,0.0016666666666666496,0.9142465533717814,-106.67611111111182
compound_shift,compound-shift-qualification-p19,21173,1,distributional_shadow_t2,a6b61d1a028d2a0fbbc4,a38e86068553d414e782,-0.024444444444444435,0.9694903734811531,-1146.5600000000013
compound_shift,compound-shift-qualification-p19,21174,1,str_mlo_nmaxinflights_1,15f85a8f91146a255917,39f3328e32c5ab8a7549,0.016666666666666677,0.9235576593567456,-89.88500000000022
compound_shift,compound-shift-qualification-p19,21174,1,score_aware_t2_v2,c0bbed7bdb69a63ac567,2899d4686fc955991de0,0.023888888888888904,0.9890962480813004,22.062222222220953
compound_shift,compound-shift-qualification-p19,21174,1,distributional_shadow_t2,2e61710fbc11aacb8a1c,f937fcde59b002be91b2,0.012222222222222245,1.0510362259169261,-150.56388888888796
compound_shift,compound-shift-qualification-p19,21175,1,str_mlo_nmaxinflights_1,fb8305ac0954100a0a65,3341d5494532bfd548d8,0.003888888888888886,0.9601640209241068,-271.94944444444445
compound_shift,compound-shift-qualification-p19,21175,1,score_aware_t2_v2,d5f4cdef489d3e6462ca,f4bdbc2ee9031c344c59,-0.002222222222222181,1.1374337955944829,-902.5100000000002
compound_shift,compound-shift-qualification-p19,21175,1,distributional_shadow_t2,333ccfeb412990550ad6,fc2423b935f499a5c636,-0.007777777777777772,1.1205721913209552,-576.2638888888869
compound_shift,compound-shift-qualification-p19,21176,1,str_mlo_nmaxinflights_1,f7922b8de27cec32c175,a250e6aaeff141bb36c4,0.006666666666666668,0.956285557006372,-193.4877777777774
compound_shift,compound-shift-qualification-p19,21176,1,score_aware_t2_v2,6ae1aea2e67088a1aac2,14b2afb5f431159a64b9,0.00944444444444445,0.9698065624504376,177.2688888888897
compound_shift,compound-shift-qualification-p19,21176,1,distributional_shadow_t2,642920dd6a69e9ee4357,7236d5a6ca90f5251d76,0.008333333333333331,0.9809608645295955,353.41499999999905
compound_shift,compound-shift-qualification-p20,21177,1,str_mlo_nmaxinflights_1,c25ff0b170e29790a816,99f035f0ad96a7e4dbed,0.08851851851851844,1.685756109170131,1246.481111111112
compound_shift,compound-shift-qualification-p20,21177,1,score_aware_t2_v2,67a887ddcfc97e8e0a8a,55f0dcb6bcb95d46beee,0.033333333333333326,1.1467779514040095,459.0522222222244
compound_shift,compound-shift-qualification-p20,21177,1,distributional_shadow_t2,f2d4ff0002fdd49c6472,9e025d02a2a458057c3b,0.03592592592592592,1.1449129113029215,498.6133333333346
compound_shift,compound-shift-qualification-p20,21178,1,str_mlo_nmaxinflights_1,d8adf68d7c5d1cd6f6d8,91b0086ba4d9ff34f73a,0.0637037037037037,1.616581608840609,953.7748148148166
compound_shift,compound-shift-qualification-p20,21178,1,score_aware_t2_v2,b4bdcc4e457b3983c723,d7122c9025cce7a2e070,0.16148148148148156,1.003893850754566,2196.9781481481477
compound_shift,compound-shift-qualification-p20,21178,1,distributional_shadow_t2,d266055ead6bc2a8c8b1,1819a49a22985b739bf0,0.16037037037037039,1.029192906660736,2180.8218518518515
compound_shift,compound-shift-qualification-p20,21179,1,str_mlo_nmaxinflights_1,128e057d22beab69206d,627115ec8735844b1081,-0.4040740740740741,0.6524543618330968,-8228.17148148148
compound_shift,compound-shift-qualification-p20,21179,1,score_aware_t2_v2,a2152abd933b8103f6c5,efea47a36187b8ad6f44,0.022222222222222254,1.127122212615109,294.4285185185181
compound_shift,compound-shift-qualification-p20,21179,1,distributional_shadow_t2,9421d3e806dac74e49f0,eb81fb461e63fe07c954,0.018148148148148135,1.1538373832135742,234.77444444444336
compound_shift,compound-shift-qualification-p20,21180,1,str_mlo_nmaxinflights_1,d401d50c4ad9568b63fb,0f8c78ec58591d69f6fb,0.0503703703703704,1.4499929155189308,690.5499999999993
compound_shift,compound-shift-qualification-p20,21180,1,score_aware_t2_v2,e29837e869e571c4f802,377df17db2739d073bbd,0.010370370370370363,0.8418149914713686,139.19259259259343
compound_shift,compound-shift-qualification-p20,21180,1,distributional_shadow_t2,078d4ffae9969289f3ad,b9086c682b24be088d37,0.018888888888888955,0.927453967095943,218.1318518518492
compound_shift,compound-shift-qualification-p21,21181,1,str_mlo_nmaxinflights_1,11b13d9512bd1eb90359,d4ef8b0f246677895aba,0.03259259259259259,1.1788774893043745,803.9981481481482
compound_shift,compound-shift-qualification-p21,21181,1,score_aware_t2_v2,c42d1dc91bcb7a1d81c1,b5a318ddf92ee186841c,0.046296296296296294,1.255430708174307,1186.5318518518516
compound_shift,compound-shift-qualification-p21,21181,1,distributional_shadow_t2,3b79a890795074c065fc,07124ae89d96591f7578,0.02703703703703704,1.244625025552,931.6237037037035
compound_shift,compound-shift-qualification-p21,21182,1,str_mlo_nmaxinflights_1,a0adecbf03444d09ba53,b4d1896540fddabb669e,0.032222222222222235,1.0679636026821167,547.2096296296295
compound_shift,compound-shift-qualification-p21,21182,1,score_aware_t2_v2,229696258f99f3081823,a874aa90230fd7b0930d,0.1096296296296296,1.2318719507075342,2218.005925925925
compound_shift,compound-shift-qualification-p21,21182,1,distributional_shadow_t2,3432d8d9de4349e31b39,813365e65ed647df2775,0.0922222222222222,1.2618816286891588,1796.0166666666664
compound_shift,compound-shift-qualification-p21,21183,1,str_mlo_nmaxinflights_1,978426fc9ccbb614522a,dd420f17813dfea1739a,0.03740740740740742,1.1763554586555098,851.413333333333
compound_shift,compound-shift-qualification-p21,21183,1,score_aware_t2_v2,5825f43febaeac8b8e32,ac35bd8ece70bd42397e,0.09444444444444444,1.271722702952807,1849.3570370370371
compound_shift,compound-shift-qualification-p21,21183,1,distributional_shadow_t2,e2fed2710acf69e167a0,5ad64ad79ec3a92bd81e,0.05518518518518517,1.2580592510984618,1348.9948148148142
compound_shift,compound-shift-qualification-p21,21184,1,str_mlo_nmaxinflights_1,84806f33ee3abaa06157,2ce3f32adf6da9440ebd,0.1288888888888889,1.5955829383131743,3033.3544444444433
compound_shift,compound-shift-qualification-p21,21184,1,score_aware_t2_v2,e7c974e14a2529e6ca20,4b0b78e85445f8d6d4fa,0.13518518518518519,1.246640626028836,2309.0907407407412
compound_shift,compound-shift-qualification-p21,21184,1,distributional_shadow_t2,a14ce2d804eff38d1264,879e9fc3e29f0aa866bb,0.09814814814814815,1.2693423668538049,1867.157407407407
compound_shift,compound-shift-qualification-p22,21185,1,str_mlo_nmaxinflights_1,0c2436e19f6c6397d95e,d9e81020363a0d8a479d,0.000694444444444442,1.1346363101239574,25.980555555557657
compound_shift,compound-shift-qualification-p22,21185,1,score_aware_t2_v2,422bfb596bec4e8f422b,9451f05fd7389d7ec557,0.000694444444444442,1.0909915005087993,8.54097222222481
compound_shift,compound-shift-qualification-p22,21185,1,distributional_shadow_t2,bd321bea874b90be9c96,f06a93b1b3524941f9d7,0.001388888888888884,1.085808586705656,10.902083333334303
compound_shift,compound-shift-qualification-p22,21186,1,str_mlo_nmaxinflights_1,9bcb1154f5ae21f5efdb,1b674687ce676272465d,0.002777777777777768,1.1897457473766402,88.96319444444089
compound_shift,compound-shift-qualification-p22,21186,1,score_aware_t2_v2,1b39a2c4b21150ff2569,42275215ec839d67094a,0.002083333333333326,1.1132613596631409,44.9333333333343
compound_shift,compound-shift-qualification-p22,21186,1,distributional_shadow_t2,74c0ae153397d72345b2,50cee1ef4a3016817260,0.0,1.0066275543883059,-3.8256944444437977
compound_shift,compound-shift-qualification-p22,21187,1,str_mlo_nmaxinflights_1,839387f4aa07dbffe6a8,96f3d8a933ee0cc5ff2e,0.001388888888888884,0.9887351996684368,33.04583333332994
compound_shift,compound-shift-qualification-p22,21187,1,score_aware_t2_v2,36801bbf38cd71b7c6e8,baa6609cb79435cdf338,0.001388888888888884,0.8960243356472812,30.797222222223354
compound_shift,compound-shift-qualification-p22,21187,1,distributional_shadow_t2,1bc47ac2c2ad45aaf3b2,a860cfb67550689e7ce8,0.000694444444444442,0.9338689314928227,22.77986111111386
compound_shift,compound-shift-qualification-p23,21189,1,str_mlo_nmaxinflights_1,bdd3a6806daf70890465,e7bbcdd98556b6850850,-0.0033333333333332993,1.6150343234740774,163.15611111110775
compound_shift,compound-shift-qualification-p23,21189,1,score_aware_t2_v2,c0b8a1d381eefe0d42b9,5c8fe12ee7f421ff2782,0.050555555555555576,1.380359120666126,1084.2799999999988
compound_shift,compound-shift-qualification-p23,21189,1,distributional_shadow_t2,e99686e4fff2028e0d68,a59698c3ae6b62e4050a,0.05777777777777782,1.3192597629797373,1177.4383333333353
compound_shift,compound-shift-qualification-p23,21190,1,str_mlo_nmaxinflights_1,5486347973a42894ae7c,38117c675df1acc21454,0.03333333333333344,1.514795291916651,1366.3422222222216
compound_shift,compound-shift-qualification-p23,21190,1,score_aware_t2_v2,edeeb26b753ca8b5c4fd,115ac634a69328030849,0.08111111111111113,1.1618430705907405,1633.087777777775
compound_shift,compound-shift-qualification-p23,21190,1,distributional_shadow_t2,74f06c3d90823411be02,88bd46876c06f62629c1,0.06833333333333325,1.2060339782156597,1284.1055555555577
compound_shift,compound-shift-qualification-p23,21191,1,str_mlo_nmaxinflights_1,ca9c83794f6b2e49db55,7a83fce479b4928eef24,0.01722222222222225,1.2582364148147527,371.7627777777816
compound_shift,compound-shift-qualification-p23,21191,1,score_aware_t2_v2,88b7da31f843daf76e77,1fff96bd125bbcb59d29,0.011111111111111183,1.8110134632178314,196.0866666666625
compound_shift,compound-shift-qualification-p23,21191,1,distributional_shadow_t2,65d1ce87c6a341742545,b24e379b4cf0fae1c0a6,0.004444444444444473,1.7852595490308119,67.21111111110804
compound_shift,compound-shift-qualification-p23,21192,1,str_mlo_nmaxinflights_1,496b758bc693619e8105,b22b5e9aad169fa4584c,0.3244444444444444,1.7742140557554886,7514.576111111113
compound_shift,compound-shift-qualification-p23,21192,1,score_aware_t2_v2,ecde3c40d1f8cf58fc83,676cb4e1baafc24352e3,0.08111111111111113,1.370107885342415,1429.3022222222207
compound_shift,compound-shift-qualification-p23,21192,1,distributional_shadow_t2,475d547fb22c4f5f560d,28d2d1fc33755025e00c,0.07833333333333337,1.3499592442009969,1358.9850000000006
