mode,family_id,scenario_id,parameter_sample,seed,run,arm_id,run_id,generated_frame_count,completed_frame_count,incomplete_frame_count,deadline_miss_count,all_generated_deadline_miss_rate,all_generated_censored_mean_us,completed_frame_hf7_p99_supported,completed_frame_hf7_p99_us,sender_airtime_us,background_throughput_mbps
fixed,radio_propagation,radio-propagation-qualification-p16,16,21001,1,str_mlo_nmaxinflights_1,36055a9633f78a0e291f,1800,1800,0,0,0.0,1813.1427777777778,True,5766.14,3090544.0,26.64416
fixed,radio_propagation,radio-propagation-qualification-p16,16,21001,1,score_aware_t2_v2,b3f705e31e8d04608ea3,1800,1800,0,0,0.0,1962.0983333333334,True,8360.169999999998,3132716.0,26.64384
fixed,radio_propagation,radio-propagation-qualification-p16,16,21001,1,distributional_shadow_t2,d7cc6616e96f354d1534,1800,1800,0,0,0.0,1927.9572222222223,True,7682.099999999999,3248882.0,26.64384
fixed,radio_propagation,radio-propagation-qualification-p16,16,21002,1,str_mlo_nmaxinflights_1,32b03be30acda3f6545c,1800,1795,5,5,0.002777777777777778,3313.056111111111,True,20387.5,4137898.0,26.83136
fixed,radio_propagation,radio-propagation-qualification-p16,16,21002,1,score_aware_t2_v2,c61ec9c441eed78a26ea,1800,1797,3,3,0.0016666666666666668,3823.7805555555556,True,19788.32,4947596.0,26.83184
fixed,radio_propagation,radio-propagation-qualification-p16,16,21002,1,distributional_shadow_t2,262a7a6060d7536b6c84,1800,1798,2,2,0.0011111111111111111,3680.551111111111,True,18622.27999999999,5022593.0,26.83184
fixed,radio_propagation,radio-propagation-qualification-p16,16,21003,1,str_mlo_nmaxinflights_1,8761dcbd3545e204f837,1800,1800,0,0,0.0,1836.1744444444444,True,5617.17,3090937.0,27.1808
fixed,radio_propagation,radio-propagation-qualification-p16,16,21003,1,score_aware_t2_v2,4f88b18164583009ba88,1800,1797,3,3,0.0016666666666666668,2041.8833333333334,True,7934.719999999994,3168210.0,27.1808
fixed,radio_propagation,radio-propagation-qualification-p16,16,21003,1,distributional_shadow_t2,b52375c3f43793655f5a,1800,1797,3,3,0.0016666666666666668,2012.2694444444444,True,7430.399999999997,3299629.0,27.1808
fixed,radio_propagation,radio-propagation-qualification-p16,16,21004,1,str_mlo_nmaxinflights_1,630622330d1545dba695,1800,1790,10,10,0.005555555555555556,3540.2294444444447,True,16446.029999999984,4148770.0,26.512
fixed,radio_propagation,radio-propagation-qualification-p16,16,21004,1,score_aware_t2_v2,f57e81d1db8c06e90ac8,1800,1797,3,3,0.0016666666666666668,3783.096666666667,True,15487.799999999985,5088388.0,26.51216
fixed,radio_propagation,radio-propagation-qualification-p16,16,21004,1,distributional_shadow_t2,18170c7e3b86a2e12e00,1800,1797,3,3,0.0016666666666666668,3832.86,True,17172.799999999996,5082552.0,26.51216
fixed,radio_propagation,radio-propagation-qualification-p17,17,21005,1,str_mlo_nmaxinflights_1,c937093ce51ea36c268e,1800,1683,117,117,0.065,8981.504444444445,True,29779.560000000012,7073012.0,26.75856
fixed,radio_propagation,radio-propagation-qualification-p17,17,21005,1,score_aware_t2_v2,261f4cd0ba23304af809,1800,1608,192,192,0.10666666666666667,11473.122222222222,True,30643.65,9640446.0,26.75376
fixed,radio_propagation,radio-propagation-qualification-p17,17,21005,1,distributional_shadow_t2,5423f0e08df2a7c98652,1800,1611,189,189,0.105,11534.266666666666,True,30797.300000000017,9665319.0,26.7528
fixed,radio_propagation,radio-propagation-qualification-p17,17,21006,1,str_mlo_nmaxinflights_1,8476ea31bfd8156e1748,1800,1254,546,546,0.30333333333333334,17871.673333333332,True,32202.35,12738720.0,27.10048
fixed,radio_propagation,radio-propagation-qualification-p17,17,21006,1,score_aware_t2_v2,b42b2c383e40ca6f7ec5,1800,1094,706,706,0.39222222222222225,20375.818888888887,True,32372.35999999999,18633379.0,27.09664
fixed,radio_propagation,radio-propagation-qualification-p17,17,21006,1,distributional_shadow_t2,5f26a098daaa7c900e72,1800,1163,637,637,0.35388888888888886,19382.33388888889,True,32142.83999999999,18881438.0,27.09664
fixed,radio_propagation,radio-propagation-qualification-p17,17,21007,1,str_mlo_nmaxinflights_1,cf3d9b93ebfdcb90e360,1800,1297,503,503,0.27944444444444444,16984.044444444444,True,32590.519999999997,11435258.0,26.18256
fixed,radio_propagation,radio-propagation-qualification-p17,17,21007,1,score_aware_t2_v2,b132cc0b9c5923944d79,1800,1175,625,625,0.3472222222222222,19171.591111111113,True,32691.260000000002,14366473.0,26.1792
fixed,radio_propagation,radio-propagation-qualification-p17,17,21007,1,distributional_shadow_t2,57127cd87e8789a5f2d3,1800,1225,575,575,0.3194444444444444,18382.592777777776,True,32303.04,14940402.0,26.18096
fixed,radio_propagation,radio-propagation-qualification-p17,17,21008,1,str_mlo_nmaxinflights_1,82e51528936060ae348d,1800,1609,191,191,0.10611111111111111,11282.343888888889,True,31492.840000000007,8638316.0,26.33136
fixed,radio_propagation,radio-propagation-qualification-p17,17,21008,1,score_aware_t2_v2,84bb0cb4bad3a0ff52fd,1800,1550,250,250,0.1388888888888889,13678.502777777778,True,31893.300000000003,11802950.0,26.33184
fixed,radio_propagation,radio-propagation-qualification-p17,17,21008,1,distributional_shadow_t2,fa56530b8ef64b8e27a1,1800,1570,230,230,0.12777777777777777,13372.950555555555,True,31959.03,12025453.0,26.33088
fixed,radio_propagation,radio-propagation-qualification-p18,18,21009,1,str_mlo_nmaxinflights_1,4cfb59287ccf7d617551,1800,1791,9,9,0.005,3592.3416666666667,True,17751.899999999976,4089476.0,25.708
fixed,radio_propagation,radio-propagation-qualification-p18,18,21009,1,score_aware_t2_v2,40cc2b13e5228257ef57,1800,1795,5,5,0.002777777777777778,3508.981111111111,True,15939.959999999995,4742104.0,25.69936
fixed,radio_propagation,radio-propagation-qualification-p18,18,21009,1,distributional_shadow_t2,3964ba0a4a71b8fc93d3,1800,1795,5,5,0.002777777777777778,3480.4094444444445,True,15880.419999999998,4823753.0,25.69904
fixed,radio_propagation,radio-propagation-qualification-p18,18,21010,1,str_mlo_nmaxinflights_1,32c54ecd6de03687cccf,1800,1794,6,6,0.0033333333333333335,3241.8794444444443,True,16032.32999999998,3824021.0,26.96576
fixed,radio_propagation,radio-propagation-qualification-p18,18,21010,1,score_aware_t2_v2,2534c442425d9af823c4,1800,1800,0,0,0.0,2621.8894444444445,True,10592.309999999998,3721335.0,26.96752
fixed,radio_propagation,radio-propagation-qualification-p18,18,21010,1,distributional_shadow_t2,283f7d12d0983e9574ec,1800,1800,0,0,0.0,2563.36,True,9959.27,4102148.0,26.96704
fixed,radio_propagation,radio-propagation-qualification-p18,18,21011,1,str_mlo_nmaxinflights_1,653ade0b56726d73958d,1800,1768,32,32,0.017777777777777778,5520.910555555555,True,23818.939999999984,5131186.0,26.74176
fixed,radio_propagation,radio-propagation-qualification-p18,18,21011,1,score_aware_t2_v2,4c7cf803908fcc7c08f7,1800,1773,27,27,0.015,5497.964444444445,True,23556.999999999996,5741274.0,26.73888
fixed,radio_propagation,radio-propagation-qualification-p18,18,21011,1,distributional_shadow_t2,e1a20f47167fe15c2b6d,1800,1782,18,18,0.01,5329.997777777778,True,23669.4,6043072.0,26.73888
fixed,radio_propagation,radio-propagation-qualification-p18,18,21012,1,str_mlo_nmaxinflights_1,bed82a52ddff2cb9bca4,1800,1800,0,0,0.0,2205.2733333333335,True,9915.589999999998,3286555.0,26.6336
fixed,radio_propagation,radio-propagation-qualification-p18,18,21012,1,score_aware_t2_v2,519361bdd2d7dac3b790,1800,1800,0,0,0.0,1988.0105555555556,True,7806.45,3131839.0,26.63056
fixed,radio_propagation,radio-propagation-qualification-p18,18,21012,1,distributional_shadow_t2,b6290aa912d4c394f564,1800,1800,0,0,0.0,1962.8294444444443,True,7225.919999999999,3358214.0,26.63296
fixed,radio_propagation,radio-propagation-qualification-p19,19,21013,1,str_mlo_nmaxinflights_1,cc0f18488cb86c6f6dc3,1800,1780,20,20,0.011111111111111112,4866.5344444444445,True,22047.460000000003,4847554.0,27.10096
fixed,radio_propagation,radio-propagation-qualification-p19,19,21013,1,score_aware_t2_v2,79d6b0777f2f6d57860f,1800,1781,19,19,0.010555555555555556,5226.477777777778,True,23984.000000000007,5843716.0,27.10048
fixed,radio_propagation,radio-propagation-qualification-p19,19,21013,1,distributional_shadow_t2,7caf110cda8d4fa41b38,1800,1786,14,14,0.0077777777777777776,5040.301111111111,True,23703.300000000014,5971937.0,27.10048
fixed,radio_propagation,radio-propagation-qualification-p19,19,21014,1,str_mlo_nmaxinflights_1,0ed99e45f512ce68d142,1800,1786,14,14,0.0077777777777777776,3753.62,True,20323.650000000078,4123318.0,27.44704
fixed,radio_propagation,radio-propagation-qualification-p19,19,21014,1,score_aware_t2_v2,4f314679798c630b2b7f,1800,1789,11,11,0.006111111111111111,3092.5616666666665,True,12772.15999999999,4169848.0,27.44256
fixed,radio_propagation,radio-propagation-qualification-p19,19,21014,1,distributional_shadow_t2,112841ffa03f33128999,1800,1792,8,8,0.0044444444444444444,2987.201111111111,True,12486.33999999999,4484978.0,27.44256
fixed,radio_propagation,radio-propagation-qualification-p19,19,21015,1,str_mlo_nmaxinflights_1,837aee4c688e3a290502,1800,1780,20,20,0.011111111111111112,4188.645,True,20948.040000000008,4420858.0,26.2544
fixed,radio_propagation,radio-propagation-qualification-p19,19,21015,1,score_aware_t2_v2,99f7711ecf7e03752bff,1800,1782,18,18,0.01,4807.4672222222225,True,21539.40000000006,5605357.0,26.2528
fixed,radio_propagation,radio-propagation-qualification-p19,19,21015,1,distributional_shadow_t2,6ae7fd8ad084a99e9ecb,1800,1783,17,17,0.009444444444444445,4753.093888888889,True,23440.640000000043,5640557.0,26.25264
fixed,radio_propagation,radio-propagation-qualification-p19,19,21016,1,str_mlo_nmaxinflights_1,89aed42efbb08eefcfe1,1800,1788,12,12,0.006666666666666667,3813.2733333333335,True,19414.48999999999,4382206.0,27.52672
fixed,radio_propagation,radio-propagation-qualification-p19,19,21016,1,score_aware_t2_v2,a5ce2ac110fc982e58e6,1800,1787,13,13,0.007222222222222222,4464.893333333333,True,21114.73999999988,5554182.0,27.52544
fixed,radio_propagation,radio-propagation-qualification-p19,19,21016,1,distributional_shadow_t2,e9442e810171618406b6,1800,1786,14,14,0.0077777777777777776,4543.876666666667,True,22395.15000000003,5563284.0,27.52544
fixed,radio_propagation,radio-propagation-qualification-p20,20,21017,1,str_mlo_nmaxinflights_1,5685b9d56dc6f7d7fb81,1800,1757,43,43,0.02388888888888889,5389.8822222222225,True,24276.080000000005,5029210.0,27.31488
fixed,radio_propagation,radio-propagation-qualification-p20,20,21017,1,score_aware_t2_v2,448e48b1cca53af14743,1800,1795,5,5,0.002777777777777778,3775.4533333333334,True,19113.87999999999,4951450.0,27.30928
fixed,radio_propagation,radio-propagation-qualification-p20,20,21017,1,distributional_shadow_t2,88387f92242bcd931ed7,1800,1796,4,4,0.0022222222222222222,3667.785,True,16668.94999999999,5414760.0,27.30928
fixed,radio_propagation,radio-propagation-qualification-p20,20,21018,1,str_mlo_nmaxinflights_1,07b9055c737d47fdd861,1800,1680,120,120,0.06666666666666667,8786.642222222223,True,29535.510000000006,6572716.0,26.6176
fixed,radio_propagation,radio-propagation-qualification-p20,20,21018,1,score_aware_t2_v2,9183fb9633bdf84d1814,1800,1644,156,156,0.08666666666666667,9334.93611111111,True,29820.399999999998,7457208.0,26.60976
fixed,radio_propagation,radio-propagation-qualification-p20,20,21018,1,distributional_shadow_t2,eaa82dfa10cbae035f4c,1800,1685,115,115,0.06388888888888888,8685.878333333334,True,29990.52000000002,7867339.0,26.60848
fixed,radio_propagation,radio-propagation-qualification-p20,20,21019,1,str_mlo_nmaxinflights_1,d75ad1602644a8b70618,1800,1758,42,42,0.023333333333333334,6570.816666666667,True,25865.210000000054,5810251.0,26.66112
fixed,radio_propagation,radio-propagation-qualification-p20,20,21019,1,score_aware_t2_v2,87e3d980719bbd841679,1800,1752,48,48,0.02666666666666667,7148.738888888889,True,27387.91,7239749.0,26.65952
fixed,radio_propagation,radio-propagation-qualification-p20,20,21019,1,distributional_shadow_t2,38dc033a4b8966ac1f15,1800,1760,40,40,0.022222222222222223,6921.71,True,27449.520000000004,7349149.0,26.65632
fixed,radio_propagation,radio-propagation-qualification-p20,20,21020,1,str_mlo_nmaxinflights_1,86c2a5aade2cb84a3acd,1800,1504,296,296,0.16444444444444445,12727.146111111111,True,31849.410000000007,9936995.0,25.9944
fixed,radio_propagation,radio-propagation-qualification-p20,20,21020,1,score_aware_t2_v2,5a938c649a3512563037,1800,1393,407,407,0.22611111111111112,14443.239444444445,True,31671.99999999995,12878820.0,25.9952
fixed,radio_propagation,radio-propagation-qualification-p20,20,21020,1,distributional_shadow_t2,9466e49d79c60fe1ebc2,1800,1470,330,330,0.18333333333333332,13412.318333333333,True,31125.769999999982,13347231.0,25.9952
fixed,radio_propagation,radio-propagation-qualification-p21,21,21021,1,str_mlo_nmaxinflights_1,0b3d01f2fbf3294895e1,1800,1796,4,4,0.0022222222222222222,3404.2266666666665,True,18504.24999999999,4130217.0,26.3696
fixed,radio_propagation,radio-propagation-qualification-p21,21,21021,1,score_aware_t2_v2,40d2556d43fcf221400d,1800,1796,4,4,0.0022222222222222222,3101.676111111111,True,14648.549999999968,4263862.0,26.3688
fixed,radio_propagation,radio-propagation-qualification-p21,21,21021,1,distributional_shadow_t2,da3b57aa828f4187bbf1,1800,1797,3,3,0.0016666666666666668,3027.6,True,14233.039999999995,4486909.0,26.3688
fixed,radio_propagation,radio-propagation-qualification-p21,21,21022,1,str_mlo_nmaxinflights_1,2939396f8c1375306a77,1800,1776,24,24,0.013333333333333334,4602.6194444444445,True,22182.25,4773936.0,25.34784
fixed,radio_propagation,radio-propagation-qualification-p21,21,21022,1,score_aware_t2_v2,68fe5d5dc0c93a90b8f7,1800,1777,23,23,0.012777777777777779,5286.522777777778,True,20580.800000000003,6289406.0,25.34752
fixed,radio_propagation,radio-propagation-qualification-p21,21,21022,1,distributional_shadow_t2,4a8dc497db2bc7ddf10f,1800,1778,22,22,0.012222222222222223,5309.333888888889,True,21537.490000000005,6290378.0,25.34752
fixed,radio_propagation,radio-propagation-qualification-p21,21,21023,1,str_mlo_nmaxinflights_1,a6728571ddfc3075955f,1800,1795,5,5,0.002777777777777778,3318.701111111111,True,17927.15999999999,4073217.0,26.30352
fixed,radio_propagation,radio-propagation-qualification-p21,21,21023,1,score_aware_t2_v2,b76aaab1f6225a41c43c,1800,1793,7,7,0.0038888888888888888,3622.9422222222224,True,17699.999999999978,4645977.0,26.30416
fixed,radio_propagation,radio-propagation-qualification-p21,21,21023,1,distributional_shadow_t2,3692258cc0e422abd775,1800,1793,7,7,0.0038888888888888888,3525.478888888889,True,15732.64,4778485.0,26.30416
fixed,radio_propagation,radio-propagation-qualification-p21,21,21024,1,str_mlo_nmaxinflights_1,b1d9526ec7d2f41eb6f0,1800,1765,35,35,0.019444444444444445,4979.4383333333335,True,22310.6,4795218.0,26.97776
fixed,radio_propagation,radio-propagation-qualification-p21,21,21024,1,score_aware_t2_v2,515d1c45c324b64ca9d8,1800,1758,42,42,0.023333333333333334,5999.578333333333,True,26810.96000000002,6226642.0,26.97472
fixed,radio_propagation,radio-propagation-qualification-p21,21,21024,1,distributional_shadow_t2,eaf7c05cb6d1563ddf62,1800,1767,33,33,0.018333333333333333,5780.327222222222,True,26372.719999999987,6266935.0,26.97472
fixed,radio_propagation,radio-propagation-qualification-p22,22,21025,1,str_mlo_nmaxinflights_1,dfb6dd3f974f710ff8e4,1800,1800,0,0,0.0,2424.6511111111113,True,10154.669999999998,3515933.0,26.67936
fixed,radio_propagation,radio-propagation-qualification-p22,22,21025,1,score_aware_t2_v2,83aadec8598a1ba57098,1800,1799,1,1,0.0005555555555555556,2568.4394444444442,True,10798.739999999998,3649616.0,26.68256
fixed,radio_propagation,radio-propagation-qualification-p22,22,21025,1,distributional_shadow_t2,36c87af9b5a711cd3c9f,1800,1800,0,0,0.0,2431.2205555555556,True,9307.169999999996,3893903.0,26.68256
fixed,radio_propagation,radio-propagation-qualification-p22,22,21026,1,str_mlo_nmaxinflights_1,393cd886ed9af91aaa78,1800,1795,5,5,0.002777777777777778,3092.492222222222,True,15213.919999999976,3867180.0,27.30912
fixed,radio_propagation,radio-propagation-qualification-p22,22,21026,1,score_aware_t2_v2,9df53474c12554d5b1eb,1800,1793,7,7,0.0038888888888888888,3592.596666666667,True,15984.799999999983,4643520.0,27.04032
fixed,radio_propagation,radio-propagation-qualification-p22,22,21026,1,distributional_shadow_t2,cbf9c8ae898339f940bb,1800,1795,5,5,0.002777777777777778,3496.8866666666668,True,14400.119999999986,4672764.0,27.04032
fixed,radio_propagation,radio-propagation-qualification-p22,22,21027,1,str_mlo_nmaxinflights_1,21a7ce8348580ffe3e95,1800,1800,0,0,0.0,1868.3666666666666,True,5828.03,3130622.0,26.65472
fixed,radio_propagation,radio-propagation-qualification-p22,22,21027,1,score_aware_t2_v2,028d2e41fa69e69d9b7d,1800,1799,1,1,0.0005555555555555556,2127.0516666666667,True,8456.3,3244190.0,26.65328
fixed,radio_propagation,radio-propagation-qualification-p22,22,21027,1,distributional_shadow_t2,82bb046e096888f3cd94,1800,1800,0,0,0.0,2032.951111111111,True,7459.389999999999,3511362.0,26.65328
fixed,radio_propagation,radio-propagation-qualification-p22,22,21028,1,str_mlo_nmaxinflights_1,f296bb5920d7d5793742,1800,1800,0,0,0.0,2492.8433333333332,True,10902.89,3569900.0,27.09808
fixed,radio_propagation,radio-propagation-qualification-p22,22,21028,1,score_aware_t2_v2,eec94034efdd4e8b5ee0,1800,1800,0,0,0.0,2693.108888888889,True,10778.279999999999,3786039.0,27.09872
fixed,radio_propagation,radio-propagation-qualification-p22,22,21028,1,distributional_shadow_t2,4b99d50b4058cdfa6874,1800,1800,0,0,0.0,2603.4377777777777,True,9828.839999999998,4044280.0,27.09872
fixed,radio_propagation,radio-propagation-qualification-p23,23,21029,1,str_mlo_nmaxinflights_1,a99c2fb8301065086595,1800,1312,488,488,0.27111111111111114,16267.913333333334,True,31923.36,9481669.0,26.34
fixed,radio_propagation,radio-propagation-qualification-p23,23,21029,1,score_aware_t2_v2,d4c41da2db37ded9b912,1800,1130,670,670,0.37222222222222223,19658.569444444445,True,32703.210000000003,14221992.0,26.33584
fixed,radio_propagation,radio-propagation-qualification-p23,23,21029,1,distributional_shadow_t2,2d81ee1c5d50a80817bc,1800,1153,647,647,0.35944444444444446,19254.6,True,32717.48,14293224.0,26.33584
fixed,radio_propagation,radio-propagation-qualification-p23,23,21030,1,str_mlo_nmaxinflights_1,5158a50f0ce12503acd2,1800,1437,363,363,0.20166666666666666,14552.833888888888,True,32045.080000000005,8985866.0,26.32752
fixed,radio_propagation,radio-propagation-qualification-p23,23,21030,1,score_aware_t2_v2,da7d1150de1d81ba764f,1800,1254,546,546,0.30333333333333334,18017.54,True,32064.29,11546898.0,26.31712
fixed,radio_propagation,radio-propagation-qualification-p23,23,21030,1,distributional_shadow_t2,d9cba4742bd84662a175,1800,1297,503,503,0.27944444444444444,17364.32222222222,True,32037.28,11834456.0,26.31712
fixed,radio_propagation,radio-propagation-qualification-p23,23,21031,1,str_mlo_nmaxinflights_1,9d6a0166040a124d0331,1800,1293,507,507,0.2816666666666667,17298.797222222223,True,32508.799999999996,10288917.0,25.95728
fixed,radio_propagation,radio-propagation-qualification-p23,23,21031,1,score_aware_t2_v2,326adc21ef0719e45bd4,1800,1175,625,625,0.3472222222222222,19096.189444444444,True,32258.760000000002,12227631.0,25.95792
fixed,radio_propagation,radio-propagation-qualification-p23,23,21031,1,distributional_shadow_t2,bf1f739b4c42fb8db2a4,1800,1241,559,559,0.31055555555555553,18089.466111111113,True,32081.4,12796745.0,25.95744
fixed,radio_propagation,radio-propagation-qualification-p23,23,21032,1,str_mlo_nmaxinflights_1,28fcaa0f259c76f2a43f,1800,1371,429,429,0.23833333333333334,16437.96277777778,True,32416.899999999987,10149693.0,26.73408
fixed,radio_propagation,radio-propagation-qualification-p23,23,21032,1,score_aware_t2_v2,55f076a05db43bee4143,1800,1273,527,527,0.2927777777777778,17812.655,True,32419.24,11169642.0,26.72112
fixed,radio_propagation,radio-propagation-qualification-p23,23,21032,1,distributional_shadow_t2,6cdc5cc1468eabde264f,1800,1331,469,469,0.26055555555555554,17057.79611111111,True,32027.5,11939166.0,26.72112
fixed,obss_intensity,obss-intensity-qualification-p16,16,21033,1,str_mlo_nmaxinflights_1,7791f434259b2a5daf40,1800,1724,76,76,0.042222222222222223,5867.04,True,28293.859999999986,4874042.0,29.91856
fixed,obss_intensity,obss-intensity-qualification-p16,16,21033,1,score_aware_t2_v2,592b2d28f5a2c97ffa4d,1800,1708,92,92,0.051111111111111114,6938.0072222222225,True,28176.150000000005,6273804.0,29.9208
fixed,obss_intensity,obss-intensity-qualification-p16,16,21033,1,distributional_shadow_t2,766f48e169c53d236027,1800,1709,91,91,0.050555555555555555,6922.985555555556,True,28238.64,6349473.0,29.92048
fixed,obss_intensity,obss-intensity-qualification-p16,16,21034,1,str_mlo_nmaxinflights_1,4907f69444183af40cde,1800,1761,39,39,0.021666666666666667,4187.446666666667,True,21767.400000000038,4148282.0,30.44192
fixed,obss_intensity,obss-intensity-qualification-p16,16,21034,1,score_aware_t2_v2,3ce24618cd012538cb2b,1800,1787,13,13,0.007222222222222222,3678.13,True,17849.79999999993,4729189.0,30.44384
fixed,obss_intensity,obss-intensity-qualification-p16,16,21034,1,distributional_shadow_t2,27c786ccd530ee14c088,1800,1790,10,10,0.005555555555555556,3637.777222222222,True,19155.609999999953,4896313.0,30.44352
fixed,obss_intensity,obss-intensity-qualification-p16,16,21035,1,str_mlo_nmaxinflights_1,52a60158c08ffc9c3232,1800,1722,78,78,0.043333333333333335,6280.2283333333335,True,28665.369999999974,5117593.0,30.492
fixed,obss_intensity,obss-intensity-qualification-p16,16,21035,1,score_aware_t2_v2,9fd5c829a18193ed620b,1800,1713,87,87,0.04833333333333333,6673.245555555555,True,28862.039999999943,6178461.0,30.49248
fixed,obss_intensity,obss-intensity-qualification-p16,16,21035,1,distributional_shadow_t2,6f65af4bf7636bb86fb3,1800,1729,71,71,0.03944444444444444,6263.846111111111,True,26525.240000000005,6384339.0,30.49248
fixed,obss_intensity,obss-intensity-qualification-p16,16,21036,1,str_mlo_nmaxinflights_1,c124f2b842ca9fb86cd7,1800,1789,11,11,0.006111111111111111,3486.1922222222224,True,21678.359999999993,4015311.0,30.48688
fixed,obss_intensity,obss-intensity-qualification-p16,16,21036,1,score_aware_t2_v2,2afb8ec46b1731c2e499,1800,1790,10,10,0.005555555555555556,3531.737222222222,True,17850.019999999982,4683221.0,30.48128
fixed,obss_intensity,obss-intensity-qualification-p16,16,21036,1,distributional_shadow_t2,2e99e097a9ddc7ba614a,1800,1792,8,8,0.0044444444444444444,3548.676111111111,True,18996.609999999997,4745187.0,30.48128
fixed,obss_intensity,obss-intensity-qualification-p17,17,21037,1,str_mlo_nmaxinflights_1,374e60989154b57c0657,1800,852,948,948,0.5266666666666666,21824.81611111111,True,32202.45,5934880.0,73.19664
fixed,obss_intensity,obss-intensity-qualification-p17,17,21037,1,score_aware_t2_v2,adaa733e5f0ad6c2255f,1800,946,854,854,0.47444444444444445,20685.735,True,32565.149999999994,6234331.0,74.68288
fixed,obss_intensity,obss-intensity-qualification-p17,17,21037,1,distributional_shadow_t2,16da7be60e94ec44212e,1800,940,860,860,0.4777777777777778,20737.816666666666,True,32463.760000000002,6288155.0,74.64256
fixed,obss_intensity,obss-intensity-qualification-p17,17,21038,1,str_mlo_nmaxinflights_1,277e8ac9f98bb63902d3,1800,430,1370,1370,0.7611111111111111,28240.653333333332,True,32747.97999999999,7745931.0,75.5552
fixed,obss_intensity,obss-intensity-qualification-p17,17,21038,1,score_aware_t2_v2,04add1cabc540c207727,1800,379,1421,1421,0.7894444444444444,29014.16611111111,True,32445.959999999995,7371408.0,75.22848
fixed,obss_intensity,obss-intensity-qualification-p17,17,21038,1,distributional_shadow_t2,8f1c8012d37abe19b7a3,1800,406,1394,1394,0.7744444444444445,28776.739444444444,True,32386.399999999998,7723478.0,75.3312
fixed,obss_intensity,obss-intensity-qualification-p17,17,21039,1,str_mlo_nmaxinflights_1,823e021bc9f34dfb16ae,1800,465,1335,1335,0.7416666666666667,27993.44,True,32382.520000000004,5408570.0,70.70032
fixed,obss_intensity,obss-intensity-qualification-p17,17,21039,1,score_aware_t2_v2,fd31d7828880b3849d0d,1800,630,1170,1170,0.65,25985.805,True,32311.15000000001,5437731.0,70.37616
fixed,obss_intensity,obss-intensity-qualification-p17,17,21039,1,distributional_shadow_t2,7889bac5ae485dc001c9,1800,630,1170,1170,0.65,25998.976666666666,True,32311.15000000001,5183225.0,70.43744
fixed,obss_intensity,obss-intensity-qualification-p17,17,21040,1,str_mlo_nmaxinflights_1,75673e48baed381d2775,1800,262,1538,1538,0.8544444444444445,30276.070555555554,True,32655.159999999996,5157989.0,71.0472
fixed,obss_intensity,obss-intensity-qualification-p17,17,21040,1,score_aware_t2_v2,78c1a837b9f2d5686cd4,1800,1210,590,590,0.3277777777777778,16730.129444444443,True,31732.77000000001,6909059.0,63.00784
fixed,obss_intensity,obss-intensity-qualification-p17,17,21040,1,distributional_shadow_t2,a22eb9c7b1727eef28b2,1800,1212,588,588,0.32666666666666666,16799.312777777777,True,31745.920000000013,7088819.0,62.58384
fixed,obss_intensity,obss-intensity-qualification-p18,18,21041,1,str_mlo_nmaxinflights_1,318ba779f4aa734fd3c0,1800,1799,1,1,0.0005555555555555556,2715.9088888888887,True,17890.81999999998,3422886.0,40.88688
fixed,obss_intensity,obss-intensity-qualification-p18,18,21041,1,score_aware_t2_v2,ff4fe4abb0e591bfd774,1800,1797,3,3,0.0016666666666666668,2484.4211111111113,True,13735.479999999996,3356875.0,40.8824
fixed,obss_intensity,obss-intensity-qualification-p18,18,21041,1,distributional_shadow_t2,c39e701a67be31938564,1800,1799,1,1,0.0005555555555555556,2350.7244444444445,True,11711.439999999997,3772424.0,40.88352
fixed,obss_intensity,obss-intensity-qualification-p18,18,21042,1,str_mlo_nmaxinflights_1,ea5ed42e9cf0b6a27dda,1800,1628,172,172,0.09555555555555556,8941.125555555556,True,30300.460000000014,5919225.0,40.13072
fixed,obss_intensity,obss-intensity-qualification-p18,18,21042,1,score_aware_t2_v2,5739c4a1a126fcd3616b,1800,1527,273,273,0.15166666666666667,11646.726111111111,True,31473.839999999997,7414698.0,40.12592
fixed,obss_intensity,obss-intensity-qualification-p18,18,21042,1,distributional_shadow_t2,505eab239cf0e2fa20a1,1800,1536,264,264,0.14666666666666667,11506.761666666667,True,31495.500000000015,7628890.0,40.12496
fixed,obss_intensity,obss-intensity-qualification-p18,18,21043,1,str_mlo_nmaxinflights_1,0ec3c5e9256c069a483a,1800,1784,16,16,0.008888888888888889,3659.087777777778,True,22260.91000000004,3918347.0,42.11088
fixed,obss_intensity,obss-intensity-qualification-p18,18,21043,1,score_aware_t2_v2,32a1837eac8df12b3e4b,1800,1766,34,34,0.01888888888888889,4910.58,True,26440.549999999876,5119109.0,41.60608
fixed,obss_intensity,obss-intensity-qualification-p18,18,21043,1,distributional_shadow_t2,dab6c0a878ddc497f48b,1800,1762,38,38,0.021111111111111112,5137.310555555556,True,26799.95999999989,5044838.0,42.11424
fixed,obss_intensity,obss-intensity-qualification-p18,18,21044,1,str_mlo_nmaxinflights_1,0138971c7999a5c94a13,1800,1671,129,129,0.07166666666666667,7606.4238888888885,True,29071.899999999994,5606697.0,40.2992
fixed,obss_intensity,obss-intensity-qualification-p18,18,21044,1,score_aware_t2_v2,39343ff7dac44dac946d,1800,1541,259,259,0.1438888888888889,11058.66111111111,True,29719.999999999996,7623049.0,40.30544
fixed,obss_intensity,obss-intensity-qualification-p18,18,21044,1,distributional_shadow_t2,3fa11e28294476ca41e6,1800,1543,257,257,0.14277777777777778,11142.49111111111,True,31390.719999999994,7621537.0,40.30544
fixed,obss_intensity,obss-intensity-qualification-p19,19,21045,1,str_mlo_nmaxinflights_1,28dbcfeeba5ac0474d83,1800,1249,551,551,0.3061111111111111,15448.772777777778,True,31061.92,6037913.0,52.74064
fixed,obss_intensity,obss-intensity-qualification-p19,19,21045,1,score_aware_t2_v2,82b3c5e3cd7439c12554,1800,1282,518,518,0.2877777777777778,15521.826666666666,True,32167.880000000005,6649911.0,52.6876
fixed,obss_intensity,obss-intensity-qualification-p19,19,21045,1,distributional_shadow_t2,c85ba966b51a3ec0bdbc,1800,1315,485,485,0.26944444444444443,15049.696666666667,True,32142.87999999999,6920935.0,52.672
fixed,obss_intensity,obss-intensity-qualification-p19,19,21046,1,str_mlo_nmaxinflights_1,80f2e48b579e8aa72af0,1800,716,1084,1084,0.6022222222222222,24395.76,True,32040.8,8189006.0,52.82808
fixed,obss_intensity,obss-intensity-qualification-p19,19,21046,1,score_aware_t2_v2,e6afbc10d239a8e5e2ef,1800,620,1180,1180,0.6555555555555556,25663.713333333333,True,32210.009999999995,8720622.0,51.76664
fixed,obss_intensity,obss-intensity-qualification-p19,19,21046,1,distributional_shadow_t2,490ccf45e74f65cb0199,1800,638,1162,1162,0.6455555555555555,25527.126111111113,True,32149.18,9339070.0,51.77232
fixed,obss_intensity,obss-intensity-qualification-p19,19,21047,1,str_mlo_nmaxinflights_1,bf911ffc159f398accaf,1800,1617,183,183,0.10166666666666667,8070.475555555556,True,28631.439999999962,4410071.0,51.46416
fixed,obss_intensity,obss-intensity-qualification-p19,19,21047,1,score_aware_t2_v2,b522a6d52de5966dfd69,1800,1151,649,649,0.3605555555555556,17526.325555555555,True,30974.5,6182184.0,52.376
fixed,obss_intensity,obss-intensity-qualification-p19,19,21047,1,distributional_shadow_t2,78e1bddd69f5a225f0b1,1800,1137,663,663,0.36833333333333335,17795.068888888887,True,30984.72,6220380.0,52.33952
fixed,obss_intensity,obss-intensity-qualification-p19,19,21048,1,str_mlo_nmaxinflights_1,6886e189336bcfc31a66,1800,1555,245,245,0.1361111111111111,9918.570555555556,True,30697.74,4670846.0,51.85864
fixed,obss_intensity,obss-intensity-qualification-p19,19,21048,1,score_aware_t2_v2,dc3a4e7f89b342c002c3,1800,1427,373,373,0.20722222222222222,13047.633333333333,True,31308.0,5809667.0,51.8016
fixed,obss_intensity,obss-intensity-qualification-p19,19,21048,1,distributional_shadow_t2,30c63450ab80390a4c4c,1800,1449,351,351,0.195,12895.839444444444,True,31311.120000000003,5904810.0,51.7948
fixed,obss_intensity,obss-intensity-qualification-p20,20,21049,1,str_mlo_nmaxinflights_1,9893eb6f2fe9e4ed4f1a,1800,1,1799,1799,0.9994444444444445,33317.578888888886,False,,4098009.0,70.51608
fixed,obss_intensity,obss-intensity-qualification-p20,20,21049,1,score_aware_t2_v2,c146c6c2776be572f63b,1800,5,1795,1795,0.9972222222222222,33272.25111111111,False,,2683013.0,69.43432
fixed,obss_intensity,obss-intensity-qualification-p20,20,21049,1,distributional_shadow_t2,dc588d9dee139b3fce08,1800,2,1798,1798,0.9988888888888889,33302.19388888889,False,,2437773.0,69.59328
fixed,obss_intensity,obss-intensity-qualification-p20,20,21050,1,str_mlo_nmaxinflights_1,36f8ffa87f7b9dcb049f,1800,455,1345,1345,0.7472222222222222,27834.399444444443,True,32110.799999999996,4582070.0,77.01376
fixed,obss_intensity,obss-intensity-qualification-p20,20,21050,1,score_aware_t2_v2,6841d6c0e0a6bc93015c,1800,421,1379,1379,0.7661111111111111,28511.646666666667,True,32877.4,4759463.0,75.94176
fixed,obss_intensity,obss-intensity-qualification-p20,20,21050,1,distributional_shadow_t2,4eddb795d688511756a1,1800,405,1395,1395,0.775,28679.576666666668,True,32890.479999999996,4785150.0,76.90024
fixed,obss_intensity,obss-intensity-qualification-p20,20,21051,1,str_mlo_nmaxinflights_1,b7b08745cf903c88af98,1800,12,1788,1788,0.9933333333333333,33209.13277777778,False,,4574328.0,75.38464
fixed,obss_intensity,obss-intensity-qualification-p20,20,21051,1,score_aware_t2_v2,e1202f24a4669108df66,1800,23,1777,1777,0.9872222222222222,33111.85166666667,False,,5706172.0,74.75672
fixed,obss_intensity,obss-intensity-qualification-p20,20,21051,1,distributional_shadow_t2,6b8135f9c708f7f19f42,1800,5,1795,1795,0.9972222222222222,33292.633888888886,False,,5564487.0,74.93208
fixed,obss_intensity,obss-intensity-qualification-p20,20,21052,1,str_mlo_nmaxinflights_1,fb315d018e84a58211f7,1800,83,1717,1717,0.9538888888888889,32478.432777777776,False,,4030449.0,66.39896
fixed,obss_intensity,obss-intensity-qualification-p20,20,21052,1,score_aware_t2_v2,be1cc0e4644edff76958,1800,91,1709,1709,0.9494444444444444,32416.750555555554,False,,4037101.0,65.5712
fixed,obss_intensity,obss-intensity-qualification-p20,20,21052,1,distributional_shadow_t2,75d62ae0eec88396a112,1800,90,1710,1710,0.95,32422.152222222223,False,,3773392.0,65.48416
fixed,obss_intensity,obss-intensity-qualification-p21,21,21053,1,str_mlo_nmaxinflights_1,2bc30448b382ad1a336e,1800,1736,64,64,0.035555555555555556,5609.097777777778,True,24683.000000000007,4795344.0,38.93361493333333
fixed,obss_intensity,obss-intensity-qualification-p21,21,21053,1,score_aware_t2_v2,f5a228a63af86e773645,1800,1673,127,127,0.07055555555555555,8382.409444444444,True,29371.439999999995,6852168.0,38.93714773333333
fixed,obss_intensity,obss-intensity-qualification-p21,21,21053,1,distributional_shadow_t2,ef9fee5f5ab0d1c4e244,1800,1661,139,139,0.07722222222222222,8725.915,True,30351.40000000001,6782736.0,38.93714773333333
fixed,obss_intensity,obss-intensity-qualification-p21,21,21054,1,str_mlo_nmaxinflights_1,078bfbbecd842f226031,1800,1782,18,18,0.01,4174.666666666667,True,21661.12000000003,4317577.0,38.714188799999995
fixed,obss_intensity,obss-intensity-qualification-p21,21,21054,1,score_aware_t2_v2,b4ac6c4876d020f25bbe,1800,1781,19,19,0.010555555555555556,4958.280555555555,True,25758.60000000002,5551177.0,38.7159552
fixed,obss_intensity,obss-intensity-qualification-p21,21,21054,1,distributional_shadow_t2,1b79575e960097fc495f,1800,1778,22,22,0.012222222222222223,5105.678333333333,True,25762.610000000008,5480838.0,38.7159552
fixed,obss_intensity,obss-intensity-qualification-p21,21,21055,1,str_mlo_nmaxinflights_1,953e4e1ab9b4ad429da5,1800,1753,47,47,0.026111111111111113,6624.595,True,28065.280000000006,5187545.0,39.517115733333334
fixed,obss_intensity,obss-intensity-qualification-p21,21,21055,1,score_aware_t2_v2,8140a6f8ce156418cf32,1800,1735,65,65,0.03611111111111111,7053.014444444444,True,27639.460000000003,6057432.0,39.51063893333333
fixed,obss_intensity,obss-intensity-qualification-p21,21,21055,1,distributional_shadow_t2,393274fdfaca8ff63446,1800,1745,55,55,0.030555555555555555,6936.045555555555,True,27496.12,6245824.0,39.51162026666667
fixed,obss_intensity,obss-intensity-qualification-p21,21,21056,1,str_mlo_nmaxinflights_1,7f390aa755444ebc4c7e,1800,1713,87,87,0.04833333333333333,7055.47,True,28170.639999999956,5228168.0,39.8387968
fixed,obss_intensity,obss-intensity-qualification-p21,21,21056,1,score_aware_t2_v2,d3f836dc2deec18c96fe,1800,1744,56,56,0.03111111111111111,5403.877222222222,True,24309.739999999994,4973789.0,39.838404266666664
fixed,obss_intensity,obss-intensity-qualification-p21,21,21056,1,distributional_shadow_t2,d608c8188a010f96f100,1800,1761,39,39,0.021666666666666667,5107.389444444444,True,24425.200000000004,5481198.0,39.838404266666664
fixed,obss_intensity,obss-intensity-qualification-p22,22,21057,1,str_mlo_nmaxinflights_1,ae2b3a000ca3f147ec35,1800,1647,153,153,0.085,8517.594444444445,True,30045.999999999993,5278150.0,47.23333973333333
fixed,obss_intensity,obss-intensity-qualification-p22,22,21057,1,score_aware_t2_v2,850652739494d3d6d253,1800,1570,230,230,0.12777777777777777,10014.99,True,29854.319999999996,6555853.0,47.22705920000001
fixed,obss_intensity,obss-intensity-qualification-p22,22,21057,1,distributional_shadow_t2,999bab395f28ec9afd3e,1800,1594,206,206,0.11444444444444445,9688.225,True,29926.909999999993,6762175.0,47.229610666666666
fixed,obss_intensity,obss-intensity-qualification-p22,22,21058,1,str_mlo_nmaxinflights_1,6dba905f721ddffaf0f1,1800,1656,144,144,0.08,8096.962222222222,True,29808.150000000023,5390684.0,44.567842133333336
fixed,obss_intensity,obss-intensity-qualification-p22,22,21058,1,score_aware_t2_v2,94b92b93fb660412af25,1800,1649,151,151,0.08388888888888889,8735.260555555555,True,30718.199999999997,6442085.0,44.567842133333336
fixed,obss_intensity,obss-intensity-qualification-p22,22,21058,1,distributional_shadow_t2,2208b922e538bd5beafd,1800,1660,140,140,0.07777777777777778,8508.040555555555,True,30881.860000000004,6767489.0,44.566075733333335
fixed,obss_intensity,obss-intensity-qualification-p22,22,21059,1,str_mlo_nmaxinflights_1,54a019da390627fbc44a,1800,1718,82,82,0.04555555555555556,5835.9094444444445,True,27649.729999999985,4322406.0,45.70756266666666
fixed,obss_intensity,obss-intensity-qualification-p22,22,21059,1,score_aware_t2_v2,0161dd36af4ae769a0ee,1800,1783,17,17,0.009444444444444445,3506.886111111111,True,22769.200000000026,3808116.0,45.7079552
fixed,obss_intensity,obss-intensity-qualification-p22,22,21059,1,distributional_shadow_t2,6b52529a7594bb8f430f,1800,1788,12,12,0.006666666666666667,3401.258888888889,True,22018.549999999996,4348666.0,45.7079552
fixed,obss_intensity,obss-intensity-qualification-p22,22,21060,1,str_mlo_nmaxinflights_1,7c19fae9cad1d0b61b88,1800,1590,210,210,0.11666666666666667,9311.295,True,29783.149999999954,5501536.0,46.749542399999996
fixed,obss_intensity,obss-intensity-qualification-p22,22,21060,1,score_aware_t2_v2,8b77443d81631a8239f5,1800,1453,347,347,0.19277777777777777,12193.02,True,31299.800000000003,7063003.0,46.75582293333333
fixed,obss_intensity,obss-intensity-qualification-p22,22,21060,1,distributional_shadow_t2,13ab54df6a50a8cc3feb,1800,1473,327,327,0.18166666666666667,11964.528333333334,True,30937.239999999998,7149767.0,46.753664
fixed,obss_intensity,obss-intensity-qualification-p23,23,21061,1,str_mlo_nmaxinflights_1,db6a100a92a3868b7092,1800,1794,6,6,0.0033333333333333335,2516.4694444444444,True,15982.679999999998,3384157.0,18.78536
fixed,obss_intensity,obss-intensity-qualification-p23,23,21061,1,score_aware_t2_v2,7ef7fad24e27135e2221,1800,1799,1,1,0.0005555555555555556,2143.173333333333,True,10389.69999999999,3238160.0,18.78808
fixed,obss_intensity,obss-intensity-qualification-p23,23,21061,1,distributional_shadow_t2,e0a7e9b5653f7e34d17d,1800,1800,0,0,0.0,2010.3527777777779,True,7295.26,3572610.0,18.78824
fixed,obss_intensity,obss-intensity-qualification-p23,23,21062,1,str_mlo_nmaxinflights_1,0a87113dd6dea85341a7,1800,1743,57,57,0.03166666666666667,4713.58,True,26363.459999999992,4390165.0,17.95384
fixed,obss_intensity,obss-intensity-qualification-p23,23,21062,1,score_aware_t2_v2,c62d86ba1b6fbd970ab4,1800,1717,83,83,0.04611111111111111,5893.879444444445,True,26528.359999999975,5690601.0,17.9568
fixed,obss_intensity,obss-intensity-qualification-p23,23,21062,1,distributional_shadow_t2,1cae96f1d24b910b070d,1800,1720,80,80,0.044444444444444446,5905.109444444444,True,26521.449999999983,5731577.0,17.9568
fixed,obss_intensity,obss-intensity-qualification-p23,23,21063,1,str_mlo_nmaxinflights_1,858029e5705024ac8907,1800,1771,29,29,0.01611111111111111,3654.3483333333334,True,21683.499999999985,4001269.0,18.03392
fixed,obss_intensity,obss-intensity-qualification-p23,23,21063,1,score_aware_t2_v2,8e3c54e6b44d722b1c4f,1800,1792,8,8,0.0044444444444444444,3083.166111111111,True,17869.839999999986,4154047.0,18.03
fixed,obss_intensity,obss-intensity-qualification-p23,23,21063,1,distributional_shadow_t2,fe896fc7f47955efb8a6,1800,1795,5,5,0.002777777777777778,2925.653888888889,True,17083.61999999999,4424573.0,18.03
fixed,obss_intensity,obss-intensity-qualification-p23,23,21064,1,str_mlo_nmaxinflights_1,4b4af9fe23e8d81d5cdd,1800,1736,64,64,0.035555555555555556,4782.956666666667,True,26615.40000000003,4434986.0,17.64648
fixed,obss_intensity,obss-intensity-qualification-p23,23,21064,1,score_aware_t2_v2,e9e754d27ba3da20f305,1800,1710,90,90,0.05,5930.751111111111,True,27870.130000000012,5766766.0,17.64632
fixed,obss_intensity,obss-intensity-qualification-p23,23,21064,1,distributional_shadow_t2,40e35472e43ad4d60bcc,1800,1713,87,87,0.04833333333333333,5896.502222222222,True,27665.959999999926,5771175.0,17.64648
fixed,obss_geometry_mac,obss-geometry-mac-qualification-p16,16,21065,1,str_mlo_nmaxinflights_1,d0fefc1f54fa6805b732,1800,1790,10,10,0.005555555555555556,3487.2105555555554,True,16439.50999999996,4100443.0,26.94672
fixed,obss_geometry_mac,obss-geometry-mac-qualification-p16,16,21065,1,score_aware_t2_v2,730d54e5472128f7410c,1800,1788,12,12,0.006666666666666667,3530.741666666667,True,15372.929999999993,4650307.0,26.9472
fixed,obss_geometry_mac,obss-geometry-mac-qualification-p16,16,21065,1,distributional_shadow_t2,c7623645916d2d14c21e,1800,1789,11,11,0.006111111111111111,3485.8972222222224,True,15362.839999999993,4784071.0,26.9472
fixed,obss_geometry_mac,obss-geometry-mac-qualification-p16,16,21066,1,str_mlo_nmaxinflights_1,a5aaf41c3d806dc2caa1,1800,1779,21,21,0.011666666666666667,4562.2716666666665,True,22465.640000000007,4605121.0,26.52384
fixed,obss_geometry_mac,obss-geometry-mac-qualification-p16,16,21066,1,score_aware_t2_v2,fdbdac453349fd4043e3,1800,1778,22,22,0.012222222222222223,4725.756666666667,True,23624.560000000005,5234198.0,26.5024
fixed,obss_geometry_mac,obss-geometry-mac-qualification-p16,16,21066,1,distributional_shadow_t2,874f17a75f4752c41dfb,1800,1784,16,16,0.008888888888888889,4428.815555555556,True,18176.710000000006,5435634.0,26.5024
fixed,obss_geometry_mac,obss-geometry-mac-qualification-p16,16,21067,1,str_mlo_nmaxinflights_1,4ce2819cf0c1d16bfa9d,1800,1796,4,4,0.0022222222222222222,2865.802777777778,True,12901.699999999984,3821323.0,26.3336
fixed,obss_geometry_mac,obss-geometry-mac-qualification-p16,16,21067,1,score_aware_t2_v2,f90452fa41e7db45f1ea,1800,1795,5,5,0.002777777777777778,3287.3166666666666,True,13726.65999999997,4433042.0,26.33408
fixed,obss_geometry_mac,obss-geometry-mac-qualification-p16,16,21067,1,distributional_shadow_t2,6e97436dbfe65e99c7d9,1800,1795,5,5,0.002777777777777778,3199.1644444444446,True,13280.259999999984,4582943.0,26.33408
fixed,obss_geometry_mac,obss-geometry-mac-qualification-p16,16,21068,1,str_mlo_nmaxinflights_1,08ecbd3ae8aece8738bf,1800,1798,2,2,0.0011111111111111111,2258.883888888889,True,8302.689999999999,3375784.0,26.69344
fixed,obss_geometry_mac,obss-geometry-mac-qualification-p16,16,21068,1,score_aware_t2_v2,96b91710d7002a6baafc,1800,1798,2,2,0.0011111111111111111,2453.303888888889,True,9574.71,3493893.0,26.69296
fixed,obss_geometry_mac,obss-geometry-mac-qualification-p16,16,21068,1,distributional_shadow_t2,66b1bc7ac653e4e283c8,1800,1799,1,1,0.0005555555555555556,2348.01,True,8765.259999999997,3757525.0,26.69296
fixed,obss_geometry_mac,obss-geometry-mac-qualification-p17,17,21069,1,str_mlo_nmaxinflights_1,615e6ad9f6cab70ecb5e,1800,1796,4,4,0.0022222222222222222,3367.305,True,19415.499999999993,4115517.0,27.43152
fixed,obss_geometry_mac,obss-geometry-mac-qualification-p17,17,21069,1,score_aware_t2_v2,affe278e7ccbe5a99e9c,1800,1794,6,6,0.0033333333333333335,3877.1311111111113,True,18172.119999999984,5087470.0,27.43152
fixed,obss_geometry_mac,obss-geometry-mac-qualification-p17,17,21069,1,distributional_shadow_t2,1ff2368ab5a2272caf47,1800,1792,8,8,0.0044444444444444444,3953.3805555555555,True,19806.129999999997,5052873.0,27.43152
fixed,obss_geometry_mac,obss-geometry-mac-qualification-p17,17,21070,1,str_mlo_nmaxinflights_1,da3479d879a236857ec0,1800,1798,2,2,0.0011111111111111111,2789.157222222222,True,12994.369999999997,3637107.0,27.30608
fixed,obss_geometry_mac,obss-geometry-mac-qualification-p17,17,21070,1,score_aware_t2_v2,9e953f92eb87d1196548,1800,1798,2,2,0.0011111111111111111,2484.8366666666666,True,10617.209999999997,3586596.0,27.30608
fixed,obss_geometry_mac,obss-geometry-mac-qualification-p17,17,21070,1,distributional_shadow_t2,02ece77e47ae377fc178,1800,1800,0,0,0.0,2362.4944444444445,True,9222.52,3903068.0,27.30608
fixed,obss_geometry_mac,obss-geometry-mac-qualification-p17,17,21071,1,str_mlo_nmaxinflights_1,3adbf144ee719bdb250f,1800,1789,11,11,0.006111111111111111,3546.0183333333334,True,17588.159999999996,4250515.0,26.01328
fixed,obss_geometry_mac,obss-geometry-mac-qualification-p17,17,21071,1,score_aware_t2_v2,502bfb4a69b84d98f9fd,1800,1795,5,5,0.002777777777777778,4062.963333333333,True,17355.46,5411047.0,26.01328
fixed,obss_geometry_mac,obss-geometry-mac-qualification-p17,17,21071,1,distributional_shadow_t2,bfd0318e1a747d7a95b2,1800,1793,7,7,0.0038888888888888888,4209.025555555556,True,20007.599999999977,5356859.0,26.01328
fixed,obss_geometry_mac,obss-geometry-mac-qualification-p17,17,21072,1,str_mlo_nmaxinflights_1,15be909c41a83f8fb87a,1800,1800,0,0,0.0,2163.145,True,7926.5599999999995,3391866.0,25.912
fixed,obss_geometry_mac,obss-geometry-mac-qualification-p17,17,21072,1,score_aware_t2_v2,cfdba698f79d26088d8e,1800,1800,0,0,0.0,2585.117222222222,True,12775.73,3677974.0,25.912
fixed,obss_geometry_mac,obss-geometry-mac-qualification-p17,17,21072,1,distributional_shadow_t2,9cf87fc210fedb5758fb,1800,1800,0,0,0.0,2414.587777777778,True,9540.349999999991,3922282.0,25.912
fixed,obss_geometry_mac,obss-geometry-mac-qualification-p18,18,21073,1,str_mlo_nmaxinflights_1,29fdda1448e1cc941c29,1800,1763,37,37,0.020555555555555556,5115.831111111111,True,24812.19999999999,4672173.0,26.86048
fixed,obss_geometry_mac,obss-geometry-mac-qualification-p18,18,21073,1,score_aware_t2_v2,ac774f07e8bd1980aa1e,1800,1756,44,44,0.024444444444444446,6089.212222222222,True,27414.750000000007,6174657.0,26.86048
fixed,obss_geometry_mac,obss-geometry-mac-qualification-p18,18,21073,1,distributional_shadow_t2,3fab03023daea86c49fd,1800,1746,54,54,0.03,6433.685,True,29652.29999999998,6171654.0,26.86048
fixed,obss_geometry_mac,obss-geometry-mac-qualification-p18,18,21074,1,str_mlo_nmaxinflights_1,b96669e0183156a8e77f,1800,1793,7,7,0.0038888888888888888,3375.862222222222,True,19158.23999999996,3983457.0,26.28144
fixed,obss_geometry_mac,obss-geometry-mac-qualification-p18,18,21074,1,score_aware_t2_v2,3b53a2a5aa56cafcad5d,1800,1787,13,13,0.007222222222222222,4162.043333333333,True,22989.25999999998,5214840.0,26.28144
fixed,obss_geometry_mac,obss-geometry-mac-qualification-p18,18,21074,1,distributional_shadow_t2,db73626a9d13863bd58d,1800,1764,36,36,0.02,4799.980555555556,True,24754.06999999999,5098562.0,26.28144
fixed,obss_geometry_mac,obss-geometry-mac-qualification-p18,18,21075,1,str_mlo_nmaxinflights_1,076522d360997a102962,1800,1787,13,13,0.007222222222222222,3654.798888888889,True,18719.199999999953,4134234.0,26.67856
fixed,obss_geometry_mac,obss-geometry-mac-qualification-p18,18,21075,1,score_aware_t2_v2,4e3cc7231b850fb23aa3,1800,1795,5,5,0.002777777777777778,4068.162222222222,True,17131.25999999998,5247817.0,26.67856
fixed,obss_geometry_mac,obss-geometry-mac-qualification-p18,18,21075,1,distributional_shadow_t2,acf0236e5b7293c0ed2e,1800,1787,13,13,0.007222222222222222,4308.905555555555,True,18960.77999999996,5207284.0,26.67856
fixed,obss_geometry_mac,obss-geometry-mac-qualification-p18,18,21076,1,str_mlo_nmaxinflights_1,6b2eab5ef83618e62c3b,1800,1798,2,2,0.0011111111111111111,2346.218888888889,True,10530.319999999998,3345338.0,26.27424
fixed,obss_geometry_mac,obss-geometry-mac-qualification-p18,18,21076,1,score_aware_t2_v2,1dd4f60ee87b1ab919fb,1800,1799,1,1,0.0005555555555555556,2470.2533333333336,True,12260.979999999985,3455443.0,26.27424
fixed,obss_geometry_mac,obss-geometry-mac-qualification-p18,18,21076,1,distributional_shadow_t2,c729feb1b9b0f9e80fdf,1800,1800,0,0,0.0,2300.585,True,9001.739999999998,3746589.0,26.27424
fixed,obss_geometry_mac,obss-geometry-mac-qualification-p19,19,21077,1,str_mlo_nmaxinflights_1,4329c14b83517d546ded,1800,1782,18,18,0.01,4929.323333333334,True,26930.06,4821183.0,26.70096
fixed,obss_geometry_mac,obss-geometry-mac-qualification-p19,19,21077,1,score_aware_t2_v2,f5e4d38722f3073178f6,1800,1786,14,14,0.0077777777777777776,4790.826666666667,True,21906.000000000025,5468046.0,26.6968
fixed,obss_geometry_mac,obss-geometry-mac-qualification-p19,19,21077,1,distributional_shadow_t2,0834a690ea14acb099f9,1800,1787,13,13,0.007222222222222222,4696.853888888889,True,20405.03999999999,5645936.0,26.69968
fixed,obss_geometry_mac,obss-geometry-mac-qualification-p19,19,21078,1,str_mlo_nmaxinflights_1,83007429f349929fc915,1800,1787,13,13,0.007222222222222222,4040.793888888889,True,21016.96,4446115.0,26.56448
fixed,obss_geometry_mac,obss-geometry-mac-qualification-p19,19,21078,1,score_aware_t2_v2,f57f14c2aeb1134ae4ce,1800,1784,16,16,0.008888888888888889,5033.962222222222,True,24285.57,5871890.0,26.56224
fixed,obss_geometry_mac,obss-geometry-mac-qualification-p19,19,21078,1,distributional_shadow_t2,566db38ff29fa5f08037,1800,1763,37,37,0.020555555555555556,5482.987777777777,True,24410.47999999997,5803613.0,26.56304
fixed,obss_geometry_mac,obss-geometry-mac-qualification-p19,19,21079,1,str_mlo_nmaxinflights_1,869be2efad3a56a7a87d,1800,1799,1,1,0.0005555555555555556,2474.9883333333332,True,11153.039999999995,3438428.0,26.5264
fixed,obss_geometry_mac,obss-geometry-mac-qualification-p19,19,21079,1,score_aware_t2_v2,ac7a6f90ed0639d3b594,1800,1799,1,1,0.0005555555555555556,2271.7522222222224,True,9730.599999999997,3336688.0,26.5216
fixed,obss_geometry_mac,obss-geometry-mac-qualification-p19,19,21079,1,distributional_shadow_t2,741af17de1e5d081a838,1800,1800,0,0,0.0,2172.295,True,8123.769999999997,3717176.0,26.52176
fixed,obss_geometry_mac,obss-geometry-mac-qualification-p19,19,21080,1,str_mlo_nmaxinflights_1,2a6cb6db2fabeed4c96b,1800,1750,50,50,0.027777777777777776,6679.970555555556,True,27344.969999999998,5796144.0,27.68432
fixed,obss_geometry_mac,obss-geometry-mac-qualification-p19,19,21080,1,score_aware_t2_v2,3a298829b882635f6ab7,1800,1755,45,45,0.025,6476.956111111111,True,25928.24000000004,6301368.0,27.68544
fixed,obss_geometry_mac,obss-geometry-mac-qualification-p19,19,21080,1,distributional_shadow_t2,e79660a8bd9d43a5a58c,1800,1767,33,33,0.018333333333333333,6237.172222222222,True,26610.71999999998,6598126.0,27.68416
fixed,obss_geometry_mac,obss-geometry-mac-qualification-p20,20,21081,1,str_mlo_nmaxinflights_1,fb70b887288436a907f5,1800,1795,5,5,0.002777777777777778,3374.67,True,15700.759999999964,3974653.0,25.29168
fixed,obss_geometry_mac,obss-geometry-mac-qualification-p20,20,21081,1,score_aware_t2_v2,082a24e0343e927594d6,1800,1799,1,1,0.0005555555555555556,2869.527222222222,True,12172.459999999997,4043169.0,25.29168
fixed,obss_geometry_mac,obss-geometry-mac-qualification-p20,20,21081,1,distributional_shadow_t2,f61178972b518cb3ffa1,1800,1799,1,1,0.0005555555555555556,2743.3305555555557,True,10489.599999999999,4337073.0,25.29168
fixed,obss_geometry_mac,obss-geometry-mac-qualification-p20,20,21082,1,str_mlo_nmaxinflights_1,5339f08df7a8dde7c974,1800,1769,31,31,0.017222222222222222,5383.868333333333,True,25588.399999999994,4907216.0,26.53584
fixed,obss_geometry_mac,obss-geometry-mac-qualification-p20,20,21082,1,score_aware_t2_v2,456683e427d0a62a7bfe,1800,1758,42,42,0.023333333333333334,6127.982222222222,True,26983.750000000015,6033669.0,26.53584
fixed,obss_geometry_mac,obss-geometry-mac-qualification-p20,20,21082,1,distributional_shadow_t2,af2d462363b923a99a9a,1800,1753,47,47,0.026111111111111113,6086.6611111111115,True,26756.240000000005,6181037.0,26.53584
fixed,obss_geometry_mac,obss-geometry-mac-qualification-p20,20,21083,1,str_mlo_nmaxinflights_1,28d3e71121ad9c6c8cf0,1800,1785,15,15,0.008333333333333333,4068.5005555555554,True,24165.560000000074,4277791.0,27.28768
fixed,obss_geometry_mac,obss-geometry-mac-qualification-p20,20,21083,1,score_aware_t2_v2,05872998fa594a14eba0,1800,1799,1,1,0.0005555555555555556,2607.1544444444444,True,10541.559999999996,3823994.0,27.28768
fixed,obss_geometry_mac,obss-geometry-mac-qualification-p20,20,21083,1,distributional_shadow_t2,1d0c4315f23e796c48da,1800,1800,0,0,0.0,2559.157222222222,True,9800.38,4325232.0,27.28768
fixed,obss_geometry_mac,obss-geometry-mac-qualification-p20,20,21084,1,str_mlo_nmaxinflights_1,e3b7413df59434d2e365,1800,1749,51,51,0.028333333333333332,6328.7538888888885,True,27441.76,5468550.0,26.7408
fixed,obss_geometry_mac,obss-geometry-mac-qualification-p20,20,21084,1,score_aware_t2_v2,e6bfd62caf314dd8a103,1800,1755,45,45,0.025,6212.4672222222225,True,26096.4,6108509.0,26.7408
fixed,obss_geometry_mac,obss-geometry-mac-qualification-p20,20,21084,1,distributional_shadow_t2,182da5bc8a112c8ed291,1800,1757,43,43,0.02388888888888889,6056.667222222222,True,25484.4,6365810.0,26.7408
fixed,obss_geometry_mac,obss-geometry-mac-qualification-p21,21,21085,1,str_mlo_nmaxinflights_1,59be6b86113e5909700e,1800,1793,7,7,0.0038888888888888888,3181.568333333333,True,19184.959999999995,3718698.0,27.08096
fixed,obss_geometry_mac,obss-geometry-mac-qualification-p21,21,21085,1,score_aware_t2_v2,84a5b733f061a038bace,1800,1800,0,0,0.0,2303.665,True,9997.479999999998,3309090.0,27.0752
fixed,obss_geometry_mac,obss-geometry-mac-qualification-p21,21,21085,1,distributional_shadow_t2,daef55807c0c2d098958,1800,1800,0,0,0.0,2222.571111111111,True,8899.269999999999,3811687.0,27.07936
fixed,obss_geometry_mac,obss-geometry-mac-qualification-p21,21,21086,1,str_mlo_nmaxinflights_1,2a1c82eb16b920e3baf1,1800,1763,37,37,0.020555555555555556,5217.461111111111,True,23456.959999999992,4966321.0,26.30304
fixed,obss_geometry_mac,obss-geometry-mac-qualification-p21,21,21086,1,score_aware_t2_v2,b0e52dd575790e68be7f,1800,1768,32,32,0.017777777777777778,5272.557222222223,True,25052.879999999983,5838636.0,26.29648
fixed,obss_geometry_mac,obss-geometry-mac-qualification-p21,21,21086,1,distributional_shadow_t2,8b338f5af453c36f55d0,1800,1769,31,31,0.017222222222222222,5242.748888888889,True,25041.759999999987,5997249.0,26.29648
fixed,obss_geometry_mac,obss-geometry-mac-qualification-p21,21,21087,1,str_mlo_nmaxinflights_1,6d1236b2a2d8600c8cbe,1800,1768,32,32,0.017777777777777778,5319.047222222222,True,24970.059999999998,4974814.0,27.36144
fixed,obss_geometry_mac,obss-geometry-mac-qualification-p21,21,21087,1,score_aware_t2_v2,95c2fe85be37902462c3,1800,1785,15,15,0.008333333333333333,4484.9238888888885,True,18895.880000000012,5177395.0,27.364
fixed,obss_geometry_mac,obss-geometry-mac-qualification-p21,21,21087,1,distributional_shadow_t2,b7a4f5195f63640e2f4f,1800,1787,13,13,0.007222222222222222,4393.287777777778,True,18849.019999999975,5439884.0,27.364
fixed,obss_geometry_mac,obss-geometry-mac-qualification-p21,21,21088,1,str_mlo_nmaxinflights_1,881db4f01301f129a58e,1800,1798,2,2,0.0011111111111111111,3037.2322222222224,True,16925.869999999995,3808775.0,26.08832
fixed,obss_geometry_mac,obss-geometry-mac-qualification-p21,21,21088,1,score_aware_t2_v2,c85be2ee29efc3cf5bf3,1800,1798,2,2,0.0011111111111111111,2822.7038888888887,True,13342.09,3891651.0,26.08864
fixed,obss_geometry_mac,obss-geometry-mac-qualification-p21,21,21088,1,distributional_shadow_t2,d9935f001b475204d81a,1800,1800,0,0,0.0,2718.4338888888888,True,11958.119999999999,4228988.0,26.08912
fixed,obss_geometry_mac,obss-geometry-mac-qualification-p22,22,21089,1,str_mlo_nmaxinflights_1,e2fa5ef950e59314c369,1800,1754,46,46,0.025555555555555557,5353.932222222223,True,27918.790000000008,4721422.0,27.62016
fixed,obss_geometry_mac,obss-geometry-mac-qualification-p22,22,21089,1,score_aware_t2_v2,4714583e770ff6932417,1800,1724,76,76,0.042222222222222223,6429.343888888889,True,26809.329999999976,6012517.0,27.62016
fixed,obss_geometry_mac,obss-geometry-mac-qualification-p22,22,21089,1,distributional_shadow_t2,583559e2f90a3d4ab42a,1800,1712,88,88,0.04888888888888889,6682.2155555555555,True,25828.269999999993,6004991.0,27.62016
fixed,obss_geometry_mac,obss-geometry-mac-qualification-p22,22,21090,1,str_mlo_nmaxinflights_1,848da38170e0fa7f1249,1800,1797,3,3,0.0016666666666666668,2928.7433333333333,True,17884.119999999948,3520756.0,26.4848
fixed,obss_geometry_mac,obss-geometry-mac-qualification-p22,22,21090,1,score_aware_t2_v2,637abef17aec407e7093,1800,1800,0,0,0.0,2146.483333333333,True,10017.089999999997,3182816.0,26.4848
fixed,obss_geometry_mac,obss-geometry-mac-qualification-p22,22,21090,1,distributional_shadow_t2,12346802fd92c53b539f,1800,1800,0,0,0.0,2071.54,True,8394.269999999999,3648978.0,26.4848
fixed,obss_geometry_mac,obss-geometry-mac-qualification-p22,22,21091,1,str_mlo_nmaxinflights_1,2bc5f2607104a5a0dda2,1800,1751,49,49,0.02722222222222222,5746.91,True,25006.5,4914433.0,26.36896
fixed,obss_geometry_mac,obss-geometry-mac-qualification-p22,22,21091,1,score_aware_t2_v2,d782d8b817cd20ec1e09,1800,1748,52,52,0.028888888888888888,6106.756111111111,True,25895.36,5880618.0,26.36896
fixed,obss_geometry_mac,obss-geometry-mac-qualification-p22,22,21091,1,distributional_shadow_t2,6c5d31768e1f4c78ae6c,1800,1742,58,58,0.03222222222222222,6133.924444444445,True,25937.689999999995,6011941.0,26.36896
fixed,obss_geometry_mac,obss-geometry-mac-qualification-p22,22,21092,1,str_mlo_nmaxinflights_1,8614d9a38f22c3edd91c,1800,1798,2,2,0.0011111111111111111,2522.8611111111113,True,11636.049999999981,3467412.0,26.06784
fixed,obss_geometry_mac,obss-geometry-mac-qualification-p22,22,21092,1,score_aware_t2_v2,4baf313b9ccc7b11d362,1800,1798,2,2,0.0011111111111111111,2782.436111111111,True,14137.319999999987,3849804.0,26.06784
fixed,obss_geometry_mac,obss-geometry-mac-qualification-p22,22,21092,1,distributional_shadow_t2,817f9757cd9c80791c3d,1800,1799,1,1,0.0005555555555555556,2669.9583333333335,True,12066.599999999991,4031919.0,26.06784
fixed,obss_geometry_mac,obss-geometry-mac-qualification-p23,23,21093,1,str_mlo_nmaxinflights_1,53e76681f74c6ec27303,1800,1782,18,18,0.01,4406.6,True,22242.560000000005,4525851.0,26.4664
fixed,obss_geometry_mac,obss-geometry-mac-qualification-p23,23,21093,1,score_aware_t2_v2,01b2ed9527142cd2eef5,1800,1786,14,14,0.0077777777777777776,5101.671111111111,True,21461.950000000004,5869867.0,26.4664
fixed,obss_geometry_mac,obss-geometry-mac-qualification-p23,23,21093,1,distributional_shadow_t2,c91d513bf2924a968a25,1800,1779,21,21,0.011666666666666667,5382.203888888889,True,22726.660000000003,5861410.0,26.4664
fixed,obss_geometry_mac,obss-geometry-mac-qualification-p23,23,21094,1,str_mlo_nmaxinflights_1,7f723cb6bddcf64f9232,1800,1791,9,9,0.005,2841.043888888889,True,14186.899999999901,3481437.0,26.94784
fixed,obss_geometry_mac,obss-geometry-mac-qualification-p23,23,21094,1,score_aware_t2_v2,d1c2e9eff770d6168df9,1800,1799,1,1,0.0005555555555555556,2317.2205555555556,True,10278.460000000001,3371581.0,26.94784
fixed,obss_geometry_mac,obss-geometry-mac-qualification-p23,23,21094,1,distributional_shadow_t2,a5ff21996bb7d6e3de16,1800,1800,0,0,0.0,2223.8566666666666,True,9442.06,3820003.0,26.94784
fixed,obss_geometry_mac,obss-geometry-mac-qualification-p23,23,21095,1,str_mlo_nmaxinflights_1,bbe63fa2e922bbb843e8,1800,1775,25,25,0.013888888888888888,4484.849444444444,True,26274.439999999995,4482066.0,26.77056
fixed,obss_geometry_mac,obss-geometry-mac-qualification-p23,23,21095,1,score_aware_t2_v2,1d504add57fd9be14522,1800,1767,33,33,0.018333333333333333,5347.325555555555,True,24152.899999999987,5965704.0,26.77056
fixed,obss_geometry_mac,obss-geometry-mac-qualification-p23,23,21095,1,distributional_shadow_t2,4c3a3f862c45421c49f0,1800,1755,45,45,0.025,5855.777777777777,True,26461.680000000008,5881867.0,26.77056
fixed,obss_geometry_mac,obss-geometry-mac-qualification-p23,23,21096,1,str_mlo_nmaxinflights_1,4839e524feec5c40f41e,1800,1795,5,5,0.002777777777777778,2851.556666666667,True,16771.319999999996,3680681.0,27.20448
fixed,obss_geometry_mac,obss-geometry-mac-qualification-p23,23,21096,1,score_aware_t2_v2,8f5cb48e0a98bd7f6aa7,1800,1794,6,6,0.0033333333333333335,3295.737222222222,True,17316.14,4525836.0,27.20448
fixed,obss_geometry_mac,obss-geometry-mac-qualification-p23,23,21096,1,distributional_shadow_t2,95d0d1c3edd30ce64c18,1800,1794,6,6,0.0033333333333333335,3310.992777777778,True,17147.61,4500394.0,27.20448
fixed,video_workload,video-workload-qualification-p16,16,21097,1,str_mlo_nmaxinflights_1,efb9a04cbe4ff21e3b53,3600,3526,74,74,0.020555555555555556,3060.3775,True,13620.75,6295758.0,25.71696
fixed,video_workload,video-workload-qualification-p16,16,21097,1,score_aware_t2_v2,60b85f13b990a74c85cd,3600,3487,113,113,0.03138888888888889,3451.336388888889,True,13349.319999999996,7452395.0,25.712
fixed,video_workload,video-workload-qualification-p16,16,21097,1,distributional_shadow_t2,3085de624dbd3a0cf652,3600,3465,135,135,0.0375,3531.4525,True,13682.920000000006,7430938.0,25.71168
fixed,video_workload,video-workload-qualification-p16,16,21098,1,str_mlo_nmaxinflights_1,8a0c9622eb72098399cb,3600,3481,119,119,0.03305555555555555,3542.1505555555555,True,14133.399999999983,6664478.0,26.43808
fixed,video_workload,video-workload-qualification-p16,16,21098,1,score_aware_t2_v2,c31f5c16be41b463bb23,3600,3416,184,184,0.051111111111111114,3982.597222222222,True,14226.599999999995,7762989.0,26.43744
fixed,video_workload,video-workload-qualification-p16,16,21098,1,distributional_shadow_t2,415e22b5f3feed9ec6b0,3600,3446,154,154,0.042777777777777776,3836.222777777778,True,14092.150000000016,7844938.0,26.43856
fixed,video_workload,video-workload-qualification-p16,16,21099,1,str_mlo_nmaxinflights_1,0d6980875f8b68d1ab2f,3600,3598,2,2,0.0005555555555555556,1332.5702777777778,True,4671.0599999999995,4260897.0,26.40464
fixed,video_workload,video-workload-qualification-p16,16,21099,1,score_aware_t2_v2,ef23ca69600918b92533,3600,3600,0,0,0.0,1386.338888888889,True,5023.089999999998,4343803.0,26.40416
fixed,video_workload,video-workload-qualification-p16,16,21099,1,distributional_shadow_t2,3c5b28d66076fcb5e164,3600,3600,0,0,0.0,1361.5097222222223,True,4045.079999999998,4470446.0,26.40416
fixed,video_workload,video-workload-qualification-p16,16,21100,1,str_mlo_nmaxinflights_1,78706dafe69b5250af17,3600,3532,68,68,0.01888888888888889,2854.339722222222,True,13158.76,6046872.0,26.38944
fixed,video_workload,video-workload-qualification-p16,16,21100,1,score_aware_t2_v2,946f764bbea2c105f165,3600,3497,103,103,0.02861111111111111,3410.616388888889,True,13571.44,7446058.0,26.3856
fixed,video_workload,video-workload-qualification-p16,16,21100,1,distributional_shadow_t2,8cd38246a52ada731431,3600,3478,122,122,0.03388888888888889,3502.0827777777777,True,13851.0,7414359.0,26.3864
fixed,video_workload,video-workload-qualification-p17,17,21101,1,str_mlo_nmaxinflights_1,781e153e638f4b576ba8,3600,3551,49,49,0.01361111111111111,3173.597222222222,True,12650.0,8048148.0,27.15184
fixed,video_workload,video-workload-qualification-p17,17,21101,1,score_aware_t2_v2,0c183c114b5e9d8308dc,3600,3582,18,18,0.005,2767.3030555555556,True,11304.66000000001,8232064.0,27.14928
fixed,video_workload,video-workload-qualification-p17,17,21101,1,distributional_shadow_t2,4ec3b164dc0560447eef,3600,3588,12,12,0.0033333333333333335,2736.903333333333,True,10904.280000000017,8304776.0,27.14832
fixed,video_workload,video-workload-qualification-p17,17,21102,1,str_mlo_nmaxinflights_1,3bbdf1ae928cf3811f78,3600,3434,166,166,0.04611111111111111,4345.0025,True,14613.44000000001,9735274.0,26.89984
fixed,video_workload,video-workload-qualification-p17,17,21102,1,score_aware_t2_v2,0b3dc2b9b29bbc2a98a5,3600,3265,335,335,0.09305555555555556,5759.237222222222,True,15334.32,12276714.0,26.892
fixed,video_workload,video-workload-qualification-p17,17,21102,1,distributional_shadow_t2,d8de8dc039475e202923,3600,3280,320,320,0.08888888888888889,5810.396111111111,True,15363.68,12177778.0,26.892
fixed,video_workload,video-workload-qualification-p17,17,21103,1,str_mlo_nmaxinflights_1,37816e9f94359799f28f,3600,3590,10,10,0.002777777777777778,2296.569722222222,True,9149.960000000005,7077336.0,26.924
fixed,video_workload,video-workload-qualification-p17,17,21103,1,score_aware_t2_v2,93cbe2277b240ab058f5,3600,3589,11,11,0.0030555555555555557,2406.0286111111113,True,9914.2,7663974.0,26.92208
fixed,video_workload,video-workload-qualification-p17,17,21103,1,distributional_shadow_t2,2e7388bd456702c37253,3600,3589,11,11,0.0030555555555555557,2403.536111111111,True,9916.959999999997,7580995.0,26.92208
fixed,video_workload,video-workload-qualification-p17,17,21104,1,str_mlo_nmaxinflights_1,b5cd049f178986555a45,3600,3408,192,192,0.05333333333333334,4960.9991666666665,True,14686.369999999999,10120993.0,25.99472
fixed,video_workload,video-workload-qualification-p17,17,21104,1,score_aware_t2_v2,deb9279bf0dad50deabd,3600,3302,298,298,0.08277777777777778,5437.558055555555,True,15275.949999999977,11248812.0,25.99136
fixed,video_workload,video-workload-qualification-p17,17,21104,1,distributional_shadow_t2,339ba85d0562827868ab,3600,3324,276,276,0.07666666666666666,5343.059444444444,True,14951.55,11409881.0,25.99136
fixed,video_workload,video-workload-qualification-p18,18,21105,1,str_mlo_nmaxinflights_1,95fc5e42b73bcc3f3344,1440,1418,22,22,0.015277777777777777,4542.248611111111,True,23469.93999999998,3730509.0,25.91616
fixed,video_workload,video-workload-qualification-p18,18,21105,1,score_aware_t2_v2,ab4ccaf21f0f834f97e6,1440,1438,2,2,0.001388888888888889,2599.536111111111,True,9991.519999999964,3423064.0,25.92096
fixed,video_workload,video-workload-qualification-p18,18,21105,1,distributional_shadow_t2,68dcd2758b28a18b1622,1440,1438,2,2,0.001388888888888889,2600.05,True,10427.18999999994,3865414.0,25.92096
fixed,video_workload,video-workload-qualification-p18,18,21106,1,str_mlo_nmaxinflights_1,19b3bb65b5a2068a18bf,1440,1420,20,20,0.013888888888888888,5715.038888888889,True,28509.799999999985,4253464.0,27.52048
fixed,video_workload,video-workload-qualification-p18,18,21106,1,score_aware_t2_v2,9ea3953e0c2592701471,1440,1419,21,21,0.014583333333333334,6242.445833333333,True,32573.859999999888,5142269.0,27.51904
fixed,video_workload,video-workload-qualification-p18,18,21106,1,distributional_shadow_t2,2a1ec77d151e3f34848a,1440,1425,15,15,0.010416666666666666,5900.101388888889,True,28713.64,5205182.0,27.5192
fixed,video_workload,video-workload-qualification-p18,18,21107,1,str_mlo_nmaxinflights_1,a8e5cebe2ad89b8a418f,1440,1435,5,5,0.003472222222222222,4906.279861111111,True,24749.50000000004,4163346.0,26.88192
fixed,video_workload,video-workload-qualification-p18,18,21107,1,score_aware_t2_v2,85ca9fe942fb08d52d68,1440,1435,5,5,0.003472222222222222,4859.518055555555,True,25465.400000000038,4789406.0,26.88
fixed,video_workload,video-workload-qualification-p18,18,21107,1,distributional_shadow_t2,fe063a09ca25508d9c3d,1440,1436,4,4,0.002777777777777778,4671.94375,True,24655.40000000002,4849203.0,26.88
fixed,video_workload,video-workload-qualification-p18,18,21108,1,str_mlo_nmaxinflights_1,1c6940821a79c0e33eb8,1440,1433,7,7,0.004861111111111111,3849.483333333333,True,20900.20000000002,3555296.0,27.11712
fixed,video_workload,video-workload-qualification-p18,18,21108,1,score_aware_t2_v2,9f9779fccec02bd60473,1440,1440,0,0,0.0,2486.9020833333334,True,10179.77999999998,3421383.0,27.11904
fixed,video_workload,video-workload-qualification-p18,18,21108,1,distributional_shadow_t2,21612466ddbc3f3fae4d,1440,1440,0,0,0.0,2484.592361111111,True,10166.909999999976,3730881.0,27.11904
fixed,video_workload,video-workload-qualification-p19,19,21109,1,str_mlo_nmaxinflights_1,cc8247f9b2d25e73528e,1800,1777,23,23,0.012777777777777779,4235.4783333333335,True,19824.68,4213177.0,26.1664
fixed,video_workload,video-workload-qualification-p19,19,21109,1,score_aware_t2_v2,d4d934eaa990c3e96482,1800,1784,16,16,0.008888888888888889,4693.033888888889,True,22980.310000000063,5266440.0,26.1608
fixed,video_workload,video-workload-qualification-p19,19,21109,1,distributional_shadow_t2,b7a72fd6cca189bdcbc3,1800,1781,19,19,0.010555555555555556,4648.59,True,21194.20000000002,5361398.0,26.16192
fixed,video_workload,video-workload-qualification-p19,19,21110,1,str_mlo_nmaxinflights_1,27d0fdf1805ea5bbdd96,1800,1798,2,2,0.0011111111111111111,2371.8555555555554,True,11826.989999999987,3130855.0,26.46544
fixed,video_workload,video-workload-qualification-p19,19,21110,1,score_aware_t2_v2,40048fdbcac537e4b8d5,1800,1800,0,0,0.0,1976.4027777777778,True,7944.53,2958738.0,26.46528
fixed,video_workload,video-workload-qualification-p19,19,21110,1,distributional_shadow_t2,25b93357b786d4500b01,1800,1800,0,0,0.0,1913.3111111111111,True,6000.5199999999995,3310242.0,26.46528
fixed,video_workload,video-workload-qualification-p19,19,21111,1,str_mlo_nmaxinflights_1,a53214a0b95b9347c167,1800,1776,24,24,0.013333333333333334,4671.0922222222225,True,23746.0,4458368.0,26.32288
fixed,video_workload,video-workload-qualification-p19,19,21111,1,score_aware_t2_v2,fabd7e4cc184679243f3,1800,1786,14,14,0.0077777777777777776,4721.666666666667,True,21006.850000000017,5284298.0,26.32288
fixed,video_workload,video-workload-qualification-p19,19,21111,1,distributional_shadow_t2,4168a86ee9cce73a21c3,1800,1791,9,9,0.005,4448.658333333334,True,19424.499999999967,5470120.0,26.32288
fixed,video_workload,video-workload-qualification-p19,19,21112,1,str_mlo_nmaxinflights_1,459b877103832821252f,1800,1787,13,13,0.007222222222222222,3518.83,True,18514.159999999974,3766393.0,26.42464
fixed,video_workload,video-workload-qualification-p19,19,21112,1,score_aware_t2_v2,22d6bcf73e0e168026ee,1800,1798,2,2,0.0011111111111111111,2413.192777777778,True,9976.669999999996,3343586.0,26.42544
fixed,video_workload,video-workload-qualification-p19,19,21112,1,distributional_shadow_t2,8507c1dd4f49f9ab771e,1800,1798,2,2,0.0011111111111111111,2369.4016666666666,True,8801.159999999998,3815841.0,26.42576
fixed,video_workload,video-workload-qualification-p20,20,21113,1,str_mlo_nmaxinflights_1,6ef4b1f33103135b06b8,2700,2659,41,41,0.015185185185185185,2968.5333333333333,True,14677.660000000013,4356828.0,27.10624
fixed,video_workload,video-workload-qualification-p20,20,21113,1,score_aware_t2_v2,cb13414866f2d660d95a,2700,2659,41,41,0.015185185185185185,3389.57,True,14128.260000000007,5614494.0,27.10736
fixed,video_workload,video-workload-qualification-p20,20,21113,1,distributional_shadow_t2,2d23002e750eed44115e,2700,2632,68,68,0.025185185185185185,3627.202222222222,True,15531.360000000019,5602393.0,27.10736
fixed,video_workload,video-workload-qualification-p20,20,21114,1,str_mlo_nmaxinflights_1,e89d1e7a5798c1bb38c1,2700,2696,4,4,0.0014814814814814814,1610.2407407407406,True,9012.150000000032,3211809.0,26.10704
fixed,video_workload,video-workload-qualification-p20,20,21114,1,score_aware_t2_v2,98f0eee75681faa776ec,2700,2699,1,1,0.00037037037037037035,1333.6751851851852,True,4717.48,3027281.0,26.1048
fixed,video_workload,video-workload-qualification-p20,20,21114,1,distributional_shadow_t2,c5ea70ace2af4fd7fc31,2700,2700,0,0,0.0,1298.42,True,3850.0099999999998,3202838.0,26.1048
fixed,video_workload,video-workload-qualification-p20,20,21115,1,str_mlo_nmaxinflights_1,1ed29e612255c4129b0b,2700,2662,38,38,0.014074074074074074,3015.1685185185183,True,14927.409999999998,4358800.0,26.30848
fixed,video_workload,video-workload-qualification-p20,20,21115,1,score_aware_t2_v2,e8b53787d325f473c0f5,2700,2691,9,9,0.0033333333333333335,2607.8996296296295,True,13240.199999999993,4802044.0,26.30592
fixed,video_workload,video-workload-qualification-p20,20,21115,1,distributional_shadow_t2,4370eb76d40af1df5ed0,2700,2693,7,7,0.0025925925925925925,2541.282222222222,True,12077.119999999977,5039504.0,26.30848
fixed,video_workload,video-workload-qualification-p20,20,21116,1,str_mlo_nmaxinflights_1,ede98ee61b77989af073,2700,2699,1,1,0.00037037037037037035,1736.6485185185186,True,9592.0,3445644.0,26.31536
fixed,video_workload,video-workload-qualification-p20,20,21116,1,score_aware_t2_v2,fac32b0393049d5701ab,2700,2698,2,2,0.0007407407407407407,1909.7866666666666,True,8723.640000000018,3927237.0,26.3144
fixed,video_workload,video-workload-qualification-p20,20,21116,1,distributional_shadow_t2,dc2fea429797d34b6cbc,2700,2697,3,3,0.0011111111111111111,1849.451111111111,True,8019.239999999999,4046126.0,26.31376
fixed,video_workload,video-workload-qualification-p21,21,21117,1,str_mlo_nmaxinflights_1,968a67e0b2c16bfe83d0,1800,1784,16,16,0.008888888888888889,3243.335,True,17906.140000000003,3382898.0,26.27136
fixed,video_workload,video-workload-qualification-p21,21,21117,1,score_aware_t2_v2,64c0445840e894f1f482,1800,1792,8,8,0.0044444444444444444,3495.8605555555555,True,19495.599999999995,4337290.0,26.27248
fixed,video_workload,video-workload-qualification-p21,21,21117,1,distributional_shadow_t2,02cc040f45311b5b8e64,1800,1792,8,8,0.0044444444444444444,3453.9616666666666,True,18868.019999999964,4370884.0,26.27248
fixed,video_workload,video-workload-qualification-p21,21,21118,1,str_mlo_nmaxinflights_1,6d678099338354a0c559,1800,1791,9,9,0.005,3796.9794444444447,True,21870.199999999986,3682023.0,26.42272
fixed,video_workload,video-workload-qualification-p21,21,21118,1,score_aware_t2_v2,5c5de6a5f56621fe6a5d,1800,1792,8,8,0.0044444444444444444,3867.6016666666665,True,18588.049999999977,4425319.0,26.42448
fixed,video_workload,video-workload-qualification-p21,21,21118,1,distributional_shadow_t2,96df3af072aeca95e70d,1800,1792,8,8,0.0044444444444444444,3784.9205555555554,True,18200.259999999966,4515165.0,26.42352
fixed,video_workload,video-workload-qualification-p21,21,21119,1,str_mlo_nmaxinflights_1,fb61ae90a14bff6903dd,1800,1799,1,1,0.0005555555555555556,2461.068888888889,True,15334.479999999998,2835391.0,27.14608
fixed,video_workload,video-workload-qualification-p21,21,21119,1,score_aware_t2_v2,165c390e28b9b31237fe,1800,1800,0,0,0.0,1753.2155555555555,True,7536.41,2510818.0,27.13904
fixed,video_workload,video-workload-qualification-p21,21,21119,1,distributional_shadow_t2,7385c736ead8bfe39f04,1800,1800,0,0,0.0,1688.8716666666667,True,5583.58,2878106.0,27.13888
fixed,video_workload,video-workload-qualification-p21,21,21120,1,str_mlo_nmaxinflights_1,bcee7e981479b7ce948b,1800,1791,9,9,0.005,3256.116111111111,True,18510.699999999975,3418790.0,26.61904
fixed,video_workload,video-workload-qualification-p21,21,21120,1,score_aware_t2_v2,913c660ff8451aa829b2,1800,1787,13,13,0.007222222222222222,3686.596666666667,True,16418.039999999997,4500826.0,26.62
fixed,video_workload,video-workload-qualification-p21,21,21120,1,distributional_shadow_t2,0ad730a96e4f074a626f,1800,1789,11,11,0.006111111111111111,3715.3161111111112,True,16645.239999999925,4465890.0,26.62064
fixed,video_workload,video-workload-qualification-p22,22,21121,1,str_mlo_nmaxinflights_1,1f4459a955ebdb57adf8,2700,2692,8,8,0.002962962962962963,2647.317037037037,True,11598.370000000028,5291479.0,27.50864
fixed,video_workload,video-workload-qualification-p22,22,21121,1,score_aware_t2_v2,c18df0fc76953cf6ff89,2700,2694,6,6,0.0022222222222222222,2779.7966666666666,True,10451.560000000001,6016119.0,27.50912
fixed,video_workload,video-workload-qualification-p22,22,21121,1,distributional_shadow_t2,2b864ad55d56ac204460,2700,2694,6,6,0.0022222222222222222,2817.3722222222223,True,11140.740000000013,6022553.0,27.508
fixed,video_workload,video-workload-qualification-p22,22,21122,1,str_mlo_nmaxinflights_1,f761cfa8c80c405e02cb,2700,2639,61,61,0.02259259259259259,4512.572222222222,True,18741.399999999987,6760305.0,26.21856
fixed,video_workload,video-workload-qualification-p22,22,21122,1,score_aware_t2_v2,449cd223b9b98a8c8307,2700,2632,68,68,0.025185185185185185,4840.012962962963,True,17163.07,7818495.0,26.21136
fixed,video_workload,video-workload-qualification-p22,22,21122,1,distributional_shadow_t2,5fbfaedc1e3510b609ef,2700,2638,62,62,0.022962962962962963,4819.360740740741,True,17717.45,7934410.0,26.2128
fixed,video_workload,video-workload-qualification-p22,22,21123,1,str_mlo_nmaxinflights_1,c8284cbfbc2f632a74dc,2700,2700,0,0,0.0,1855.8114814814815,True,6016.109999999997,4532032.0,26.47296
fixed,video_workload,video-workload-qualification-p22,22,21123,1,score_aware_t2_v2,529ca0aa67084b0f3998,2700,2692,8,8,0.002962962962962963,2079.6666666666665,True,7141.590000000007,4756142.0,26.47344
fixed,video_workload,video-workload-qualification-p22,22,21123,1,distributional_shadow_t2,115e57d9c2a6493adf5c,2700,2692,8,8,0.002962962962962963,2037.7840740740742,True,6226.330000000005,4997674.0,26.4728
fixed,video_workload,video-workload-qualification-p22,22,21124,1,str_mlo_nmaxinflights_1,2fea14997a623febc6e0,2700,2621,79,79,0.02925925925925926,4111.007037037037,True,18185.600000000006,6448557.0,26.98544
fixed,video_workload,video-workload-qualification-p22,22,21124,1,score_aware_t2_v2,c0a43ba0daa847b14f92,2700,2541,159,159,0.058888888888888886,5683.992592592593,True,20075.799999999996,8522539.0,26.98528
fixed,video_workload,video-workload-qualification-p22,22,21124,1,distributional_shadow_t2,0e4222d203f15851f52f,2700,2512,188,188,0.06962962962962962,5929.480740740741,True,19952.659999999985,8429446.0,26.98528
fixed,video_workload,video-workload-qualification-p23,23,21125,1,str_mlo_nmaxinflights_1,d5c14062a50cb44dca8e,1440,1437,3,3,0.0020833333333333333,1559.13125,True,8080.520000000004,1479728.0,26.63984
fixed,video_workload,video-workload-qualification-p23,23,21125,1,score_aware_t2_v2,e9c9fb8cf484f81abd4f,1440,1440,0,0,0.0,1408.5076388888888,True,6622.249999999997,1455513.0,26.64
fixed,video_workload,video-workload-qualification-p23,23,21125,1,distributional_shadow_t2,b12c3414426b5463a6e0,1440,1440,0,0,0.0,1363.629861111111,True,6148.689999999997,1536403.0,26.63936
fixed,video_workload,video-workload-qualification-p23,23,21126,1,str_mlo_nmaxinflights_1,e5476dde6e0fe8bf0f29,1440,1435,5,5,0.003472222222222222,2095.961111111111,True,14593.640000000061,1758007.0,25.8384
fixed,video_workload,video-workload-qualification-p23,23,21126,1,score_aware_t2_v2,2a7b127257e6428a0fdc,1440,1431,9,9,0.00625,2595.570138888889,True,14784.2,2369494.0,25.83424
fixed,video_workload,video-workload-qualification-p23,23,21126,1,distributional_shadow_t2,e9316c3bd223440f73ca,1440,1438,2,2,0.001388888888888889,2104.329166666667,True,9799.359999999968,2519726.0,25.83376
fixed,video_workload,video-workload-qualification-p23,23,21127,1,str_mlo_nmaxinflights_1,d0e8018c888dd74f3f23,1440,1435,5,5,0.003472222222222222,2193.233333333333,True,15930.040000000048,1766506.0,27.39648
fixed,video_workload,video-workload-qualification-p23,23,21127,1,score_aware_t2_v2,9dfa50b2ec2ca65abcc6,1440,1435,5,5,0.003472222222222222,2645.9506944444443,True,14396.060000000052,2397260.0,27.39424
fixed,video_workload,video-workload-qualification-p23,23,21127,1,distributional_shadow_t2,adb27b6009c2bcb040c6,1440,1439,1,1,0.0006944444444444445,2185.238888888889,True,10434.959999999983,2548518.0,27.39424
fixed,video_workload,video-workload-qualification-p23,23,21128,1,str_mlo_nmaxinflights_1,d46e5d2137ea4139523a,1440,1438,2,2,0.001388888888888889,1737.5430555555556,True,12047.409999999953,1512463.0,26.07632
fixed,video_workload,video-workload-qualification-p23,23,21128,1,score_aware_t2_v2,af459224f053fe1394d8,1440,1440,0,0,0.0,1160.0770833333333,True,4561.949999999991,1325280.0,26.07792
fixed,video_workload,video-workload-qualification-p23,23,21128,1,distributional_shadow_t2,52bb575685bfabc9726f,1440,1440,0,0,0.0,1109.8,True,3953.3499999999967,1414152.0,26.07856
fixed,legacy_coexistence,legacy-coexistence-qualification-p16,16,21129,1,str_mlo_nmaxinflights_1,ae82cc3daa9020cc85a8,1800,1718,82,82,0.04555555555555556,7373.1177777777775,True,28703.519999999997,5905180.0,26.74816
fixed,legacy_coexistence,legacy-coexistence-qualification-p16,16,21129,1,score_aware_t2_v2,13c446affac42dbd4446,1800,1725,75,75,0.041666666666666664,6655.372222222222,True,28650.519999999997,5734110.0,26.74752
fixed,legacy_coexistence,legacy-coexistence-qualification-p16,16,21129,1,distributional_shadow_t2,170be359dbca41acf18e,1800,1742,58,58,0.03222222222222222,6314.990555555555,True,27129.069999999985,6110536.0,26.74752
fixed,legacy_coexistence,legacy-coexistence-qualification-p16,16,21130,1,str_mlo_nmaxinflights_1,c909d17f7ff697d8cf6c,1800,1787,13,13,0.007222222222222222,4057.6388888888887,True,19082.199999999903,4283465.0,26.35408
fixed,legacy_coexistence,legacy-coexistence-qualification-p16,16,21130,1,score_aware_t2_v2,dddcb2dbd56818c6a0fb,1800,1789,11,11,0.006111111111111111,3805.798333333333,True,18669.639999999985,4645438.0,26.35248
fixed,legacy_coexistence,legacy-coexistence-qualification-p16,16,21130,1,distributional_shadow_t2,73f2af162965a452f574,1800,1793,7,7,0.0038888888888888888,3725.063888888889,True,18913.43999999994,4725229.0,26.35248
fixed,legacy_coexistence,legacy-coexistence-qualification-p16,16,21131,1,str_mlo_nmaxinflights_1,f839afa9764de925ef88,1800,1734,66,66,0.03666666666666667,6651.416111111111,True,29151.04,5412389.0,26.33856
fixed,legacy_coexistence,legacy-coexistence-qualification-p16,16,21131,1,score_aware_t2_v2,9817ccb78bdeb56f8e5e,1800,1663,137,137,0.07611111111111112,8877.351666666667,True,31266.799999999937,6795107.0,26.33536
fixed,legacy_coexistence,legacy-coexistence-qualification-p16,16,21131,1,distributional_shadow_t2,80598a8b3576d5ed627f,1800,1683,117,117,0.065,8388.293333333333,True,31001.40000000001,6854509.0,26.33488
fixed,legacy_coexistence,legacy-coexistence-qualification-p16,16,21132,1,str_mlo_nmaxinflights_1,0a42aafd58cca2ff3e6a,1800,1756,44,44,0.024444444444444446,4930.607777777778,True,26971.450000000004,4608620.0,26.82624
fixed,legacy_coexistence,legacy-coexistence-qualification-p16,16,21132,1,score_aware_t2_v2,2835bf40e9093740b292,1800,1795,5,5,0.002777777777777778,3032.5994444444445,True,19225.039999999997,3958777.0,26.824
fixed,legacy_coexistence,legacy-coexistence-qualification-p16,16,21132,1,distributional_shadow_t2,3c496f6896a4eef92ca7,1800,1793,7,7,0.0038888888888888888,3072.9066666666668,True,18638.839999999946,3999266.0,26.824
fixed,legacy_coexistence,legacy-coexistence-qualification-p17,17,21133,1,str_mlo_nmaxinflights_1,c41a443f6a04277d5e8d,1800,1280,520,520,0.28888888888888886,15052.855,True,31762.880000000005,6108052.0,26.97504
fixed,legacy_coexistence,legacy-coexistence-qualification-p17,17,21133,1,score_aware_t2_v2,e06c6913cb8a851044f9,1800,659,1141,1141,0.6338888888888888,25350.213333333333,True,32700.759999999995,7752045.0,26.95952
fixed,legacy_coexistence,legacy-coexistence-qualification-p17,17,21133,1,distributional_shadow_t2,da65f24edc963d8153c7,1800,695,1105,1105,0.6138888888888889,24921.34833333333,True,32543.91999999999,7907126.0,26.95808
fixed,legacy_coexistence,legacy-coexistence-qualification-p17,17,21134,1,str_mlo_nmaxinflights_1,fac152b6c676f6d59a8b,1800,1484,316,316,0.17555555555555555,11532.193333333333,True,30320.89000000001,5337960.0,26.65712
fixed,legacy_coexistence,legacy-coexistence-qualification-p17,17,21134,1,score_aware_t2_v2,88992e9d04cc5fa564c5,1800,1425,375,375,0.20833333333333334,13781.330555555556,True,31960.52,5721226.0,26.5968
fixed,legacy_coexistence,legacy-coexistence-qualification-p17,17,21134,1,distributional_shadow_t2,2986715fe0eb5d1f7fb5,1800,1458,342,342,0.19,13438.962777777779,True,32089.52000000001,5933894.0,26.59696
fixed,legacy_coexistence,legacy-coexistence-qualification-p17,17,21135,1,str_mlo_nmaxinflights_1,3c1974ca0f64ca997349,1800,1307,493,493,0.2738888888888889,14788.86611111111,True,31470.400000000005,6116091.0,26.19152
fixed,legacy_coexistence,legacy-coexistence-qualification-p17,17,21135,1,score_aware_t2_v2,e1d2f0bcb15ee8ca815f,1800,916,884,884,0.4911111111111111,21620.987222222222,True,32702.350000000006,7337508.0,26.15104
fixed,legacy_coexistence,legacy-coexistence-qualification-p17,17,21135,1,distributional_shadow_t2,a4fc4e6332751b0cb3c6,1800,924,876,876,0.4866666666666667,21500.731666666667,True,32298.92,7540054.0,26.1496
fixed,legacy_coexistence,legacy-coexistence-qualification-p17,17,21136,1,str_mlo_nmaxinflights_1,3dacd969c8dfa4978676,1800,952,848,848,0.4711111111111111,20484.50888888889,True,32145.350000000002,7491421.0,27.7848
fixed,legacy_coexistence,legacy-coexistence-qualification-p17,17,21136,1,score_aware_t2_v2,f5ee97bdaaa85eb0bd51,1800,788,1012,1012,0.5622222222222222,24076.533888888887,True,32895.51,7307596.0,27.72992
fixed,legacy_coexistence,legacy-coexistence-qualification-p17,17,21136,1,distributional_shadow_t2,e0a5e2c9bb93dc97ab72,1800,806,994,994,0.5522222222222222,23889.970555555556,True,32937.950000000004,7725310.0,27.73344
fixed,legacy_coexistence,legacy-coexistence-qualification-p18,18,21137,1,str_mlo_nmaxinflights_1,9ac233298f8e8a1f5733,1800,1600,200,200,0.1111111111111111,9378.371111111112,True,30321.809999999998,5359479.0,27.6792
fixed,legacy_coexistence,legacy-coexistence-qualification-p18,18,21137,1,score_aware_t2_v2,debdeea000a265fb2bcc,1800,1341,459,459,0.255,15791.54,True,32015.59999999999,7466744.0,27.68112
fixed,legacy_coexistence,legacy-coexistence-qualification-p18,18,21137,1,distributional_shadow_t2,5f3559fef605773819c3,1800,1343,457,457,0.2538888888888889,15920.025555555556,True,32060.82,7504417.0,27.68544
fixed,legacy_coexistence,legacy-coexistence-qualification-p18,18,21138,1,str_mlo_nmaxinflights_1,84405006f27e1dbdba61,1800,1594,206,206,0.11444444444444445,9430.883333333333,True,29979.149999999965,5509512.0,25.60048
fixed,legacy_coexistence,legacy-coexistence-qualification-p18,18,21138,1,score_aware_t2_v2,ad74fd3667a913991472,1800,1282,518,518,0.2877777777777778,16571.516111111112,True,32056.32,7607792.0,25.59072
fixed,legacy_coexistence,legacy-coexistence-qualification-p18,18,21138,1,distributional_shadow_t2,752ce00f2b60c05f080e,1800,1285,515,515,0.2861111111111111,16558.124444444446,True,31868.84000000001,7676965.0,25.59472
fixed,legacy_coexistence,legacy-coexistence-qualification-p18,18,21139,1,str_mlo_nmaxinflights_1,9a7fec8e3dbc9ac258df,1800,1539,261,261,0.145,10940.351111111111,True,30986.15999999999,5735444.0,26.02192
fixed,legacy_coexistence,legacy-coexistence-qualification-p18,18,21139,1,score_aware_t2_v2,1ff83889b9f07b0d4e23,1800,1453,347,347,0.19277777777777777,13223.800555555556,True,31884.680000000008,6178917.0,26.01984
fixed,legacy_coexistence,legacy-coexistence-qualification-p18,18,21139,1,distributional_shadow_t2,563b8a153b0b96ff6684,1800,1460,340,340,0.18888888888888888,13122.078333333333,True,31867.180000000022,6432435.0,26.01792
fixed,legacy_coexistence,legacy-coexistence-qualification-p18,18,21140,1,str_mlo_nmaxinflights_1,736641938fc8b8b045b5,1800,1525,275,275,0.1527777777777778,10370.714444444444,True,30955.68,5592798.0,26.87904
fixed,legacy_coexistence,legacy-coexistence-qualification-p18,18,21140,1,score_aware_t2_v2,4b396ffab7dcf38ac2f0,1800,1110,690,690,0.38333333333333336,18596.294444444444,True,31655.74000000001,8228103.0,26.85376
fixed,legacy_coexistence,legacy-coexistence-qualification-p18,18,21140,1,distributional_shadow_t2,78690729f8d717faba02,1800,1121,679,679,0.37722222222222224,18398.65166666667,True,31643.59999999999,8186190.0,26.852
fixed,legacy_coexistence,legacy-coexistence-qualification-p19,19,21141,1,str_mlo_nmaxinflights_1,5668924c5adfbdc36a36,1800,1767,33,33,0.018333333333333333,4172.213333333333,True,24405.55999999999,3985390.0,26.82832
fixed,legacy_coexistence,legacy-coexistence-qualification-p19,19,21141,1,score_aware_t2_v2,9beddc326e44bcaed4b1,1800,1774,26,26,0.014444444444444444,4714.056111111111,True,24880.949999999997,4794638.0,22.93024
fixed,legacy_coexistence,legacy-coexistence-qualification-p19,19,21141,1,distributional_shadow_t2,952558202c5b2df25b57,1800,1785,15,15,0.008333333333333333,4576.850555555556,True,23812.840000000047,4808341.0,22.92976
fixed,legacy_coexistence,legacy-coexistence-qualification-p19,19,21142,1,str_mlo_nmaxinflights_1,ceecb2452504984f5e65,1800,1633,167,167,0.09277777777777778,8398.932777777778,True,30309.480000000003,5323596.0,25.49024
fixed,legacy_coexistence,legacy-coexistence-qualification-p19,19,21142,1,score_aware_t2_v2,ac6ebd77032697b07141,1800,1267,533,533,0.2961111111111111,15958.176666666666,True,32337.959999999995,7537048.0,25.48384
fixed,legacy_coexistence,legacy-coexistence-qualification-p19,19,21142,1,distributional_shadow_t2,2e135ce66993b0909e87,1800,1269,531,531,0.295,15908.71,True,31851.719999999987,7543368.0,25.48176
fixed,legacy_coexistence,legacy-coexistence-qualification-p19,19,21143,1,str_mlo_nmaxinflights_1,206b4623d0214010f4f8,1800,1679,121,121,0.06722222222222222,7093.912777777778,True,30859.600000000006,4807880.0,26.4584
fixed,legacy_coexistence,legacy-coexistence-qualification-p19,19,21143,1,score_aware_t2_v2,bfaa887226670605dfff,1800,1776,24,24,0.013333333333333334,5059.723888888889,True,26726.75,4687854.0,26.44832
fixed,legacy_coexistence,legacy-coexistence-qualification-p19,19,21143,1,distributional_shadow_t2,93536f4ce0aea9ea9fa0,1800,1774,26,26,0.014444444444444444,5001.860555555556,True,25948.339999999997,4933253.0,26.44976
fixed,legacy_coexistence,legacy-coexistence-qualification-p19,19,21144,1,str_mlo_nmaxinflights_1,9b88cf6d80cb24b05181,1800,1677,123,123,0.06833333333333333,6887.982777777778,True,28931.4,4771764.0,27.18592
fixed,legacy_coexistence,legacy-coexistence-qualification-p19,19,21144,1,score_aware_t2_v2,e92047d82909277248aa,1800,1487,313,313,0.1738888888888889,12191.638888888889,True,31227.420000000016,7053667.0,27.18256
fixed,legacy_coexistence,legacy-coexistence-qualification-p19,19,21144,1,distributional_shadow_t2,ebd3a1fc57a124a392f6,1800,1486,314,314,0.17444444444444446,12324.95388888889,True,31382.750000000004,7017242.0,27.18272
fixed,legacy_coexistence,legacy-coexistence-qualification-p20,20,21145,1,str_mlo_nmaxinflights_1,7e61429a5759124a6e01,1800,1751,49,49,0.02722222222222222,4093.462777777778,True,24116.0,3877993.0,27.17936
fixed,legacy_coexistence,legacy-coexistence-qualification-p20,20,21145,1,score_aware_t2_v2,4133f207c909ae10aaf8,1800,1675,125,125,0.06944444444444445,7460.136111111111,True,28746.6,5636968.0,27.18224
fixed,legacy_coexistence,legacy-coexistence-qualification-p20,20,21145,1,distributional_shadow_t2,9bac9a2f5aa5493bb004,1800,1679,121,121,0.06722222222222222,7531.102777777778,True,29058.000000000007,5560284.0,27.18288
fixed,legacy_coexistence,legacy-coexistence-qualification-p20,20,21146,1,str_mlo_nmaxinflights_1,e9f63c6fef043c84a7e8,1800,1697,103,103,0.05722222222222222,7013.081111111111,True,27748.76,5165004.0,26.79344
fixed,legacy_coexistence,legacy-coexistence-qualification-p20,20,21146,1,score_aware_t2_v2,fd34523b39e951a49154,1800,1487,313,313,0.1738888888888889,11963.308888888889,True,30579.660000000003,6920110.0,26.77552
fixed,legacy_coexistence,legacy-coexistence-qualification-p20,20,21146,1,distributional_shadow_t2,94573abfe16b3638648d,1800,1492,308,308,0.1711111111111111,12107.3,True,30756.639999999963,7057456.0,26.77264
fixed,legacy_coexistence,legacy-coexistence-qualification-p20,20,21147,1,str_mlo_nmaxinflights_1,d97355f231cdc104ca47,1800,1756,44,44,0.024444444444444446,4460.827777777778,True,25612.100000000017,4136589.0,27.09536
fixed,legacy_coexistence,legacy-coexistence-qualification-p20,20,21147,1,score_aware_t2_v2,2d7cb4378f185843ac2d,1800,1627,173,173,0.0961111111111111,8535.20611111111,True,28776.4,6323040.0,27.0984
fixed,legacy_coexistence,legacy-coexistence-qualification-p20,20,21147,1,distributional_shadow_t2,79f9190e7f4f7b40ab9a,1800,1624,176,176,0.09777777777777778,8906.886111111111,True,30102.66999999999,6215637.0,27.0984
fixed,legacy_coexistence,legacy-coexistence-qualification-p20,20,21148,1,str_mlo_nmaxinflights_1,ecc3c62a376fc49955dc,1800,1796,4,4,0.0022222222222222222,2518.161666666667,True,13605.699999999968,3449242.0,25.71536
fixed,legacy_coexistence,legacy-coexistence-qualification-p20,20,21148,1,score_aware_t2_v2,db98ff67f6fa90e39a70,1800,1788,12,12,0.006666666666666667,3514.5338888888887,True,20070.85999999994,4234357.0,25.71632
fixed,legacy_coexistence,legacy-coexistence-qualification-p20,20,21148,1,distributional_shadow_t2,189e7e8d3529343e9bbe,1800,1792,8,8,0.0044444444444444444,3365.6227777777776,True,17685.14999999994,4252433.0,25.71632
fixed,legacy_coexistence,legacy-coexistence-qualification-p21,21,21149,1,str_mlo_nmaxinflights_1,52682fe29c6f6f796f62,1800,1572,228,228,0.12666666666666668,9394.573888888888,True,30127.209999999992,5220106.0,26.60048
fixed,legacy_coexistence,legacy-coexistence-qualification-p21,21,21149,1,score_aware_t2_v2,c8cefa041cae143fa49d,1800,1122,678,678,0.37666666666666665,18508.719444444443,True,32727.549999999992,7797586.0,26.58016
fixed,legacy_coexistence,legacy-coexistence-qualification-p21,21,21149,1,distributional_shadow_t2,a466a539209eacb2a1df,1800,1123,677,677,0.3761111111111111,18594.422777777778,True,32751.079999999998,7834344.0,26.572
fixed,legacy_coexistence,legacy-coexistence-qualification-p21,21,21150,1,str_mlo_nmaxinflights_1,9fd4cc2ebf1ccaeee7ef,1800,1557,243,243,0.135,10733.94611111111,True,31384.440000000002,5661878.0,26.86256
fixed,legacy_coexistence,legacy-coexistence-qualification-p21,21,21150,1,score_aware_t2_v2,14ae01ddb189cb6c661c,1800,1361,439,439,0.24388888888888888,14453.879444444445,True,31607.600000000006,6476573.0,26.84512
fixed,legacy_coexistence,legacy-coexistence-qualification-p21,21,21150,1,distributional_shadow_t2,aea15b15510d28d44573,1800,1381,419,419,0.23277777777777778,14133.593888888889,True,31420.600000000006,6783297.0,26.84032
fixed,legacy_coexistence,legacy-coexistence-qualification-p21,21,21151,1,str_mlo_nmaxinflights_1,82710012b74a8e3bb098,1800,1570,230,230,0.12777777777777777,8480.441666666668,True,29577.03999999999,4723995.0,27.42016
fixed,legacy_coexistence,legacy-coexistence-qualification-p21,21,21151,1,score_aware_t2_v2,9ba76da8d948bb9d60ad,1800,1079,721,721,0.40055555555555555,19377.17,True,32140.840000000004,7835208.0,27.39216
fixed,legacy_coexistence,legacy-coexistence-qualification-p21,21,21151,1,distributional_shadow_t2,cdc62fae2b9d84989419,1800,1077,723,723,0.40166666666666667,19536.46,True,32137.72,7799673.0,27.39296
fixed,legacy_coexistence,legacy-coexistence-qualification-p21,21,21152,1,str_mlo_nmaxinflights_1,1f28480ddd5cb1fa271b,1800,1737,63,63,0.035,5105.206666666667,True,27056.999999999967,4081136.0,26.72208
fixed,legacy_coexistence,legacy-coexistence-qualification-p21,21,21152,1,score_aware_t2_v2,492167e71552b439435b,1800,1683,117,117,0.065,8117.826666666667,True,30765.660000000014,5283784.0,26.7144
fixed,legacy_coexistence,legacy-coexistence-qualification-p21,21,21152,1,distributional_shadow_t2,7b1283107597c6680132,1800,1681,119,119,0.0661111111111111,8190.2,True,30617.200000000004,5267051.0,26.72352
fixed,legacy_coexistence,legacy-coexistence-qualification-p22,22,21153,1,str_mlo_nmaxinflights_1,3d2491fb46e927e38d94,1800,120,1680,1680,0.9333333333333333,32133.22,True,32660.620000000003,8769388.0,25.68016
fixed,legacy_coexistence,legacy-coexistence-qualification-p22,22,21153,1,score_aware_t2_v2,e4ccdec53d9f3a7dde35,1800,130,1670,1670,0.9277777777777778,32087.937777777777,True,31926.32,6325280.0,25.64272
fixed,legacy_coexistence,legacy-coexistence-qualification-p22,22,21153,1,distributional_shadow_t2,d6d8d4f06894e42e97a3,1800,138,1662,1662,0.9233333333333333,32015.795,True,32032.4,6648417.0,25.65504
fixed,legacy_coexistence,legacy-coexistence-qualification-p22,22,21154,1,str_mlo_nmaxinflights_1,bf8f8fb38e527b8d305d,1800,338,1462,1462,0.8122222222222222,29434.259444444444,True,32111.28,7160891.0,26.2336
fixed,legacy_coexistence,legacy-coexistence-qualification-p22,22,21154,1,score_aware_t2_v2,d1a728fa95139e801b0a,1800,282,1518,1518,0.8433333333333334,30484.71111111111,True,32744.629999999997,5518968.0,25.48864
fixed,legacy_coexistence,legacy-coexistence-qualification-p22,22,21154,1,distributional_shadow_t2,73024e1f46b344e58278,1800,303,1497,1497,0.8316666666666667,30277.268333333333,True,32679.4,5763750.0,25.46096
fixed,legacy_coexistence,legacy-coexistence-qualification-p22,22,21155,1,str_mlo_nmaxinflights_1,deafb3bd6b4412cc0301,1800,250,1550,1550,0.8611111111111112,30430.738333333335,True,32347.759999999995,7932437.0,26.57024
fixed,legacy_coexistence,legacy-coexistence-qualification-p22,22,21155,1,score_aware_t2_v2,141e9b19e7cbb5490ea0,1800,156,1644,1644,0.9133333333333333,31787.71888888889,True,31956.349999999995,7424220.0,26.51904
fixed,legacy_coexistence,legacy-coexistence-qualification-p22,22,21155,1,distributional_shadow_t2,e18e314b859e4458ad46,1800,157,1643,1643,0.9127777777777778,31791.342777777776,True,32304.68,7631622.0,26.496
fixed,legacy_coexistence,legacy-coexistence-qualification-p22,22,21156,1,str_mlo_nmaxinflights_1,6e1ef4ba5a4a3892ec22,1800,193,1607,1607,0.8927777777777778,31370.906666666666,True,33267.2,8415755.0,26.36784
fixed,legacy_coexistence,legacy-coexistence-qualification-p22,22,21156,1,score_aware_t2_v2,1905a38aabb89b5ca651,1800,193,1607,1607,0.8927777777777778,31567.687222222223,True,33173.4,6815131.0,26.44032
fixed,legacy_coexistence,legacy-coexistence-qualification-p22,22,21156,1,distributional_shadow_t2,57b1ec324719757106c5,1800,195,1605,1605,0.8916666666666667,31580.431111111113,True,33235.78,7298403.0,26.3936
fixed,legacy_coexistence,legacy-coexistence-qualification-p23,23,21157,1,str_mlo_nmaxinflights_1,d4675b5016ed3270151e,1800,1619,181,181,0.10055555555555555,9538.350555555555,True,30321.579999999994,6226840.0,26.44928
fixed,legacy_coexistence,legacy-coexistence-qualification-p23,23,21157,1,score_aware_t2_v2,476ebc190353c94da114,1800,1645,155,155,0.08611111111111111,9140.619444444445,True,29829.96,6254704.0,26.4448
fixed,legacy_coexistence,legacy-coexistence-qualification-p23,23,21157,1,distributional_shadow_t2,bc07a44c4ff47dfffbea,1800,1661,139,139,0.07722222222222222,8840.539444444445,True,30260.600000000002,6570091.0,26.4448
fixed,legacy_coexistence,legacy-coexistence-qualification-p23,23,21158,1,str_mlo_nmaxinflights_1,7cdf2c13f34bbbe1e0b5,1800,1744,56,56,0.03111111111111111,5751.292222222222,True,26581.29999999999,4806156.0,27.13376
fixed,legacy_coexistence,legacy-coexistence-qualification-p23,23,21158,1,score_aware_t2_v2,502efbea3a24374228ad,1800,1646,154,154,0.08555555555555555,8634.906666666666,True,30270.54999999998,6232022.0,27.12464
fixed,legacy_coexistence,legacy-coexistence-qualification-p23,23,21158,1,distributional_shadow_t2,67d28c7e3ba8dbe215b0,1800,1670,130,130,0.07222222222222222,8245.845,True,30013.989999999965,6269852.0,27.12432
fixed,legacy_coexistence,legacy-coexistence-qualification-p23,23,21159,1,str_mlo_nmaxinflights_1,115cb8324c861fe828a3,1800,1752,48,48,0.02666666666666667,5313.55,True,25460.910000000003,4638475.0,27.6096
fixed,legacy_coexistence,legacy-coexistence-qualification-p23,23,21159,1,score_aware_t2_v2,74164fb5dbc1abafa582,1800,1690,110,110,0.06111111111111111,7650.524444444444,True,28868.419999999976,5721648.0,27.59808
fixed,legacy_coexistence,legacy-coexistence-qualification-p23,23,21159,1,distributional_shadow_t2,594a70673b42c18fbe89,1800,1687,113,113,0.06277777777777778,7617.582777777778,True,28895.37999999995,5748430.0,27.59328
fixed,legacy_coexistence,legacy-coexistence-qualification-p23,23,21160,1,str_mlo_nmaxinflights_1,eb4f3a45fa73dd4389ae,1800,1675,125,125,0.06944444444444445,7790.068888888889,True,29253.84,5633402.0,26.00816
fixed,legacy_coexistence,legacy-coexistence-qualification-p23,23,21160,1,score_aware_t2_v2,749e52b545d1ee031e82,1800,1585,215,215,0.11944444444444445,10319.353333333333,True,30280.240000000005,6739509.0,26.0024
fixed,legacy_coexistence,legacy-coexistence-qualification-p23,23,21160,1,distributional_shadow_t2,67ac97cbea7e11e5dbfd,1800,1601,199,199,0.11055555555555556,10082.313333333334,True,30344.0,6976488.0,26.0024
fixed,compound_shift,compound-shift-qualification-p16,16,21161,1,str_mlo_nmaxinflights_1,f1ab4aadf1d7eb0abaab,1440,1074,366,366,0.25416666666666665,16442.672222222223,True,37505.74,3593477.0,39.58336
fixed,compound_shift,compound-shift-qualification-p16,16,21161,1,score_aware_t2_v2,7fa84e373aa9c1a3d521,1440,986,454,454,0.31527777777777777,20337.854166666668,True,39897.35,3893101.0,39.54496
fixed,compound_shift,compound-shift-qualification-p16,16,21161,1,distributional_shadow_t2,3e77bde2319a8f696d2b,1440,1012,428,428,0.2972222222222222,19680.040277777778,True,40243.02,4123715.0,39.55408
fixed,compound_shift,compound-shift-qualification-p16,16,21162,1,str_mlo_nmaxinflights_1,8509e7663e544c31d27f,1440,873,567,567,0.39375,21560.363194444446,True,39247.12,4094336.0,39.34384
fixed,compound_shift,compound-shift-qualification-p16,16,21162,1,score_aware_t2_v2,5212a8185d79080dbb9f,1440,486,954,954,0.6625,31669.477083333335,True,41003.49999999999,5887268.0,39.35696
fixed,compound_shift,compound-shift-qualification-p16,16,21162,1,distributional_shadow_t2,e272a999d534a6f57ab5,1440,508,932,932,0.6472222222222223,31176.003472222223,True,40833.65,6071470.0,39.34672
fixed,compound_shift,compound-shift-qualification-p16,16,21163,1,str_mlo_nmaxinflights_1,fb5c97f83c841cbd5362,1440,1049,391,391,0.27152777777777776,17647.567361111112,True,39530.4,3844329.0,39.23232
fixed,compound_shift,compound-shift-qualification-p16,16,21163,1,score_aware_t2_v2,0259ca04a3a1f515689e,1440,946,494,494,0.34305555555555556,21716.64861111111,True,40108.149999999994,4157252.0,39.1904
fixed,compound_shift,compound-shift-qualification-p16,16,21163,1,distributional_shadow_t2,5501f57f5a4e7df073bb,1440,982,458,458,0.31805555555555554,20886.954166666666,True,39448.97,4460990.0,39.16176
fixed,compound_shift,compound-shift-qualification-p16,16,21164,1,str_mlo_nmaxinflights_1,2a5cb08bc385a5ff1280,1440,473,967,967,0.6715277777777777,32237.599305555555,True,40147.31999999999,5905661.0,39.88336
fixed,compound_shift,compound-shift-qualification-p16,16,21164,1,score_aware_t2_v2,0825669354496e9b7e0e,1440,364,1076,1076,0.7472222222222222,34879.99930555555,True,41007.37,5482917.0,39.87664
fixed,compound_shift,compound-shift-qualification-p16,16,21164,1,distributional_shadow_t2,5ceac39061fe94d4e0df,1440,393,1047,1047,0.7270833333333333,34450.025,True,40935.15999999999,5859093.0,39.87072
fixed,compound_shift,compound-shift-qualification-p17,17,21165,1,str_mlo_nmaxinflights_1,c7541bc67786d8c2bf96,1800,1724,76,76,0.042222222222222223,5033.6305555555555,True,28018.469999999987,3742751.0,29.74496
fixed,compound_shift,compound-shift-qualification-p17,17,21165,1,score_aware_t2_v2,77552113416195284fa7,1800,1425,375,375,0.20833333333333334,12071.448888888888,True,29068.199999999997,5346633.0,29.71936
fixed,compound_shift,compound-shift-qualification-p17,17,21165,1,distributional_shadow_t2,fa3ef2bf14ead0f15152,1800,1485,315,315,0.175,11523.521666666667,True,29954.640000000014,5414592.0,29.71392
fixed,compound_shift,compound-shift-qualification-p17,17,21166,1,str_mlo_nmaxinflights_1,c0cacff1b9c0f32539bd,1800,1603,197,197,0.10944444444444444,8340.79611111111,True,30410.719999999998,4538203.0,29.55696
fixed,compound_shift,compound-shift-qualification-p17,17,21166,1,score_aware_t2_v2,bf2f7332d68aa9adc94a,1800,1508,292,292,0.1622222222222222,10787.06388888889,True,30232.540000000005,6366753.0,24.92144
fixed,compound_shift,compound-shift-qualification-p17,17,21166,1,distributional_shadow_t2,40cca6868f77e5a92117,1800,1541,259,259,0.1438888888888889,10726.927777777777,True,30557.599999999984,6347096.0,24.92112
fixed,compound_shift,compound-shift-qualification-p17,17,21167,1,str_mlo_nmaxinflights_1,3a0786858b0de8793018,1800,1575,225,225,0.125,8992.565,True,30815.6,4625535.0,29.51584
fixed,compound_shift,compound-shift-qualification-p17,17,21167,1,score_aware_t2_v2,d37fff6f6a5ff9993f13,1800,1102,698,698,0.3877777777777778,18433.35777777778,True,31683.440000000002,6392287.0,29.47328
fixed,compound_shift,compound-shift-qualification-p17,17,21167,1,distributional_shadow_t2,32b0b9a0a0aba205612c,1800,1108,692,692,0.3844444444444444,18471.018888888888,True,32150.64000000001,6552219.0,29.47232
fixed,compound_shift,compound-shift-qualification-p17,17,21168,1,str_mlo_nmaxinflights_1,178fae7ac6b8bc915feb,1800,1745,55,55,0.030555555555555555,4808.174444444445,True,28330.399999999994,3757047.0,29.2032
fixed,compound_shift,compound-shift-qualification-p17,17,21168,1,score_aware_t2_v2,59a2b8b2b2a1bcb01a64,1800,1575,225,225,0.125,9675.853333333333,True,31224.799999999996,5033874.0,29.2152
fixed,compound_shift,compound-shift-qualification-p17,17,21168,1,distributional_shadow_t2,d756c78cfe0856547f52,1800,1572,228,228,0.12666666666666668,9856.054444444444,True,31159.54,5060360.0,29.21568
fixed,compound_shift,compound-shift-qualification-p18,18,21169,1,str_mlo_nmaxinflights_1,9860961fbd767fe85b68,1440,1428,12,12,0.008333333333333333,3788.5055555555555,True,27156.260000000017,2943871.0,40.50992
fixed,compound_shift,compound-shift-qualification-p18,18,21169,1,score_aware_t2_v2,014cadf22c1670e2fd70,1440,1389,51,51,0.035416666666666666,6149.760416666667,True,31820.95999999999,3839897.0,40.49616
fixed,compound_shift,compound-shift-qualification-p18,18,21169,1,distributional_shadow_t2,495bdb19d84b500b1237,1440,1399,41,41,0.02847222222222222,6081.509722222222,True,32700.37999999999,3797263.0,40.48416
fixed,compound_shift,compound-shift-qualification-p18,18,21170,1,str_mlo_nmaxinflights_1,8a6b962c8eca39a6c63c,1440,1405,35,35,0.024305555555555556,4273.327777777778,True,23177.440000000013,2947837.0,40.22784
fixed,compound_shift,compound-shift-qualification-p18,18,21170,1,score_aware_t2_v2,65468a99f1f645bb3c37,1440,1406,34,34,0.02361111111111111,5192.364583333333,True,29461.400000000012,3533751.0,40.2024
fixed,compound_shift,compound-shift-qualification-p18,18,21170,1,distributional_shadow_t2,01507ef8b7d64b0b8e80,1440,1412,28,28,0.019444444444444445,5008.950694444445,True,28260.390000000043,3490405.0,40.20112
fixed,compound_shift,compound-shift-qualification-p18,18,21171,1,str_mlo_nmaxinflights_1,077e84612bbb954bd4e2,1440,1349,91,91,0.06319444444444444,7749.785416666667,True,32629.959999999992,3706327.0,40.28352
fixed,compound_shift,compound-shift-qualification-p18,18,21171,1,score_aware_t2_v2,b0ad0b8c3a32170bb21e,1440,1254,186,186,0.12916666666666668,12316.892361111111,True,38287.05,4896945.0,40.3008
fixed,compound_shift,compound-shift-qualification-p18,18,21171,1,distributional_shadow_t2,862f62b0b7223457f5e4,1440,1260,180,180,0.125,12241.952083333334,True,37848.18000000001,4955110.0,40.3008
fixed,compound_shift,compound-shift-qualification-p18,18,21172,1,str_mlo_nmaxinflights_1,414936e88d9fca2c587b,1440,1421,19,19,0.013194444444444444,3538.851388888889,True,25230.79999999998,2833470.0,39.88752
fixed,compound_shift,compound-shift-qualification-p18,18,21172,1,score_aware_t2_v2,c109e2808e1fa1726a4d,1440,1421,19,19,0.013194444444444444,4292.832638888889,True,32489.399999999965,3374230.0,39.86576
fixed,compound_shift,compound-shift-qualification-p18,18,21172,1,distributional_shadow_t2,24c6c40697ba8a611fc7,1440,1426,14,14,0.009722222222222222,4250.1506944444445,True,30257.75,3340123.0,39.86048
fixed,compound_shift,compound-shift-qualification-p19,19,21173,1,str_mlo_nmaxinflights_1,185733f50c9243be9ccb,1800,1593,207,207,0.115,9105.519444444444,True,30254.15999999998,5269852.0,23.41152
fixed,compound_shift,compound-shift-qualification-p19,19,21173,1,score_aware_t2_v2,cf380b7f0ad23b1f00cb,1800,1266,534,534,0.2966666666666667,16339.536666666667,True,31649.54999999996,7481950.0,23.404
fixed,compound_shift,compound-shift-qualification-p19,19,21173,1,distributional_shadow_t2,a6b61d1a028d2a0fbbc4,1800,1270,530,530,0.29444444444444445,16400.145,True,31949.10999999999,7495077.0,23.40112
fixed,compound_shift,compound-shift-qualification-p19,19,21174,1,str_mlo_nmaxinflights_1,15f85a8f91146a255917,1800,1603,197,197,0.10944444444444444,9763.737777777778,True,30242.780000000002,5865362.0,22.8432
fixed,compound_shift,compound-shift-qualification-p19,19,21174,1,score_aware_t2_v2,c0bbed7bdb69a63ac567,1800,1361,439,439,0.24388888888888888,15225.072222222223,True,31892.200000000004,7042530.0,22.828
fixed,compound_shift,compound-shift-qualification-p19,19,21174,1,distributional_shadow_t2,2e61710fbc11aacb8a1c,1800,1377,423,423,0.235,15019.054444444444,True,31786.440000000002,7221929.0,22.82944
fixed,compound_shift,compound-shift-qualification-p19,19,21175,1,str_mlo_nmaxinflights_1,fb8305ac0954100a0a65,1800,1664,136,136,0.07555555555555556,7089.967777777778,True,28336.53999999997,4851820.0,22.33808
fixed,compound_shift,compound-shift-qualification-p19,19,21175,1,score_aware_t2_v2,d5f4cdef489d3e6462ca,1800,1200,600,600,0.3333333333333333,17199.54,True,32072.109999999997,7480620.0,22.33568
fixed,compound_shift,compound-shift-qualification-p19,19,21175,1,distributional_shadow_t2,333ccfeb412990550ad6,1800,1223,577,577,0.32055555555555554,17111.81111111111,True,32066.999999999996,7475961.0,22.336
fixed,compound_shift,compound-shift-qualification-p19,19,21176,1,str_mlo_nmaxinflights_1,f7922b8de27cec32c175,1800,1696,104,104,0.057777777777777775,6422.99,True,26493.79999999997,4697738.0,22.43056
fixed,compound_shift,compound-shift-qualification-p19,19,21176,1,score_aware_t2_v2,6ae1aea2e67088a1aac2,1800,1419,381,381,0.21166666666666667,13451.496666666666,True,32143.57999999999,6500651.0,22.4256
fixed,compound_shift,compound-shift-qualification-p19,19,21176,1,distributional_shadow_t2,642920dd6a69e9ee4357,1800,1428,372,372,0.20666666666666667,13250.890555555556,True,32142.58,6495463.0,22.42288
fixed,compound_shift,compound-shift-qualification-p20,20,21177,1,str_mlo_nmaxinflights_1,c25ff0b170e29790a816,2700,272,2428,2428,0.8992592592592593,20841.83814814815,True,21758.58000000001,12202312.0,49.21504
fixed,compound_shift,compound-shift-qualification-p20,20,21177,1,score_aware_t2_v2,67a887ddcfc97e8e0a8a,2700,97,2603,2603,0.9640740740740741,21735.084814814814,False,,8485021.0,49.29328
fixed,compound_shift,compound-shift-qualification-p20,20,21177,1,distributional_shadow_t2,f2d4ff0002fdd49c6472,2700,103,2597,2597,0.9618518518518518,21696.016666666666,True,21390.140000000003,8759116.0,49.2712
fixed,compound_shift,compound-shift-qualification-p20,20,21178,1,str_mlo_nmaxinflights_1,d8adf68d7c5d1cd6f6d8,2700,304,2396,2396,0.8874074074074074,20673.435925925925,True,21773.349999999995,13444775.0,49.23536
fixed,compound_shift,compound-shift-qualification-p20,20,21178,1,score_aware_t2_v2,b4bdcc4e457b3983c723,2700,596,2104,2104,0.7792592592592592,19232.01074074074,True,21750.699999999993,10188372.0,49.2584
fixed,compound_shift,compound-shift-qualification-p20,20,21178,1,distributional_shadow_t2,d266055ead6bc2a8c8b1,2700,593,2107,2107,0.7803703703703704,19248.33925925926,True,21733.600000000002,10710273.0,49.26288
fixed,compound_shift,compound-shift-qualification-p20,20,21179,1,str_mlo_nmaxinflights_1,128e057d22beab69206d,2700,1062,1638,1638,0.6066666666666667,16201.457777777778,True,21713.02,9017069.0,48.45328
fixed,compound_shift,compound-shift-qualification-p20,20,21179,1,score_aware_t2_v2,a2152abd933b8103f6c5,2700,985,1715,1715,0.6351851851851852,17013.780370370372,True,21819.999999999996,8057687.0,48.21184
fixed,compound_shift,compound-shift-qualification-p20,20,21179,1,distributional_shadow_t2,9421d3e806dac74e49f0,2700,988,1712,1712,0.6340740740740741,16981.196666666667,True,21818.43,8358313.0,48.20656
fixed,compound_shift,compound-shift-qualification-p20,20,21180,1,str_mlo_nmaxinflights_1,d401d50c4ad9568b63fb,2700,173,2527,2527,0.9359259259259259,21344.284444444445,True,21273.6,11334634.0,47.59648
fixed,compound_shift,compound-shift-qualification-p20,20,21180,1,score_aware_t2_v2,e29837e869e571c4f802,2700,35,2665,2665,0.987037037037037,22039.647777777776,False,,5105743.0,46.46976
fixed,compound_shift,compound-shift-qualification-p20,20,21180,1,distributional_shadow_t2,078d4ffae9969289f3ad,2700,53,2647,2647,0.9803703703703703,21989.865185185186,False,,5537615.0,46.47248
fixed,compound_shift,compound-shift-qualification-p21,21,21181,1,str_mlo_nmaxinflights_1,11b13d9512bd1eb90359,2700,2454,246,246,0.09111111111111111,5760.01962962963,True,20028.339999999997,6287851.0,22.32
fixed,compound_shift,compound-shift-qualification-p21,21,21181,1,score_aware_t2_v2,c42d1dc91bcb7a1d81c1,2700,2565,135,135,0.05,4998.9944444444445,True,19536.24,6103808.0,22.67408
fixed,compound_shift,compound-shift-qualification-p21,21,21181,1,distributional_shadow_t2,3b79a890795074c065fc,2700,2581,119,119,0.04407407407407407,4829.404814814815,True,19534.6,6516124.0,22.67344
fixed,compound_shift,compound-shift-qualification-p21,21,21182,1,str_mlo_nmaxinflights_1,a0adecbf03444d09ba53,2700,2345,355,355,0.13148148148148148,6787.617037037037,True,20549.639999999996,6750937.0,21.77792
fixed,compound_shift,compound-shift-qualification-p21,21,21182,1,score_aware_t2_v2,229696258f99f3081823,2700,2051,649,649,0.24037037037037037,9566.216666666667,True,20855.0,8956176.0,22.15008
fixed,compound_shift,compound-shift-qualification-p21,21,21182,1,distributional_shadow_t2,3432d8d9de4349e31b39,2700,2111,589,589,0.21814814814814815,9277.79962962963,True,21239.300000000007,9112850.0,22.14896
fixed,compound_shift,compound-shift-qualification-p21,21,21183,1,str_mlo_nmaxinflights_1,978426fc9ccbb614522a,2700,2426,274,274,0.10148148148148148,6250.748148148148,True,20834.0,6689138.0,21.60576
fixed,compound_shift,compound-shift-qualification-p21,21,21183,1,score_aware_t2_v2,5825f43febaeac8b8e32,2700,2299,401,401,0.14851851851851852,7658.768148148148,True,21034.179999999997,7854018.0,21.59984
fixed,compound_shift,compound-shift-qualification-p21,21,21183,1,distributional_shadow_t2,e2fed2710acf69e167a0,2700,2337,363,363,0.13444444444444445,7422.952962962963,True,20724.399999999998,8087445.0,21.59904
fixed,compound_shift,compound-shift-qualification-p21,21,21184,1,str_mlo_nmaxinflights_1,84806f33ee3abaa06157,2700,2419,281,281,0.10407407407407407,6304.555925925926,True,20414.600000000002,6532578.0,19.41504
fixed,compound_shift,compound-shift-qualification-p21,21,21184,1,score_aware_t2_v2,e7c974e14a2529e6ca20,2700,2012,688,688,0.2548148148148148,9948.228148148148,True,21527.139999999996,8580691.0,22.09328
fixed,compound_shift,compound-shift-qualification-p21,21,21184,1,distributional_shadow_t2,a14ce2d804eff38d1264,2700,2069,631,631,0.2337037037037037,9529.901481481482,True,21335.36,8939741.0,22.09328
fixed,compound_shift,compound-shift-qualification-p22,22,21185,1,str_mlo_nmaxinflights_1,0c2436e19f6c6397d95e,1440,1,1439,1439,0.9993055555555556,41641.01944444444,False,,5934053.0,67.4696
fixed,compound_shift,compound-shift-qualification-p22,22,21185,1,score_aware_t2_v2,422bfb596bec4e8f422b,1440,1,1439,1439,0.9993055555555556,41658.459027777775,False,,2871466.0,67.66384
fixed,compound_shift,compound-shift-qualification-p22,22,21185,1,distributional_shadow_t2,bd321bea874b90be9c96,1440,2,1438,1438,0.9986111111111111,41656.097916666666,False,,2821967.0,67.77328
fixed,compound_shift,compound-shift-qualification-p22,22,21186,1,str_mlo_nmaxinflights_1,9bcb1154f5ae21f5efdb,1440,4,1436,1436,0.9972222222222222,41578.03680555556,False,,6034628.0,65.8848
fixed,compound_shift,compound-shift-qualification-p22,22,21186,1,score_aware_t2_v2,1b39a2c4b21150ff2569,1440,4,1436,1436,0.9972222222222222,41596.393055555556,False,,2330945.0,66.25872
fixed,compound_shift,compound-shift-qualification-p22,22,21186,1,distributional_shadow_t2,74c0ae153397d72345b2,1440,1,1439,1439,0.9993055555555556,41645.152083333334,False,,2266296.0,66.22176
fixed,compound_shift,compound-shift-qualification-p22,22,21187,1,str_mlo_nmaxinflights_1,839387f4aa07dbffe6a8,1440,3,1437,1437,0.9979166666666667,41617.09444444445,False,,4695334.0,56.40992
fixed,compound_shift,compound-shift-qualification-p22,22,21187,1,score_aware_t2_v2,36801bbf38cd71b7c6e8,1440,2,1438,1438,0.9986111111111111,41636.20277777778,False,,2296220.0,56.59312
fixed,compound_shift,compound-shift-qualification-p22,22,21187,1,distributional_shadow_t2,1bc47ac2c2ad45aaf3b2,1440,1,1439,1439,0.9993055555555556,41644.220138888886,False,,2062616.0,57.36992
fixed,compound_shift,compound-shift-qualification-p23,23,21189,1,str_mlo_nmaxinflights_1,bdd3a6806daf70890465,1800,192,1608,1608,0.8933333333333333,30777.22888888889,True,31652.94,6278939.0,65.7536
fixed,compound_shift,compound-shift-qualification-p23,23,21189,1,score_aware_t2_v2,c0b8a1d381eefe0d42b9,1800,93,1707,1707,0.9483333333333334,32225.93666666667,False,,4044880.0,65.61664
fixed,compound_shift,compound-shift-qualification-p23,23,21189,1,distributional_shadow_t2,e99686e4fff2028e0d68,1800,106,1694,1694,0.9411111111111111,32132.778333333332,True,31801.649999999998,4232212.0,65.66464
fixed,compound_shift,compound-shift-qualification-p23,23,21190,1,str_mlo_nmaxinflights_1,5486347973a42894ae7c,1800,774,1026,1026,0.57,22793.075555555555,True,32589.85,4985978.0,68.07504
fixed,compound_shift,compound-shift-qualification-p23,23,21190,1,score_aware_t2_v2,edeeb26b753ca8b5c4fd,1800,736,1064,1064,0.5911111111111111,24332.863333333335,True,32510.95,5484912.0,68.24736
fixed,compound_shift,compound-shift-qualification-p23,23,21190,1,distributional_shadow_t2,74f06c3d90823411be02,1800,714,1086,1086,0.6033333333333334,24680.11111111111,True,32944.18,5527365.0,67.85104
fixed,compound_shift,compound-shift-qualification-p23,23,21191,1,str_mlo_nmaxinflights_1,ca9c83794f6b2e49db55,1800,36,1764,1764,0.98,32925.53055555555,False,,7633904.0,64.54336
fixed,compound_shift,compound-shift-qualification-p23,23,21191,1,score_aware_t2_v2,88b7da31f843daf76e77,1800,21,1779,1779,0.9883333333333333,33119.94,False,,2482616.0,62.12272
fixed,compound_shift,compound-shift-qualification-p23,23,21191,1,distributional_shadow_t2,65d1ce87c6a341742545,1800,10,1790,1790,0.9944444444444445,33247.96611111111,False,,2843875.0,62.09616
fixed,compound_shift,compound-shift-qualification-p23,23,21192,1,str_mlo_nmaxinflights_1,496b758bc693619e8105,1800,841,959,959,0.5327777777777778,22994.27611111111,True,32544.600000000006,7454441.0,50.44336
fixed,compound_shift,compound-shift-qualification-p23,23,21192,1,score_aware_t2_v2,ecde3c40d1f8cf58fc83,1800,239,1561,1561,0.8672222222222222,30987.115555555556,True,33042.8,4309946.0,60.2712
fixed,compound_shift,compound-shift-qualification-p23,23,21192,1,distributional_shadow_t2,475d547fb22c4f5f560d,1800,232,1568,1568,0.8711111111111111,31072.40611111111,True,33045.6,4670501.0,60.27744
adaptive,radio_propagation,radio-propagation-qualification-p16,16,21001,1,str_mlo_nmaxinflights_1,746be6b462f2b10a33ca,1800,1800,0,0,0.0,1401.9472222222223,True,5661.259999999998,2244922.0,26.64416
adaptive,radio_propagation,radio-propagation-qualification-p16,16,21001,1,score_aware_t2_v2,7236abc3a2102e48f732,1800,1800,0,0,0.0,1506.6194444444445,True,6283.07,2244292.0,26.64384
adaptive,radio_propagation,radio-propagation-qualification-p16,16,21001,1,distributional_shadow_t2,9767ee6fb7f054cbbf8b,1800,1800,0,0,0.0,1470.0327777777777,True,5904.079999999999,2316471.0,26.64384
adaptive,radio_propagation,radio-propagation-qualification-p16,16,21002,1,str_mlo_nmaxinflights_1,3041d170eb0879991f01,1800,1785,15,15,0.008333333333333333,2735.338888888889,True,15374.88000000005,3252156.0,26.83184
adaptive,radio_propagation,radio-propagation-qualification-p16,16,21002,1,score_aware_t2_v2,ce9a02b86b576361595b,1800,1778,22,22,0.012222222222222223,3224.677222222222,True,17789.16000000001,3925388.0,26.83152
adaptive,radio_propagation,radio-propagation-qualification-p16,16,21002,1,distributional_shadow_t2,115a910301f9a5eb525b,1800,1788,12,12,0.006666666666666667,2969.228888888889,True,15492.199999999888,4043269.0,26.83152
adaptive,radio_propagation,radio-propagation-qualification-p16,16,21003,1,str_mlo_nmaxinflights_1,a4ee1d60068dbb1bdeb8,1800,1799,1,1,0.0005555555555555556,1592.7905555555556,True,7426.359999999997,2398526.0,27.1808
adaptive,radio_propagation,radio-propagation-qualification-p16,16,21003,1,score_aware_t2_v2,34c096ba6c083b90bc93,1800,1795,5,5,0.002777777777777778,1609.6233333333332,True,6663.099999999989,2348990.0,27.1808
adaptive,radio_propagation,radio-propagation-qualification-p16,16,21003,1,distributional_shadow_t2,20addb648f7373a11d12,1800,1796,4,4,0.0022222222222222222,1574.7244444444445,True,6572.749999999999,2386783.0,27.1808
adaptive,radio_propagation,radio-propagation-qualification-p16,16,21004,1,str_mlo_nmaxinflights_1,54aced23b2b624df77c0,1800,1784,16,16,0.008888888888888889,3170.2516666666666,True,16370.540000000063,3563634.0,26.51152
adaptive,radio_propagation,radio-propagation-qualification-p16,16,21004,1,score_aware_t2_v2,887ad30559858fb2f794,1800,1785,15,15,0.008333333333333333,3466.8527777777776,True,19772.960000000017,4122584.0,26.512
adaptive,radio_propagation,radio-propagation-qualification-p16,16,21004,1,distributional_shadow_t2,3fb5ed4ee1a22cb15952,1800,1785,15,15,0.008333333333333333,3340.04,True,14777.280000000006,4156924.0,26.512
adaptive,radio_propagation,radio-propagation-qualification-p17,17,21005,1,str_mlo_nmaxinflights_1,40c313471eb79e6149e5,1800,1609,191,191,0.10611111111111111,10118.31111111111,True,30006.640000000014,9265235.0,26.7568
adaptive,radio_propagation,radio-propagation-qualification-p17,17,21005,1,score_aware_t2_v2,17db1d2d3edb0072b26a,1800,1419,381,381,0.21166666666666667,14448.865,True,31426.359999999964,11409872.0,26.74608
adaptive,radio_propagation,radio-propagation-qualification-p17,17,21005,1,distributional_shadow_t2,58cac10df2640fa09306,1800,1519,281,281,0.15611111111111112,12614.043333333333,True,30829.32,12016474.0,26.74608
adaptive,radio_propagation,radio-propagation-qualification-p17,17,21006,1,str_mlo_nmaxinflights_1,4c157d1f8786bce0978b,1800,883,917,917,0.5094444444444445,22839.461666666666,True,32492.639999999996,25170768.0,27.09824
adaptive,radio_propagation,radio-propagation-qualification-p17,17,21006,1,score_aware_t2_v2,cf70210fe7e8854d1629,1800,317,1483,1483,0.8238888888888889,29311.602222222224,True,32164.47999999998,35396367.0,27.09552
adaptive,radio_propagation,radio-propagation-qualification-p17,17,21006,1,distributional_shadow_t2,9ef83bb601b72a681513,1800,384,1416,1416,0.7866666666666666,28443.195555555554,True,31570.140000000003,35678852.0,27.09536
adaptive,radio_propagation,radio-propagation-qualification-p17,17,21007,1,str_mlo_nmaxinflights_1,c7451fcda16397a84cc7,1800,736,1064,1064,0.5911111111111111,24725.477222222224,True,31553.14999999999,25799730.0,26.17408
adaptive,radio_propagation,radio-propagation-qualification-p17,17,21007,1,score_aware_t2_v2,4fe77f01ddd6e1985992,1800,172,1628,1628,0.9044444444444445,31389.132222222222,True,31466.940000000002,30719696.0,26.1672
adaptive,radio_propagation,radio-propagation-qualification-p17,17,21007,1,distributional_shadow_t2,78ca561dfa71eacf0721,1800,274,1526,1526,0.8477777777777777,30120.051111111112,True,31061.319999999992,31815396.0,26.16608
adaptive,radio_propagation,radio-propagation-qualification-p17,17,21008,1,str_mlo_nmaxinflights_1,b67b1e46d3e443d419f3,1800,1395,405,405,0.225,14634.693888888889,True,30571.859999999997,13634354.0,26.33152
adaptive,radio_propagation,radio-propagation-qualification-p17,17,21008,1,score_aware_t2_v2,dba8a8b045d115fb07c4,1800,1135,665,665,0.36944444444444446,19630.071111111112,True,32276.240000000005,18214601.0,26.32576
adaptive,radio_propagation,radio-propagation-qualification-p17,17,21008,1,distributional_shadow_t2,b0672f2f2f095eece243,1800,1205,595,595,0.33055555555555555,18639.056111111113,True,32258.120000000006,18669588.0,26.32688
adaptive,radio_propagation,radio-propagation-qualification-p18,18,21009,1,str_mlo_nmaxinflights_1,39a81b7c0c47023432ce,1800,1782,18,18,0.01,3212.733888888889,True,18434.400000000005,3383511.0,25.70272
adaptive,radio_propagation,radio-propagation-qualification-p18,18,21009,1,score_aware_t2_v2,16d22eca533c91bd8f2c,1800,1792,8,8,0.0044444444444444444,2886.817777777778,True,15009.689999999997,3543769.0,25.70112
adaptive,radio_propagation,radio-propagation-qualification-p18,18,21009,1,distributional_shadow_t2,38fb405d0690c962d59c,1800,1793,7,7,0.0038888888888888888,2837.6994444444445,True,13990.999999999945,3592913.0,25.70304
adaptive,radio_propagation,radio-propagation-qualification-p18,18,21010,1,str_mlo_nmaxinflights_1,da8a9e627e72783f8b97,1800,1792,8,8,0.0044444444444444444,2568.2544444444443,True,13948.519999999997,2951747.0,26.97024
adaptive,radio_propagation,radio-propagation-qualification-p18,18,21010,1,score_aware_t2_v2,d0db4138f1a7706b50c7,1800,1791,9,9,0.005,2455.8133333333335,True,12745.69999999999,3053332.0,26.96832
adaptive,radio_propagation,radio-propagation-qualification-p18,18,21010,1,distributional_shadow_t2,c4b65e5f2607b0ca05d3,1800,1792,8,8,0.0044444444444444444,2347.545,True,11741.759999999987,3253066.0,26.96832
adaptive,radio_propagation,radio-propagation-qualification-p18,18,21011,1,str_mlo_nmaxinflights_1,5203684acaa04cc1d49c,1800,1768,32,32,0.017777777777777778,4586.423333333333,True,24022.189999999973,3825876.0,26.73536
adaptive,radio_propagation,radio-propagation-qualification-p18,18,21011,1,score_aware_t2_v2,d7b7018149eb55260565,1800,1774,26,26,0.014444444444444444,4342.012222222223,True,21399.72,4539878.0,26.7344
adaptive,radio_propagation,radio-propagation-qualification-p18,18,21011,1,distributional_shadow_t2,a0d13831d545b7ac6006,1800,1772,28,28,0.015555555555555555,4318.537222222222,True,20764.699999999997,4622864.0,26.7344
adaptive,radio_propagation,radio-propagation-qualification-p18,18,21012,1,str_mlo_nmaxinflights_1,d102cfcf8636135567e3,1800,1799,1,1,0.0005555555555555556,1588.24,True,7771.68,2220744.0,26.63344
adaptive,radio_propagation,radio-propagation-qualification-p18,18,21012,1,score_aware_t2_v2,6525e7ce8b661eff8f34,1800,1799,1,1,0.0005555555555555556,1519.691111111111,True,5980.639999999996,2216475.0,26.63152
adaptive,radio_propagation,radio-propagation-qualification-p18,18,21012,1,distributional_shadow_t2,d39c03726a1f8d1cc7ea,1800,1799,1,1,0.0005555555555555556,1496.5905555555555,True,5546.839999999999,2278466.0,26.63152
adaptive,radio_propagation,radio-propagation-qualification-p19,19,21013,1,str_mlo_nmaxinflights_1,dc42d2f2275602dbb173,1800,1760,40,40,0.022222222222222223,4478.740555555555,True,22454.71000000007,4055861.0,27.10048
adaptive,radio_propagation,radio-propagation-qualification-p19,19,21013,1,score_aware_t2_v2,8538e1b2498e60ca8600,1800,1774,26,26,0.014444444444444444,4343.614444444444,True,20543.159999999996,4745397.0,27.10096
adaptive,radio_propagation,radio-propagation-qualification-p19,19,21013,1,distributional_shadow_t2,c804a32280772d7e0c39,1800,1773,27,27,0.015,4202.296111111111,True,18602.83999999999,4798090.0,27.10096
adaptive,radio_propagation,radio-propagation-qualification-p19,19,21014,1,str_mlo_nmaxinflights_1,56752ffe04fa5d66a3f7,1800,1787,13,13,0.007222222222222222,3157.4605555555554,True,17627.53999999987,3283645.0,27.44656
adaptive,radio_propagation,radio-propagation-qualification-p19,19,21014,1,score_aware_t2_v2,4cc07a443f1b0e6000ad,1800,1791,9,9,0.005,2618.77,True,15229.799999999923,3288264.0,27.44464
adaptive,radio_propagation,radio-propagation-qualification-p19,19,21014,1,distributional_shadow_t2,3071b251eaae8b9eed1e,1800,1793,7,7,0.0038888888888888888,2489.0516666666667,True,12736.439999999999,3508433.0,27.44464
adaptive,radio_propagation,radio-propagation-qualification-p19,19,21015,1,str_mlo_nmaxinflights_1,5ffad8d2022373e8fcc3,1800,1765,35,35,0.019444444444444445,3966.6605555555557,True,19679.879999999976,3910967.0,26.2544
adaptive,radio_propagation,radio-propagation-qualification-p19,19,21015,1,score_aware_t2_v2,5e0354686699da090468,1800,1760,40,40,0.022222222222222223,4609.364444444444,True,22145.440000000006,5399687.0,26.25408
adaptive,radio_propagation,radio-propagation-qualification-p19,19,21015,1,distributional_shadow_t2,8d456c40ca40eba71d58,1800,1767,33,33,0.018333333333333333,4521.313888888889,True,19457.919999999966,5545924.0,26.2536
adaptive,radio_propagation,radio-propagation-qualification-p19,19,21016,1,str_mlo_nmaxinflights_1,76ade7cfc8ffa2215788,1800,1789,11,11,0.006111111111111111,3057.5955555555556,True,17996.519999999975,3198669.0,27.5272
adaptive,radio_propagation,radio-propagation-qualification-p19,19,21016,1,score_aware_t2_v2,572404139f8f1fd6853d,1800,1780,20,20,0.011111111111111112,3859.163888888889,True,18309.570000000007,4547866.0,27.52304
adaptive,radio_propagation,radio-propagation-qualification-p19,19,21016,1,distributional_shadow_t2,6af64b24cbd4be262afb,1800,1781,19,19,0.010555555555555556,3963.052222222222,True,19233.000000000007,4650200.0,27.52304
adaptive,radio_propagation,radio-propagation-qualification-p20,20,21017,1,str_mlo_nmaxinflights_1,2f3aa10960e5900e6d0e,1800,1719,81,81,0.045,6661.518333333333,True,26274.759999999987,5837917.0,27.3168
adaptive,radio_propagation,radio-propagation-qualification-p20,20,21017,1,score_aware_t2_v2,b4a1b92eb2ffd93d2941,1800,1782,18,18,0.01,4400.051111111111,True,17511.320000000007,5824856.0,27.31952
adaptive,radio_propagation,radio-propagation-qualification-p20,20,21017,1,distributional_shadow_t2,738660cee3423c37a613,1800,1786,14,14,0.0077777777777777776,4329.313888888889,True,17379.900000000012,6760756.0,27.3184
adaptive,radio_propagation,radio-propagation-qualification-p20,20,21018,1,str_mlo_nmaxinflights_1,10a3a93a5b2524da3a3c,1800,1598,202,202,0.11222222222222222,9944.902777777777,True,29704.26,7221786.0,26.61824
adaptive,radio_propagation,radio-propagation-qualification-p20,20,21018,1,score_aware_t2_v2,dd69c168ddde46e7ad20,1800,1518,282,282,0.15666666666666668,11824.443333333333,True,30816.839999999982,8720119.0,26.6192
adaptive,radio_propagation,radio-propagation-qualification-p20,20,21018,1,distributional_shadow_t2,8f2b06201f8abb0572f2,1800,1576,224,224,0.12444444444444444,10899.96,True,30089.75,9980360.0,26.61904
adaptive,radio_propagation,radio-propagation-qualification-p20,20,21019,1,str_mlo_nmaxinflights_1,94b95fe6ff1549d627b3,1800,1730,70,70,0.03888888888888889,7371.883333333333,True,28880.380000000005,6859214.0,26.65952
adaptive,radio_propagation,radio-propagation-qualification-p20,20,21019,1,score_aware_t2_v2,a84e8be0a11ab7101532,1800,1636,164,164,0.09111111111111111,10390.17111111111,True,30539.20000000001,9414066.0,26.65952
adaptive,radio_propagation,radio-propagation-qualification-p20,20,21019,1,distributional_shadow_t2,6d173768d2444b4108a9,1800,1685,115,115,0.06388888888888888,9146.653333333334,True,29268.0,10002276.0,26.65408
adaptive,radio_propagation,radio-propagation-qualification-p20,20,21020,1,str_mlo_nmaxinflights_1,388a3d2142af8fe5c4b5,1800,1207,593,593,0.32944444444444443,18145.262222222223,True,32332.640000000014,17912813.0,25.99248
adaptive,radio_propagation,radio-propagation-qualification-p20,20,21020,1,score_aware_t2_v2,a3cc48d923f41dd5f3a4,1800,815,985,985,0.5472222222222223,23056.280555555557,True,31730.780000000002,24525223.0,25.98544
adaptive,radio_propagation,radio-propagation-qualification-p20,20,21020,1,distributional_shadow_t2,abcd11b7c4c00dd59286,1800,919,881,881,0.48944444444444446,21637.671666666665,True,31720.059999999998,25557997.0,25.98672
adaptive,radio_propagation,radio-propagation-qualification-p21,21,21021,1,str_mlo_nmaxinflights_1,68eba384b6d360dd936c,1800,1778,22,22,0.012222222222222223,3881.117222222222,True,21447.530000000006,4432562.0,26.36784
adaptive,radio_propagation,radio-propagation-qualification-p21,21,21021,1,score_aware_t2_v2,33b9363a5921be16034c,1800,1789,11,11,0.006111111111111111,3379.5,True,16924.839999999986,4322267.0,26.36528
adaptive,radio_propagation,radio-propagation-qualification-p21,21,21021,1,distributional_shadow_t2,580db38df8143dd50778,1800,1796,4,4,0.0022222222222222222,3143.4933333333333,True,14549.249999999995,4872881.0,26.36528
adaptive,radio_propagation,radio-propagation-qualification-p21,21,21022,1,str_mlo_nmaxinflights_1,7dd72b7f44cbec90df30,1800,1784,16,16,0.008888888888888889,2812.4366666666665,True,13079.000000000036,3487146.0,21.94096
adaptive,radio_propagation,radio-propagation-qualification-p21,21,21022,1,score_aware_t2_v2,bf805e5d1f684ee82d6c,1800,1751,49,49,0.02722222222222222,5405.993888888889,True,23361.5,5741687.0,25.34784
adaptive,radio_propagation,radio-propagation-qualification-p21,21,21022,1,distributional_shadow_t2,1580b8b478561dba4254,1800,1750,50,50,0.027777777777777776,5600.8422222222225,True,24416.939999999995,6456481.0,25.34784
adaptive,radio_propagation,radio-propagation-qualification-p21,21,21023,1,str_mlo_nmaxinflights_1,26ee0ad7c4506b65da57,1800,1779,21,21,0.011666666666666667,3499.036111111111,True,16992.080000000005,3910432.0,26.30512
adaptive,radio_propagation,radio-propagation-qualification-p21,21,21023,1,score_aware_t2_v2,a79f106f2dc27a9abbad,1800,1781,19,19,0.010555555555555556,3882.777777777778,True,19104.20000000001,4437693.0,26.3016
adaptive,radio_propagation,radio-propagation-qualification-p21,21,21023,1,distributional_shadow_t2,88c478e459784a00cf20,1800,1785,15,15,0.008333333333333333,3660.3305555555557,True,17024.280000000042,4676278.0,26.30144
adaptive,radio_propagation,radio-propagation-qualification-p21,21,21024,1,str_mlo_nmaxinflights_1,fee9e70ff00a5f08f437,1800,1740,60,60,0.03333333333333333,5473.738333333334,True,24396.669999999936,4753470.0,26.9784
adaptive,radio_propagation,radio-propagation-qualification-p21,21,21024,1,score_aware_t2_v2,6b5640811305d0749c23,1800,1668,132,132,0.07333333333333333,7282.443333333334,True,27669.869999999966,5949366.0,26.97408
adaptive,radio_propagation,radio-propagation-qualification-p21,21,21024,1,distributional_shadow_t2,adcd15748036c9991b34,1800,1723,77,77,0.042777777777777776,6071.692222222222,True,25319.039999999975,6131576.0,26.97408
adaptive,radio_propagation,radio-propagation-qualification-p22,22,21025,1,str_mlo_nmaxinflights_1,f888666aac9df9aac5ae,1800,1797,3,3,0.0016666666666666668,1644.6405555555555,True,7725.799999999996,2137081.0,26.68272
adaptive,radio_propagation,radio-propagation-qualification-p22,22,21025,1,score_aware_t2_v2,b3e1792ac71aff615693,1800,1800,0,0,0.0,1656.1727777777778,True,8110.2300000000005,2088970.0,26.68016
adaptive,radio_propagation,radio-propagation-qualification-p22,22,21025,1,distributional_shadow_t2,3f3972670442e2993d3c,1800,1800,0,0,0.0,1572.3316666666667,True,7057.469999999998,2205781.0,26.67968
adaptive,radio_propagation,radio-propagation-qualification-p22,22,21026,1,str_mlo_nmaxinflights_1,daae31ba4dfb49706b20,1800,1796,4,4,0.0022222222222222222,2182.8922222222222,True,13243.149999999996,2425677.0,27.3096
adaptive,radio_propagation,radio-propagation-qualification-p22,22,21026,1,score_aware_t2_v2,48b1f14be366680f6587,1800,1793,7,7,0.0038888888888888888,2810.0994444444445,True,14493.919999999938,3195213.0,27.31008
adaptive,radio_propagation,radio-propagation-qualification-p22,22,21026,1,distributional_shadow_t2,68345777decc544eff4d,1800,1790,10,10,0.005555555555555556,2788.1783333333333,True,13839.799999999992,3206524.0,27.31008
adaptive,radio_propagation,radio-propagation-qualification-p22,22,21027,1,str_mlo_nmaxinflights_1,554a5e803350a50be1dd,1800,1799,1,1,0.0005555555555555556,1366.6338888888888,True,5435.68,2042770.0,26.65328
adaptive,radio_propagation,radio-propagation-qualification-p22,22,21027,1,score_aware_t2_v2,38bf4b28f68319a9bc95,1800,1800,0,0,0.0,1402.921111111111,True,6931.439999999999,1948994.0,26.652
adaptive,radio_propagation,radio-propagation-qualification-p22,22,21027,1,distributional_shadow_t2,52659e8ca8a8b3f61b5f,1800,1800,0,0,0.0,1355.2622222222221,True,5538.359999999999,2078146.0,26.652
adaptive,radio_propagation,radio-propagation-qualification-p22,22,21028,1,str_mlo_nmaxinflights_1,dfe47bfd98d62b0e2d49,1800,1800,0,0,0.0,1888.3944444444444,True,10027.139999999998,2443464.0,27.09648
adaptive,radio_propagation,radio-propagation-qualification-p22,22,21028,1,score_aware_t2_v2,ffa81cab11e51db04a74,1800,1798,2,2,0.0011111111111111111,2216.112777777778,True,10941.499999999995,2681884.0,27.09568
adaptive,radio_propagation,radio-propagation-qualification-p22,22,21028,1,distributional_shadow_t2,af8e7a9fc104052c805f,1800,1799,1,1,0.0005555555555555556,2057.4005555555555,True,9283.539999999997,2771640.0,27.09568
adaptive,radio_propagation,radio-propagation-qualification-p23,23,21029,1,str_mlo_nmaxinflights_1,142d987499c7f7a1347c,1800,922,878,878,0.48777777777777775,21416.218333333334,True,32616.43,19031473.0,26.32976
adaptive,radio_propagation,radio-propagation-qualification-p23,23,21029,1,score_aware_t2_v2,f4cb8cfa72333b322e64,1800,217,1583,1583,0.8794444444444445,30789.615,True,32391.6,26367950.0,26.33392
adaptive,radio_propagation,radio-propagation-qualification-p23,23,21029,1,distributional_shadow_t2,b7c10ea8ff391741689a,1800,369,1431,1431,0.795,28590.77666666667,True,32278.440000000002,26927210.0,26.33376
adaptive,radio_propagation,radio-propagation-qualification-p23,23,21030,1,str_mlo_nmaxinflights_1,841362489d8098a357fb,1800,1153,647,647,0.35944444444444446,18913.164444444443,True,32450.840000000004,16076947.0,26.31024
adaptive,radio_propagation,radio-propagation-qualification-p23,23,21030,1,score_aware_t2_v2,5ce59b45bab507a283d5,1800,345,1455,1455,0.8083333333333333,29320.30722222222,True,31535.879999999997,25192662.0,26.30272
adaptive,radio_propagation,radio-propagation-qualification-p23,23,21030,1,distributional_shadow_t2,588caa34cb106ec323e3,1800,352,1448,1448,0.8044444444444444,29216.18888888889,True,31805.370000000003,26613401.0,26.30336
adaptive,radio_propagation,radio-propagation-qualification-p23,23,21031,1,str_mlo_nmaxinflights_1,c80b297e08ff0d72b7da,1800,798,1002,1002,0.5566666666666666,24351.610555555555,True,32556.789999999997,24343836.0,25.95488
adaptive,radio_propagation,radio-propagation-qualification-p23,23,21031,1,score_aware_t2_v2,889f67cc38e862247056,1800,317,1483,1483,0.8238888888888889,29766.74611111111,True,31699.72,25616156.0,25.96016
adaptive,radio_propagation,radio-propagation-qualification-p23,23,21031,1,distributional_shadow_t2,5a56bd6bd2ef43f3496b,1800,395,1405,1405,0.7805555555555556,28953.601666666666,True,31716.9,27327312.0,25.95952
adaptive,radio_propagation,radio-propagation-qualification-p23,23,21032,1,str_mlo_nmaxinflights_1,aa181249cfc0fa631470,1800,885,915,915,0.5083333333333333,23427.082777777778,True,32335.719999999994,23914836.0,26.728
adaptive,radio_propagation,radio-propagation-qualification-p23,23,21032,1,score_aware_t2_v2,8b0c9306600c65ba522b,1800,651,1149,1149,0.6383333333333333,25725.12,True,32616.5,20330566.0,26.71616
adaptive,radio_propagation,radio-propagation-qualification-p23,23,21032,1,distributional_shadow_t2,c2869eb0eb429c87b7f9,1800,700,1100,1100,0.6111111111111112,25090.825555555555,True,32610.3,23460577.0,26.71712
adaptive,obss_intensity,obss-intensity-qualification-p16,16,21033,1,str_mlo_nmaxinflights_1,67bde03934b63fa0e337,1800,1712,88,88,0.04888888888888889,5291.821111111111,True,26656.03999999992,3971621.0,29.92144
adaptive,obss_intensity,obss-intensity-qualification-p16,16,21033,1,score_aware_t2_v2,8cb9a5f3d3266ceb281a,1800,1641,159,159,0.08833333333333333,7284.816666666667,True,28126.199999999983,5057655.0,29.91824
adaptive,obss_intensity,obss-intensity-qualification-p16,16,21033,1,distributional_shadow_t2,94ea526092ff672caa26,1800,1693,107,107,0.059444444444444446,6174.098333333333,True,27615.959999999992,5105057.0,29.91776
adaptive,obss_intensity,obss-intensity-qualification-p16,16,21034,1,str_mlo_nmaxinflights_1,ee25fb8aab9597fb096e,1800,1768,32,32,0.017777777777777778,3730.6016666666665,True,20866.87999999997,3596056.0,30.46176
adaptive,obss_intensity,obss-intensity-qualification-p16,16,21034,1,score_aware_t2_v2,da8386485a2131e4dcfb,1800,1747,53,53,0.029444444444444443,3871.0,True,21354.619999999974,3728640.0,30.43488
adaptive,obss_intensity,obss-intensity-qualification-p16,16,21034,1,distributional_shadow_t2,dcdf2094f2e94a72d8a8,1800,1770,30,30,0.016666666666666666,3404.18,True,16633.819999999992,4081783.0,30.43472
adaptive,obss_intensity,obss-intensity-qualification-p16,16,21035,1,str_mlo_nmaxinflights_1,3079ee537fddbf5f9f4e,1800,1707,93,93,0.051666666666666666,5828.081111111111,True,25149.560000000012,4206361.0,30.49248
adaptive,obss_intensity,obss-intensity-qualification-p16,16,21035,1,score_aware_t2_v2,939ac997e0e96929035a,1800,1718,82,82,0.04555555555555556,5535.047222222222,True,24283.729999999916,5142376.0,30.49248
adaptive,obss_intensity,obss-intensity-qualification-p16,16,21035,1,distributional_shadow_t2,a3e69952bc9dece4941f,1800,1721,79,79,0.04388888888888889,5469.761666666666,True,24864.399999999987,5147142.0,30.49248
adaptive,obss_intensity,obss-intensity-qualification-p16,16,21036,1,str_mlo_nmaxinflights_1,00181284c415765ad4de,1800,1780,20,20,0.011111111111111112,3126.475,True,17759.55000000001,3188901.0,30.49296
adaptive,obss_intensity,obss-intensity-qualification-p16,16,21036,1,score_aware_t2_v2,ec44fc035f053c494778,1800,1779,21,21,0.011666666666666667,3185.318888888889,True,16827.660000000003,3742144.0,30.48576
adaptive,obss_intensity,obss-intensity-qualification-p16,16,21036,1,distributional_shadow_t2,7655c598cb71f72f395a,1800,1778,22,22,0.012222222222222223,3200.3555555555554,True,15743.5,3784134.0,30.48736
adaptive,obss_intensity,obss-intensity-qualification-p17,17,21037,1,str_mlo_nmaxinflights_1,0fdac600a596559aaf67,1800,748,1052,1052,0.5844444444444444,23571.533888888887,True,32322.18999999999,7603182.0,74.90112
adaptive,obss_intensity,obss-intensity-qualification-p17,17,21037,1,score_aware_t2_v2,d303ace0c5904607242a,1800,877,923,923,0.5127777777777778,21657.996666666666,True,31809.96,6616663.0,74.56384
adaptive,obss_intensity,obss-intensity-qualification-p17,17,21037,1,distributional_shadow_t2,89d4d5527a4d1b64629b,1800,877,923,923,0.5127777777777778,21657.89222222222,True,31805.16,6573283.0,74.50064
adaptive,obss_intensity,obss-intensity-qualification-p17,17,21038,1,str_mlo_nmaxinflights_1,e4350c59750f6772c0df,1800,253,1547,1547,0.8594444444444445,30445.088888888888,True,32746.16,11139884.0,75.45312
adaptive,obss_intensity,obss-intensity-qualification-p17,17,21038,1,score_aware_t2_v2,7c917e8a48f286a83088,1800,93,1707,1707,0.9483333333333334,32488.105555555554,False,,9311006.0,75.00896
adaptive,obss_intensity,obss-intensity-qualification-p17,17,21038,1,distributional_shadow_t2,dcdcad20634e304c975f,1800,106,1694,1694,0.9411111111111111,32334.72888888889,True,33055.65,9881406.0,74.93856
adaptive,obss_intensity,obss-intensity-qualification-p17,17,21039,1,str_mlo_nmaxinflights_1,750b3f3b78fd2b68a8d2,1800,530,1270,1270,0.7055555555555556,27221.977777777778,True,32490.460000000006,7443206.0,70.2472
adaptive,obss_intensity,obss-intensity-qualification-p17,17,21039,1,score_aware_t2_v2,bb4e20db5262f0e3a8d9,1800,468,1332,1332,0.74,28514.57222222222,True,32855.66,6237668.0,68.07536
adaptive,obss_intensity,obss-intensity-qualification-p17,17,21039,1,distributional_shadow_t2,72d3cdd505577871f8a2,1800,467,1333,1333,0.7405555555555555,28517.403333333332,True,32855.68,6131550.0,67.99424
adaptive,obss_intensity,obss-intensity-qualification-p17,17,21040,1,str_mlo_nmaxinflights_1,d6eb8327f96f8c21474f,1800,350,1450,1450,0.8055555555555556,29012.865555555556,True,32288.439999999995,6628316.0,71.04928
adaptive,obss_intensity,obss-intensity-qualification-p17,17,21040,1,score_aware_t2_v2,6e59868ee6bf22a876f6,1800,6,1794,1794,0.9966666666666667,33288.68,False,,4997132.0,70.14832
adaptive,obss_intensity,obss-intensity-qualification-p17,17,21040,1,distributional_shadow_t2,fc736cd15edab18ec484,1800,1,1799,1799,0.9994444444444445,33326.217777777776,False,,5146418.0,69.84752
adaptive,obss_intensity,obss-intensity-qualification-p18,18,21041,1,str_mlo_nmaxinflights_1,34eb1a32497aef4f7cf0,1800,1788,12,12,0.006666666666666667,2634.3394444444443,True,20072.14999999997,2910197.0,40.8864
adaptive,obss_intensity,obss-intensity-qualification-p18,18,21041,1,score_aware_t2_v2,4514197dd3c5d335d7f6,1800,1796,4,4,0.0022222222222222222,2171.9844444444443,True,12059.899999999987,2758003.0,40.8792
adaptive,obss_intensity,obss-intensity-qualification-p18,18,21041,1,distributional_shadow_t2,6b08654f86d77e6d8263,1800,1798,2,2,0.0011111111111111111,2003.4222222222222,True,8422.539999999999,3167091.0,40.8792
adaptive,obss_intensity,obss-intensity-qualification-p18,18,21042,1,str_mlo_nmaxinflights_1,a07f81e70c8d75abc7a1,1800,1604,196,196,0.10888888888888888,9084.486666666666,True,29918.240000000005,5668849.0,40.1248
adaptive,obss_intensity,obss-intensity-qualification-p18,18,21042,1,score_aware_t2_v2,42411b93fe5343fec1ae,1800,1430,370,370,0.20555555555555555,12974.24111111111,True,30899.82,8094955.0,40.1168
adaptive,obss_intensity,obss-intensity-qualification-p18,18,21042,1,distributional_shadow_t2,d2a5491b8175643541d8,1800,1476,324,324,0.18,12097.677222222223,True,30418.5,8453353.0,40.11568
adaptive,obss_intensity,obss-intensity-qualification-p18,18,21043,1,str_mlo_nmaxinflights_1,a54de809c84fbc19f0e0,1800,1781,19,19,0.010555555555555556,3062.51,True,19912.000000000004,2843105.0,42.11456
adaptive,obss_intensity,obss-intensity-qualification-p18,18,21043,1,score_aware_t2_v2,81214969272897af4b5e,1800,1760,40,40,0.022222222222222223,3881.8716666666664,True,19716.510000000002,3685158.0,42.11664
adaptive,obss_intensity,obss-intensity-qualification-p18,18,21043,1,distributional_shadow_t2,ddeeefe5ab6338a2f21b,1800,1745,55,55,0.030555555555555555,4339.246666666667,True,23127.39999999998,3587633.0,42.11744
adaptive,obss_intensity,obss-intensity-qualification-p18,18,21044,1,str_mlo_nmaxinflights_1,6caadc231398080ef34d,1800,1646,154,154,0.08555555555555555,7197.104444444444,True,28894.899999999987,4593233.0,40.3024
adaptive,obss_intensity,obss-intensity-qualification-p18,18,21044,1,score_aware_t2_v2,4a087e2696838f73f9b7,1800,1578,222,222,0.12333333333333334,9650.342777777778,True,28766.230000000003,7322278.0,40.30224
adaptive,obss_intensity,obss-intensity-qualification-p18,18,21044,1,distributional_shadow_t2,0f46cfc66ea69f25084c,1800,1530,270,270,0.15,10778.726666666667,True,30342.530000000006,7168796.0,40.3016
adaptive,obss_intensity,obss-intensity-qualification-p19,19,21045,1,str_mlo_nmaxinflights_1,7684539d79757d5a86f2,1800,1296,504,504,0.28,14775.654444444444,True,31281.349999999984,5703063.0,52.74792
adaptive,obss_intensity,obss-intensity-qualification-p19,19,21045,1,score_aware_t2_v2,fc7a6ae26c51c5ede6f4,1800,1105,695,695,0.3861111111111111,17741.205,True,31585.120000000006,6837496.0,52.65816
adaptive,obss_intensity,obss-intensity-qualification-p19,19,21045,1,distributional_shadow_t2,8d626a0fe7cf583cd19c,1800,1176,624,624,0.3466666666666667,16764.362222222222,True,31597.75,7205354.0,52.67064
adaptive,obss_intensity,obss-intensity-qualification-p19,19,21046,1,str_mlo_nmaxinflights_1,05208e7a96521063d62c,1800,927,873,873,0.485,22635.94,True,32540.16,12299351.0,52.7696
adaptive,obss_intensity,obss-intensity-qualification-p19,19,21046,1,score_aware_t2_v2,89398c378028e73585e8,1800,673,1127,1127,0.6261111111111111,25674.854444444445,True,32503.440000000002,13029805.0,51.6328
adaptive,obss_intensity,obss-intensity-qualification-p19,19,21046,1,distributional_shadow_t2,c02f78fe97c978c98e7a,1800,711,1089,1089,0.605,25355.681666666667,True,32546.1,13989223.0,51.64352
adaptive,obss_intensity,obss-intensity-qualification-p19,19,21047,1,str_mlo_nmaxinflights_1,db88a4ac364e5d44194a,1800,1471,329,329,0.1827777777777778,10939.611111111111,True,30386.699999999997,4432990.0,52.49072
adaptive,obss_intensity,obss-intensity-qualification-p19,19,21047,1,score_aware_t2_v2,219fe4094fda97edc148,1800,1258,542,542,0.3011111111111111,14806.248333333333,True,31852.090000000026,5643126.0,49.88712
adaptive,obss_intensity,obss-intensity-qualification-p19,19,21047,1,distributional_shadow_t2,22682ce02629a3391a9d,1800,1273,527,527,0.2927777777777778,15042.333888888888,True,31957.479999999996,5836461.0,49.88648
adaptive,obss_intensity,obss-intensity-qualification-p19,19,21048,1,str_mlo_nmaxinflights_1,34fa3f0801ec75ae74ba,1800,1494,306,306,0.17,10768.957222222221,True,30418.929999999993,4203254.0,51.84504
adaptive,obss_intensity,obss-intensity-qualification-p19,19,21048,1,score_aware_t2_v2,1572ef3d01691dfb929d,1800,1368,432,432,0.24,13813.41888888889,True,31152.879999999976,5366240.0,51.8188
adaptive,obss_intensity,obss-intensity-qualification-p19,19,21048,1,distributional_shadow_t2,2ecd3a31d2dcd299f976,1800,1408,392,392,0.21777777777777776,13159.253333333334,True,30830.670000000002,5683324.0,51.78232
adaptive,obss_intensity,obss-intensity-qualification-p20,20,21049,1,str_mlo_nmaxinflights_1,9afef8f7c1a3b4631f25,1800,2,1798,1798,0.9988888888888889,33302.30222222222,False,,3916087.0,69.90664
adaptive,obss_intensity,obss-intensity-qualification-p20,20,21049,1,score_aware_t2_v2,9ffc165938dc5e1eafec,1800,1,1799,1799,0.9994444444444445,33329.041666666664,False,,2280860.0,69.14944
adaptive,obss_intensity,obss-intensity-qualification-p20,20,21049,1,distributional_shadow_t2,44e1820d9d6b4b41c7b7,1800,0,1800,1800,1.0,33333.0,False,,2102568.0,69.37904
adaptive,obss_intensity,obss-intensity-qualification-p20,20,21050,1,str_mlo_nmaxinflights_1,a412ef765aef8fdda67e,1800,266,1534,1534,0.8522222222222222,30367.400555555556,True,32220.70000000003,5399807.0,75.35136
adaptive,obss_intensity,obss-intensity-qualification-p20,20,21050,1,score_aware_t2_v2,da0e3095fc9715645552,1800,202,1598,1598,0.8877777777777778,31062.27111111111,True,33188.55000000001,6702776.0,75.80528
adaptive,obss_intensity,obss-intensity-qualification-p20,20,21050,1,distributional_shadow_t2,9ae24aafcd23a8b56250,1800,163,1637,1637,0.9094444444444445,31491.865,True,33238.899999999994,6937784.0,75.61824
adaptive,obss_intensity,obss-intensity-qualification-p20,20,21051,1,str_mlo_nmaxinflights_1,73c7dd99110b05a28c3d,1800,5,1795,1795,0.9972222222222222,33269.91888888889,False,,6033382.0,73.27288
adaptive,obss_intensity,obss-intensity-qualification-p20,20,21051,1,score_aware_t2_v2,c89c0f0b1461e8fa89b3,1800,9,1791,1791,0.995,33228.40222222222,False,,5920520.0,73.63384
adaptive,obss_intensity,obss-intensity-qualification-p20,20,21051,1,distributional_shadow_t2,fb62a90fa3f988ba6682,1800,1,1799,1799,0.9994444444444445,33316.67277777778,False,,5748545.0,74.04632
adaptive,obss_intensity,obss-intensity-qualification-p20,20,21052,1,str_mlo_nmaxinflights_1,611f58d8588932015891,1800,56,1744,1744,0.9688888888888889,32783.44111111111,False,,4413638.0,66.0104
adaptive,obss_intensity,obss-intensity-qualification-p20,20,21052,1,score_aware_t2_v2,ab3ee4680d9855b4e3ad,1800,14,1786,1786,0.9922222222222222,33215.34611111111,False,,3285634.0,65.6916
adaptive,obss_intensity,obss-intensity-qualification-p20,20,21052,1,distributional_shadow_t2,ab7d8663b23f36c2a410,1800,10,1790,1790,0.9944444444444445,33246.473333333335,False,,3385830.0,65.53904
adaptive,obss_intensity,obss-intensity-qualification-p21,21,21053,1,str_mlo_nmaxinflights_1,b6495a02c54073819d39,1800,1729,71,71,0.03944444444444444,5273.822777777777,True,26401.44,4312110.0,38.946176
adaptive,obss_intensity,obss-intensity-qualification-p21,21,21053,1,score_aware_t2_v2,36dfde4e0538b05389a0,1800,1597,203,203,0.11277777777777778,9314.525,True,29696.039999999997,6338919.0,38.93812906666667
adaptive,obss_intensity,obss-intensity-qualification-p21,21,21053,1,distributional_shadow_t2,8153e36ddc93c1a5695e,1800,1643,157,157,0.08722222222222223,8368.578333333333,True,28798.499999999985,6480058.0,38.937540266666666
adaptive,obss_intensity,obss-intensity-qualification-p21,21,21054,1,str_mlo_nmaxinflights_1,e54821136d3b35c3c676,1800,1773,27,27,0.015,3877.7205555555556,True,21454.799999999996,3514082.0,38.716151466666666
adaptive,obss_intensity,obss-intensity-qualification-p21,21,21054,1,score_aware_t2_v2,4f9a784ee4bbb42caece,1800,1775,25,25,0.013888888888888888,4005.9266666666667,True,21085.379999999997,4569634.0,38.7124224
adaptive,obss_intensity,obss-intensity-qualification-p21,21,21054,1,distributional_shadow_t2,3fc09fd66913672ed127,1800,1765,35,35,0.019444444444444445,4397.655555555555,True,21602.279999999973,4434685.0,38.7118336
adaptive,obss_intensity,obss-intensity-qualification-p21,21,21055,1,str_mlo_nmaxinflights_1,7cff5b15c3990265080a,1800,1744,56,56,0.03111111111111111,5865.690555555556,True,28917.4,4280846.0,39.51770453333333
adaptive,obss_intensity,obss-intensity-qualification-p21,21,21055,1,score_aware_t2_v2,bd8170ea94af60fc0f4b,1800,1724,76,76,0.042222222222222223,6073.158888888889,True,26956.509999999987,4992955.0,39.51534933333333
adaptive,obss_intensity,obss-intensity-qualification-p21,21,21055,1,distributional_shadow_t2,56a8514200841b30827a,1800,1741,59,59,0.03277777777777778,5720.485,True,27315.999999999993,5218782.0,39.51691946666667
adaptive,obss_intensity,obss-intensity-qualification-p21,21,21056,1,str_mlo_nmaxinflights_1,9929c7ab3e839f86c589,1800,1744,56,56,0.03111111111111111,5473.48,True,27899.91999999994,3948363.0,39.83604906666667
adaptive,obss_intensity,obss-intensity-qualification-p21,21,21056,1,score_aware_t2_v2,55eab541e41cc7520a7c,1800,1762,38,38,0.021111111111111112,4297.747222222222,True,22815.719999999994,4020746.0,39.83683413333333
adaptive,obss_intensity,obss-intensity-qualification-p21,21,21056,1,distributional_shadow_t2,1758286a42479a4df23a,1800,1777,23,23,0.012777777777777779,4050.7972222222224,True,22731.88,4478415.0,39.83683413333333
adaptive,obss_intensity,obss-intensity-qualification-p22,22,21057,1,str_mlo_nmaxinflights_1,7dfcc2fb7b5a590ba9e2,1800,1623,177,177,0.09833333333333333,8131.389444444444,True,30889.6,4670305.0,47.22843306666667
adaptive,obss_intensity,obss-intensity-qualification-p22,22,21057,1,score_aware_t2_v2,9b42d2955660dd6a849f,1800,1577,223,223,0.1238888888888889,9251.98,True,29955.840000000007,6015238.0,47.21960106666667
adaptive,obss_intensity,obss-intensity-qualification-p22,22,21057,1,distributional_shadow_t2,0eeab2365924152a9f39,1800,1583,217,217,0.12055555555555555,9014.863888888889,True,30280.900000000016,6079514.0,47.22666666666667
adaptive,obss_intensity,obss-intensity-qualification-p22,22,21058,1,str_mlo_nmaxinflights_1,edcfaff87e3da229827c,1800,1659,141,141,0.07833333333333334,7409.920555555555,True,27711.64000000002,4477924.0,44.55469226666666
adaptive,obss_intensity,obss-intensity-qualification-p22,22,21058,1,score_aware_t2_v2,2af452a911dbb47c8876,1800,1631,169,169,0.09388888888888888,8170.558888888889,True,29006.700000000004,5753258.0,44.5674496
adaptive,obss_intensity,obss-intensity-qualification-p22,22,21058,1,distributional_shadow_t2,e03da4aa6691954e0391,1800,1632,168,168,0.09333333333333334,8035.941111111111,True,29144.42000000001,6081499.0,44.56705706666667
adaptive,obss_intensity,obss-intensity-qualification-p22,22,21059,1,str_mlo_nmaxinflights_1,75468ecc603616fb0fec,1800,1685,115,115,0.06388888888888888,5895.552222222223,True,27150.200000000037,3733975.0,45.72483413333333
adaptive,obss_intensity,obss-intensity-qualification-p22,22,21059,1,score_aware_t2_v2,f7bbce7b55aad8a6b0ba,1800,1778,22,22,0.012222222222222223,3593.7644444444445,True,24873.950000000004,3402428.0,45.7056
adaptive,obss_intensity,obss-intensity-qualification-p22,22,21059,1,distributional_shadow_t2,7846c2340c1e95677896,1800,1779,21,21,0.011666666666666667,3521.35,True,24826.640000000003,4197997.0,45.71188053333333
adaptive,obss_intensity,obss-intensity-qualification-p22,22,21060,1,str_mlo_nmaxinflights_1,0a1ddcfb39f0a3a71a58,1800,1575,225,225,0.125,8990.904444444444,True,29253.48,5054329.0,46.7436544
adaptive,obss_intensity,obss-intensity-qualification-p22,22,21060,1,score_aware_t2_v2,595f01324b7e355f70ec,1800,1418,382,382,0.21222222222222223,12320.257222222222,True,31223.84999999999,6981348.0,46.749738666666666
adaptive,obss_intensity,obss-intensity-qualification-p22,22,21060,1,distributional_shadow_t2,88a17f1a3c30b8922107,1800,1434,366,366,0.20333333333333334,11857.953333333333,True,30160.000000000007,7093876.0,46.7454208
adaptive,obss_intensity,obss-intensity-qualification-p23,23,21061,1,str_mlo_nmaxinflights_1,12e19f7b56c7ac00b9bc,1800,1787,13,13,0.007222222222222222,2481.9583333333335,True,16656.78,2946113.0,18.78848
adaptive,obss_intensity,obss-intensity-qualification-p23,23,21061,1,score_aware_t2_v2,f31b25b1f32af0034138,1800,1792,8,8,0.0044444444444444444,2480.7322222222224,True,14174.869999999915,3730225.0,18.78848
adaptive,obss_intensity,obss-intensity-qualification-p23,23,21061,1,distributional_shadow_t2,ebf6414fa024bc5c460a,1800,1794,6,6,0.0033333333333333335,2400.5116666666668,True,12502.439999999962,3981363.0,18.78848
adaptive,obss_intensity,obss-intensity-qualification-p23,23,21062,1,str_mlo_nmaxinflights_1,9cde30a6b66f3182cc22,1800,1720,80,80,0.044444444444444446,4928.468333333333,True,25731.85999999999,4165471.0,17.9536
adaptive,obss_intensity,obss-intensity-qualification-p23,23,21062,1,score_aware_t2_v2,5dae5a0e9b32d88561d8,1800,1691,109,109,0.06055555555555556,6036.78,True,27193.499999999916,5706820.0,17.9556
adaptive,obss_intensity,obss-intensity-qualification-p23,23,21062,1,distributional_shadow_t2,2d8b1e7f19a01d0b7a33,1800,1693,107,107,0.059444444444444446,6096.695,True,26786.399999999987,5707878.0,17.9556
adaptive,obss_intensity,obss-intensity-qualification-p23,23,21063,1,str_mlo_nmaxinflights_1,7e6ab52ebeb3037d83ea,1800,1775,25,25,0.013888888888888888,3145.9172222222223,True,21175.899999999998,3150629.0,18.02904
adaptive,obss_intensity,obss-intensity-qualification-p23,23,21063,1,score_aware_t2_v2,1a8b5656c93754c4c3b4,1800,1792,8,8,0.0044444444444444444,2629.087777777778,True,14568.829999999969,3250520.0,18.03376
adaptive,obss_intensity,obss-intensity-qualification-p23,23,21063,1,distributional_shadow_t2,5c78a12ad3f25e5755b1,1800,1794,6,6,0.0033333333333333335,2504.405,True,14015.19999999999,3501132.0,18.03376
adaptive,obss_intensity,obss-intensity-qualification-p23,23,21064,1,str_mlo_nmaxinflights_1,005d64e63c5b9405f351,1800,1694,106,106,0.058888888888888886,5185.213333333333,True,24321.589999999997,4274612.0,17.6456
adaptive,obss_intensity,obss-intensity-qualification-p23,23,21064,1,score_aware_t2_v2,7812130686952bfc5f37,1800,1699,101,101,0.05611111111111111,5312.743888888889,True,26407.499999999993,4893964.0,17.64592
adaptive,obss_intensity,obss-intensity-qualification-p23,23,21064,1,distributional_shadow_t2,d8e2bba755557d6ecf13,1800,1696,104,104,0.057777777777777775,5409.866111111111,True,23912.64999999999,4913187.0,17.64576
adaptive,obss_geometry_mac,obss-geometry-mac-qualification-p16,16,21065,1,str_mlo_nmaxinflights_1,38476652161c8b4fac3f,1800,1790,10,10,0.005555555555555556,2832.882777777778,True,17090.539999999957,3153810.0,26.94752
adaptive,obss_geometry_mac,obss-geometry-mac-qualification-p16,16,21065,1,score_aware_t2_v2,928589af8894ac16921e,1800,1784,16,16,0.008888888888888889,3040.195,True,15220.490000000007,3786249.0,26.9456
adaptive,obss_geometry_mac,obss-geometry-mac-qualification-p16,16,21065,1,distributional_shadow_t2,25e1dcee7b4202012c2d,1800,1784,16,16,0.008888888888888889,2987.043888888889,True,13265.70000000003,3885928.0,26.9456
adaptive,obss_geometry_mac,obss-geometry-mac-qualification-p16,16,21066,1,str_mlo_nmaxinflights_1,87d32a3df388454565a2,1800,1759,41,41,0.02277777777777778,4621.410555555555,True,23190.22000000001,4219537.0,26.52448
adaptive,obss_geometry_mac,obss-geometry-mac-qualification-p16,16,21066,1,score_aware_t2_v2,af0b7e4e400715927250,1800,1764,36,36,0.02,4376.08,True,22702.69999999999,4627900.0,26.52416
adaptive,obss_geometry_mac,obss-geometry-mac-qualification-p16,16,21066,1,distributional_shadow_t2,cf60df6bc56d4148771f,1800,1769,31,31,0.017222222222222222,4130.413333333333,True,19899.119999999988,4826875.0,26.52416
adaptive,obss_geometry_mac,obss-geometry-mac-qualification-p16,16,21067,1,str_mlo_nmaxinflights_1,9d8ef9af6c163da6f4a0,1800,1791,9,9,0.005,2483.5044444444443,True,12641.199999999995,2880157.0,26.33344
adaptive,obss_geometry_mac,obss-geometry-mac-qualification-p16,16,21067,1,score_aware_t2_v2,0940a51057db102a4707,1800,1787,13,13,0.007222222222222222,2831.8344444444447,True,15359.799999999997,3422484.0,26.3336
adaptive,obss_geometry_mac,obss-geometry-mac-qualification-p16,16,21067,1,distributional_shadow_t2,423f2a6e02e4dbdd9c72,1800,1789,11,11,0.006111111111111111,2681.8394444444443,True,15198.359999999979,3529908.0,26.3336
adaptive,obss_geometry_mac,obss-geometry-mac-qualification-p16,16,21068,1,str_mlo_nmaxinflights_1,641566ad5cb0d6e8b52a,1800,1798,2,2,0.0011111111111111111,2136.9394444444442,True,9565.509999999995,2948494.0,26.69408
adaptive,obss_geometry_mac,obss-geometry-mac-qualification-p16,16,21068,1,score_aware_t2_v2,f7f600b9a80847f00882,1800,1795,5,5,0.002777777777777778,1950.216111111111,True,9174.77999999997,2595341.0,26.69488
adaptive,obss_geometry_mac,obss-geometry-mac-qualification-p16,16,21068,1,distributional_shadow_t2,b1123c53ce72e0d10ea1,1800,1796,4,4,0.0022222222222222222,1886.3683333333333,True,8605.449999999999,2889454.0,26.69488
adaptive,obss_geometry_mac,obss-geometry-mac-qualification-p17,17,21069,1,str_mlo_nmaxinflights_1,537453ea5500886d5e40,1800,1794,6,6,0.0033333333333333335,2989.673888888889,True,17753.66999999997,3350596.0,27.43152
adaptive,obss_geometry_mac,obss-geometry-mac-qualification-p17,17,21069,1,score_aware_t2_v2,e32ded537f79691f8884,1800,1791,9,9,0.005,3204.2766666666666,True,14819.599999999966,4194157.0,27.43152
adaptive,obss_geometry_mac,obss-geometry-mac-qualification-p17,17,21069,1,distributional_shadow_t2,f877fe8c4cbca619a535,1800,1790,10,10,0.005555555555555556,3387.9383333333335,True,16526.90999999989,4199428.0,27.43152
adaptive,obss_geometry_mac,obss-geometry-mac-qualification-p17,17,21070,1,str_mlo_nmaxinflights_1,f47f1c9148121a7c13c7,1800,1796,4,4,0.0022222222222222222,2933.222222222222,True,19229.29999999999,3665414.0,27.30608
adaptive,obss_geometry_mac,obss-geometry-mac-qualification-p17,17,21070,1,score_aware_t2_v2,2026006553ab6d672bb2,1800,1796,4,4,0.0022222222222222222,2770.2361111111113,True,13475.149999999996,4029857.0,27.30608
adaptive,obss_geometry_mac,obss-geometry-mac-qualification-p17,17,21070,1,distributional_shadow_t2,4bfbe1f705698fa06a70,1800,1795,5,5,0.002777777777777778,2655.992777777778,True,11060.999999999984,4367938.0,27.30608
adaptive,obss_geometry_mac,obss-geometry-mac-qualification-p17,17,21071,1,str_mlo_nmaxinflights_1,57741496e289b50428b7,1800,1779,21,21,0.011666666666666667,3303.2205555555556,True,19174.160000000003,3682210.0,26.01328
adaptive,obss_geometry_mac,obss-geometry-mac-qualification-p17,17,21071,1,score_aware_t2_v2,04fbfac7aeac576e8c34,1800,1783,17,17,0.009444444444444445,3750.427222222222,True,18302.88000000001,5010911.0,26.01312
adaptive,obss_geometry_mac,obss-geometry-mac-qualification-p17,17,21071,1,distributional_shadow_t2,4f49e0a9fc44233b9984,1800,1782,18,18,0.01,3804.7638888888887,True,18466.730000000018,4998252.0,26.01312
adaptive,obss_geometry_mac,obss-geometry-mac-qualification-p17,17,21072,1,str_mlo_nmaxinflights_1,640e2d12b7af2209bca8,1800,1800,0,0,0.0,1806.9427777777778,True,7704.409999999999,2690177.0,25.912
adaptive,obss_geometry_mac,obss-geometry-mac-qualification-p17,17,21072,1,score_aware_t2_v2,17cef14efc1915831779,1800,1796,4,4,0.0022222222222222222,2234.1672222222223,True,9800.799999999985,2999861.0,25.912
adaptive,obss_geometry_mac,obss-geometry-mac-qualification-p17,17,21072,1,distributional_shadow_t2,40d338844e650bb53a06,1800,1798,2,2,0.0011111111111111111,2086.656111111111,True,9046.989999999994,3163927.0,25.912
adaptive,obss_geometry_mac,obss-geometry-mac-qualification-p18,18,21073,1,str_mlo_nmaxinflights_1,316c612ca4abd1c28769,1800,1746,54,54,0.03,4655.845,True,23590.749999999993,3937458.0,26.86048
adaptive,obss_geometry_mac,obss-geometry-mac-qualification-p18,18,21073,1,score_aware_t2_v2,430f6f96a09f63daa4d9,1800,1750,50,50,0.027777777777777776,5557.537777777778,True,26739.57,6094844.0,26.86048
adaptive,obss_geometry_mac,obss-geometry-mac-qualification-p18,18,21073,1,distributional_shadow_t2,a5cecc89f7f45a3693c8,1800,1707,93,93,0.051666666666666666,6628.32,True,29719.020000000004,6014123.0,26.86048
adaptive,obss_geometry_mac,obss-geometry-mac-qualification-p18,18,21074,1,str_mlo_nmaxinflights_1,81f8c38a44d1840e18c2,1800,1780,20,20,0.011111111111111112,3391.4155555555553,True,21269.760000000006,3679452.0,26.28144
adaptive,obss_geometry_mac,obss-geometry-mac-qualification-p18,18,21074,1,score_aware_t2_v2,034494ed93bc95ed3b20,1800,1782,18,18,0.01,3618.6483333333335,True,16809.120000000024,4638926.0,26.28144
adaptive,obss_geometry_mac,obss-geometry-mac-qualification-p18,18,21074,1,distributional_shadow_t2,de5c184351890c3283c3,1800,1754,46,46,0.025555555555555557,4353.688888888889,True,21233.390000000007,4521581.0,26.28144
adaptive,obss_geometry_mac,obss-geometry-mac-qualification-p18,18,21075,1,str_mlo_nmaxinflights_1,d22daf74604285cc74ce,1800,1778,22,22,0.012222222222222223,3674.0461111111113,True,19552.570000000003,3882049.0,26.67856
adaptive,obss_geometry_mac,obss-geometry-mac-qualification-p18,18,21075,1,score_aware_t2_v2,80bb6b5c7418ad9c14c3,1800,1782,18,18,0.01,3646.822222222222,True,18102.41000000001,4241425.0,26.67856
adaptive,obss_geometry_mac,obss-geometry-mac-qualification-p18,18,21075,1,distributional_shadow_t2,c03ea0640602acd00494,1800,1785,15,15,0.008333333333333333,3605.6711111111113,True,18821.160000000044,4229853.0,26.67856
adaptive,obss_geometry_mac,obss-geometry-mac-qualification-p18,18,21076,1,str_mlo_nmaxinflights_1,b329833fcf8d20b36c68,1800,1795,5,5,0.002777777777777778,2595.037222222222,True,14768.819999999982,3448694.0,26.27424
adaptive,obss_geometry_mac,obss-geometry-mac-qualification-p18,18,21076,1,score_aware_t2_v2,8e94923bc4cb23bb2a1a,1800,1776,24,24,0.013333333333333334,3158.1,True,16658.5,4576320.0,26.26944
adaptive,obss_geometry_mac,obss-geometry-mac-qualification-p18,18,21076,1,distributional_shadow_t2,d7d7c3a3d66e2878b56b,1800,1782,18,18,0.01,2968.286111111111,True,13566.990000000002,4666382.0,26.26944
adaptive,obss_geometry_mac,obss-geometry-mac-qualification-p19,19,21077,1,str_mlo_nmaxinflights_1,8589a5bed3a800d2a8c4,1800,1771,29,29,0.01611111111111111,4473.1,True,23468.09999999999,4088475.0,26.70416
adaptive,obss_geometry_mac,obss-geometry-mac-qualification-p19,19,21077,1,score_aware_t2_v2,a128428400a417d3ad1b,1800,1783,17,17,0.009444444444444445,4257.711666666667,True,20902.120000000046,4785858.0,26.70416
adaptive,obss_geometry_mac,obss-geometry-mac-qualification-p19,19,21077,1,distributional_shadow_t2,bf63c68641cb7d0e6ba9,1800,1782,18,18,0.01,4181.966666666666,True,21006.470000000034,4879258.0,26.70192
adaptive,obss_geometry_mac,obss-geometry-mac-qualification-p19,19,21078,1,str_mlo_nmaxinflights_1,2e8e1d76d97a0ba5f1f3,1800,1778,22,22,0.012222222222222223,3652.6022222222223,True,20293.090000000007,3511526.0,26.5624
adaptive,obss_geometry_mac,obss-geometry-mac-qualification-p19,19,21078,1,score_aware_t2_v2,5ee708699bd0cda0413d,1800,1773,27,27,0.015,4167.88,True,19615.07999999999,4733993.0,26.56624
adaptive,obss_geometry_mac,obss-geometry-mac-qualification-p19,19,21078,1,distributional_shadow_t2,d2930731b4ccd2585f4b,1800,1749,51,51,0.028333333333333332,4767.665555555555,True,20524.439999999988,4607121.0,26.56544
adaptive,obss_geometry_mac,obss-geometry-mac-qualification-p19,19,21079,1,str_mlo_nmaxinflights_1,ec8f2af3e12946ca9fe6,1800,1797,3,3,0.0016666666666666668,2017.9233333333334,True,11522.079999999987,2558331.0,26.52192
adaptive,obss_geometry_mac,obss-geometry-mac-qualification-p19,19,21079,1,score_aware_t2_v2,86a3e908fb4b9ccb9588,1800,1798,2,2,0.0011111111111111111,1908.1744444444444,True,9398.739999999998,2576530.0,26.52352
adaptive,obss_geometry_mac,obss-geometry-mac-qualification-p19,19,21079,1,distributional_shadow_t2,df13211c803a19610f3b,1800,1800,0,0,0.0,1789.7194444444444,True,7269.859999999999,2857043.0,26.52384
adaptive,obss_geometry_mac,obss-geometry-mac-qualification-p19,19,21080,1,str_mlo_nmaxinflights_1,7f082dbf135cc04bf18e,1800,1738,62,62,0.034444444444444444,5897.072222222222,True,24671.599999999962,4649749.0,27.68592
adaptive,obss_geometry_mac,obss-geometry-mac-qualification-p19,19,21080,1,score_aware_t2_v2,4e3b9f44bb48e47f6f6e,1800,1744,56,56,0.03111111111111111,6037.717777777778,True,27248.219999999987,5566025.0,27.68464
adaptive,obss_geometry_mac,obss-geometry-mac-qualification-p19,19,21080,1,distributional_shadow_t2,3850712d636c409c00a1,1800,1760,40,40,0.022222222222222223,5641.546666666667,True,26499.700000000063,5941875.0,27.68464
adaptive,obss_geometry_mac,obss-geometry-mac-qualification-p20,20,21081,1,str_mlo_nmaxinflights_1,da172758143a473a3180,1800,1797,3,3,0.0016666666666666668,3088.7555555555555,True,17643.079999999998,3405253.0,25.29168
adaptive,obss_geometry_mac,obss-geometry-mac-qualification-p20,20,21081,1,score_aware_t2_v2,a51449b8b24c90021019,1800,1797,3,3,0.0016666666666666668,2455.603888888889,True,11221.399999999998,3248551.0,25.29168
adaptive,obss_geometry_mac,obss-geometry-mac-qualification-p20,20,21081,1,distributional_shadow_t2,5c57bc503042d9696be5,1800,1800,0,0,0.0,2324.15,True,10103.65,3567085.0,25.29168
adaptive,obss_geometry_mac,obss-geometry-mac-qualification-p20,20,21082,1,str_mlo_nmaxinflights_1,f65397dd985e8f3cd5c9,1800,1759,41,41,0.02277777777777778,4708.499444444445,True,21983.12000000002,4216614.0,26.53584
adaptive,obss_geometry_mac,obss-geometry-mac-qualification-p20,20,21082,1,score_aware_t2_v2,11ffb949683d33829545,1800,1728,72,72,0.04,5656.132777777778,True,25232.060000000005,6092649.0,26.53296
adaptive,obss_geometry_mac,obss-geometry-mac-qualification-p20,20,21082,1,distributional_shadow_t2,a804cc6b8f4de72281d1,1800,1731,69,69,0.03833333333333333,5656.787222222222,True,25003.200000000004,6090383.0,26.53296
adaptive,obss_geometry_mac,obss-geometry-mac-qualification-p20,20,21083,1,str_mlo_nmaxinflights_1,a958d27f23b1a69bc802,1800,1782,18,18,0.01,3346.0816666666665,True,21149.35000000001,3082902.0,27.28768
adaptive,obss_geometry_mac,obss-geometry-mac-qualification-p20,20,21083,1,score_aware_t2_v2,b8cf9c48b000c624ee42,1800,1799,1,1,0.0005555555555555556,2064.197777777778,True,10496.959999999988,2744324.0,27.28768
adaptive,obss_geometry_mac,obss-geometry-mac-qualification-p20,20,21083,1,distributional_shadow_t2,dba671edf02dd7fe5e22,1800,1800,0,0,0.0,1992.2877777777778,True,9054.28,3092234.0,27.28768
adaptive,obss_geometry_mac,obss-geometry-mac-qualification-p20,20,21084,1,str_mlo_nmaxinflights_1,87a6c488ef28f898a253,1800,1741,59,59,0.03277777777777778,5983.901111111111,True,26295.799999999945,5120970.0,26.7408
adaptive,obss_geometry_mac,obss-geometry-mac-qualification-p20,20,21084,1,score_aware_t2_v2,b4c90543141f85e5774e,1800,1734,66,66,0.03666666666666667,6179.188888888889,True,26652.630000000063,6062650.0,26.7408
adaptive,obss_geometry_mac,obss-geometry-mac-qualification-p20,20,21084,1,distributional_shadow_t2,08aff76cd52260468e8a,1800,1739,61,61,0.03388888888888889,6101.586111111111,True,28291.759999999984,6267318.0,26.7408
adaptive,obss_geometry_mac,obss-geometry-mac-qualification-p21,21,21085,1,str_mlo_nmaxinflights_1,91fcc368848a17e71d1b,1800,1788,12,12,0.006666666666666667,2724.4994444444446,True,17658.129999999965,2954100.0,27.08032
adaptive,obss_geometry_mac,obss-geometry-mac-qualification-p21,21,21085,1,score_aware_t2_v2,bdc7d28787460e312646,1800,1795,5,5,0.002777777777777778,2198.2561111111113,True,15619.899999999996,2971976.0,27.08336
adaptive,obss_geometry_mac,obss-geometry-mac-qualification-p21,21,21085,1,distributional_shadow_t2,ae79e028384d0d030f35,1800,1795,5,5,0.002777777777777778,2081.0194444444446,True,12130.54,3368092.0,27.08352
adaptive,obss_geometry_mac,obss-geometry-mac-qualification-p21,21,21086,1,str_mlo_nmaxinflights_1,fb466d2f17f19f028399,1800,1745,55,55,0.030555555555555555,5147.654444444444,True,23865.199999999997,4283630.0,26.30464
adaptive,obss_geometry_mac,obss-geometry-mac-qualification-p21,21,21086,1,score_aware_t2_v2,8a4fe94d7c21202f5661,1800,1747,53,53,0.029444444444444443,5365.476111111111,True,24834.199999999997,5717041.0,26.30048
adaptive,obss_geometry_mac,obss-geometry-mac-qualification-p21,21,21086,1,distributional_shadow_t2,f806c28dcabc760b7e82,1800,1756,44,44,0.024444444444444446,5123.231111111111,True,23589.40000000001,5829309.0,26.3008
adaptive,obss_geometry_mac,obss-geometry-mac-qualification-p21,21,21087,1,str_mlo_nmaxinflights_1,9493dda5db8c34dbec49,1800,1769,31,31,0.017222222222222222,4720.145555555556,True,22154.639999999992,4444852.0,27.37088
adaptive,obss_geometry_mac,obss-geometry-mac-qualification-p21,21,21087,1,score_aware_t2_v2,3d5c32806c0fdbcba601,1800,1738,62,62,0.034444444444444444,5030.368888888889,True,25080.42,5248037.0,27.33872
adaptive,obss_geometry_mac,obss-geometry-mac-qualification-p21,21,21087,1,distributional_shadow_t2,f4178f4aa934d1335d59,1800,1762,38,38,0.021111111111111112,4635.81,True,25075.819999999996,5327012.0,27.33872
adaptive,obss_geometry_mac,obss-geometry-mac-qualification-p21,21,21088,1,str_mlo_nmaxinflights_1,255f0bb1fafd3d5a718a,1800,1793,7,7,0.0038888888888888888,2719.47,True,14758.639999999952,3279124.0,26.084
adaptive,obss_geometry_mac,obss-geometry-mac-qualification-p21,21,21088,1,score_aware_t2_v2,c2dd6c0fc43248f15d43,1800,1788,12,12,0.006666666666666667,3116.7083333333335,True,17096.639999999974,3875844.0,26.08352
adaptive,obss_geometry_mac,obss-geometry-mac-qualification-p21,21,21088,1,distributional_shadow_t2,3470abb0ad46820bb0f7,1800,1792,8,8,0.0044444444444444444,2844.615,True,14952.159999999982,4049847.0,26.08368
adaptive,obss_geometry_mac,obss-geometry-mac-qualification-p22,22,21089,1,str_mlo_nmaxinflights_1,278e185a1bb885a331cc,1800,1750,50,50,0.027777777777777776,4666.437777777778,True,26251.01,3775665.0,27.62016
adaptive,obss_geometry_mac,obss-geometry-mac-qualification-p22,22,21089,1,score_aware_t2_v2,34273dde381fa8b7e92b,1800,1737,63,63,0.035,5531.086111111111,True,26724.919999999955,5655943.0,27.62016
adaptive,obss_geometry_mac,obss-geometry-mac-qualification-p22,22,21089,1,distributional_shadow_t2,cf0c909013cb3311b646,1800,1698,102,102,0.056666666666666664,6430.857777777778,True,28246.899999999998,5497141.0,27.62016
adaptive,obss_geometry_mac,obss-geometry-mac-qualification-p22,22,21090,1,str_mlo_nmaxinflights_1,70410c5665609dca90ac,1800,1793,7,7,0.0038888888888888888,2590.3294444444446,True,18382.03999999995,3006475.0,26.4848
adaptive,obss_geometry_mac,obss-geometry-mac-qualification-p22,22,21090,1,score_aware_t2_v2,7693558be40518efee3c,1800,1798,2,2,0.0011111111111111111,2033.0455555555557,True,10482.33,2877478.0,26.4848
adaptive,obss_geometry_mac,obss-geometry-mac-qualification-p22,22,21090,1,distributional_shadow_t2,2dc90bd1ebf78fd55e65,1800,1799,1,1,0.0005555555555555556,1914.6416666666667,True,8559.14,3123312.0,26.4848
adaptive,obss_geometry_mac,obss-geometry-mac-qualification-p22,22,21091,1,str_mlo_nmaxinflights_1,ff3178732f4bcfcd89e2,1800,1743,57,57,0.03166666666666667,5005.455555555555,True,25409.519999999997,3921796.0,26.36896
adaptive,obss_geometry_mac,obss-geometry-mac-qualification-p22,22,21091,1,score_aware_t2_v2,6ec3844ecdd2aed1cf5e,1800,1744,56,56,0.03111111111111111,5611.942777777777,True,26882.499999999996,5417752.0,26.36896
adaptive,obss_geometry_mac,obss-geometry-mac-qualification-p22,22,21091,1,distributional_shadow_t2,d0e0d86c39a915fdb67a,1800,1740,60,60,0.03333333333333333,5613.515555555556,True,27303.469999999936,5424855.0,26.36896
adaptive,obss_geometry_mac,obss-geometry-mac-qualification-p22,22,21092,1,str_mlo_nmaxinflights_1,90c2709f7d805f8486bd,1800,1791,9,9,0.005,2439.17,True,12961.599999999919,3099603.0,26.06784
adaptive,obss_geometry_mac,obss-geometry-mac-qualification-p22,22,21092,1,score_aware_t2_v2,7990469e947015d17234,1800,1783,17,17,0.009444444444444445,3019.512777777778,True,16928.38000000001,4108247.0,26.06784
adaptive,obss_geometry_mac,obss-geometry-mac-qualification-p22,22,21092,1,distributional_shadow_t2,1462ec65551b8534b7e6,1800,1791,9,9,0.005,2700.987222222222,True,14566.299999999943,4205926.0,26.06784
adaptive,obss_geometry_mac,obss-geometry-mac-qualification-p23,23,21093,1,str_mlo_nmaxinflights_1,902c4cb02a853a483060,1800,1781,19,19,0.010555555555555556,3857.911111111111,True,24419.000000000007,3735226.0,26.4664
adaptive,obss_geometry_mac,obss-geometry-mac-qualification-p23,23,21093,1,score_aware_t2_v2,f8c170c22de1615bec99,1800,1766,34,34,0.01888888888888889,4419.695555555556,True,20403.44999999999,4674947.0,26.4664
adaptive,obss_geometry_mac,obss-geometry-mac-qualification-p23,23,21093,1,distributional_shadow_t2,16cd9e8b4d23d34f7c68,1800,1761,39,39,0.021666666666666667,4576.109444444444,True,19851.00000000008,4620221.0,26.4664
adaptive,obss_geometry_mac,obss-geometry-mac-qualification-p23,23,21094,1,str_mlo_nmaxinflights_1,3c585fc1a52ab3650b3a,1800,1793,7,7,0.0038888888888888888,2607.34,True,15896.719999999954,3167342.0,26.94784
adaptive,obss_geometry_mac,obss-geometry-mac-qualification-p23,23,21094,1,score_aware_t2_v2,b4fdf4f214c95b5c0c3b,1800,1795,5,5,0.002777777777777778,2277.3055555555557,True,12054.939999999995,3212920.0,26.94784
adaptive,obss_geometry_mac,obss-geometry-mac-qualification-p23,23,21094,1,distributional_shadow_t2,beb3b4d38d55957eb200,1800,1797,3,3,0.0016666666666666668,2172.0705555555555,True,10122.799999999972,3446204.0,26.94784
adaptive,obss_geometry_mac,obss-geometry-mac-qualification-p23,23,21095,1,str_mlo_nmaxinflights_1,22910199f90af43ea780,1800,1758,42,42,0.023333333333333334,4429.817777777777,True,24272.240000000005,3987056.0,26.77056
adaptive,obss_geometry_mac,obss-geometry-mac-qualification-p23,23,21095,1,score_aware_t2_v2,d738fdfda18bb36571ed,1800,1755,45,45,0.025,4644.176666666666,True,22508.38,5502754.0,26.77056
adaptive,obss_geometry_mac,obss-geometry-mac-qualification-p23,23,21095,1,distributional_shadow_t2,748bf2f299799b23ab30,1800,1726,74,74,0.04111111111111111,5632.373333333333,True,25520.0,5354552.0,26.77056
adaptive,obss_geometry_mac,obss-geometry-mac-qualification-p23,23,21096,1,str_mlo_nmaxinflights_1,6e600d036dfb86f748cb,1800,1786,14,14,0.0077777777777777776,2816.5172222222222,True,19386.150000000016,3121727.0,27.20448
adaptive,obss_geometry_mac,obss-geometry-mac-qualification-p23,23,21096,1,score_aware_t2_v2,82c4e752b45487a94328,1800,1788,12,12,0.006666666666666667,3014.3088888888888,True,18098.069999999985,3768968.0,27.20448
adaptive,obss_geometry_mac,obss-geometry-mac-qualification-p23,23,21096,1,distributional_shadow_t2,098b8f9983db0220417c,1800,1785,15,15,0.008333333333333333,3119.9005555555555,True,20469.16000000005,3739555.0,27.20448
adaptive,video_workload,video-workload-qualification-p16,16,21097,1,str_mlo_nmaxinflights_1,c48a5ee0def507f18f74,3600,3519,81,81,0.0225,2581.0261111111113,True,13273.92000000001,5036641.0,25.7128
adaptive,video_workload,video-workload-qualification-p16,16,21097,1,score_aware_t2_v2,720bb960e4e910195b39,3600,3452,148,148,0.04111111111111111,3205.1086111111113,True,13253.429999999977,6726535.0,25.70864
adaptive,video_workload,video-workload-qualification-p16,16,21097,1,distributional_shadow_t2,b0a99b3ecaab8351b3ca,3600,3439,161,161,0.04472222222222222,3240.1241666666665,True,13192.259999999998,6810074.0,25.70816
adaptive,video_workload,video-workload-qualification-p16,16,21098,1,str_mlo_nmaxinflights_1,a1f1ec17bf847e7aa3ef,3600,3475,125,125,0.034722222222222224,3000.1447222222223,True,13411.61999999999,5245126.0,26.43936
adaptive,video_workload,video-workload-qualification-p16,16,21098,1,score_aware_t2_v2,0a5ef5fdf4b2983f2175,3600,3469,131,131,0.03638888888888889,3178.745,True,13621.32,6218449.0,26.43808
adaptive,video_workload,video-workload-qualification-p16,16,21098,1,distributional_shadow_t2,a57ef6216e4593ea6a6c,3600,3474,126,126,0.035,3119.8433333333332,True,13208.339999999998,6150898.0,26.43696
adaptive,video_workload,video-workload-qualification-p16,16,21099,1,str_mlo_nmaxinflights_1,cb9f06de099b47946a74,3600,3589,11,11,0.0030555555555555557,1289.3258333333333,True,7004.479999999994,3608775.0,26.40448
adaptive,video_workload,video-workload-qualification-p16,16,21099,1,score_aware_t2_v2,dcee4ca13788c7ad33dd,3600,3597,3,3,0.0008333333333333334,1237.04,True,6030.719999999999,3421990.0,26.3968
adaptive,video_workload,video-workload-qualification-p16,16,21099,1,distributional_shadow_t2,f418d573a6916e37a758,3600,3599,1,1,0.0002777777777777778,1197.1108333333334,True,5432.32,3510173.0,26.3968
adaptive,video_workload,video-workload-qualification-p16,16,21100,1,str_mlo_nmaxinflights_1,3a54d055d1a2a8b0a49d,3600,3525,75,75,0.020833333333333332,2473.4958333333334,True,12739.119999999995,5029099.0,26.38768
adaptive,video_workload,video-workload-qualification-p16,16,21100,1,score_aware_t2_v2,f82456433a6987e7e9c0,3600,3431,169,169,0.04694444444444444,3310.2341666666666,True,13288.299999999996,6640924.0,26.37872
adaptive,video_workload,video-workload-qualification-p16,16,21100,1,distributional_shadow_t2,f0cbbb1cb1f7d2088707,3600,3464,136,136,0.03777777777777778,3185.2838888888887,True,13316.579999999996,6809756.0,26.37712
adaptive,video_workload,video-workload-qualification-p17,17,21101,1,str_mlo_nmaxinflights_1,5bdabb793c70d9b6cf4b,3600,3548,52,52,0.014444444444444444,2661.2097222222224,True,12082.419999999971,6198255.0,27.15136
adaptive,video_workload,video-workload-qualification-p17,17,21101,1,score_aware_t2_v2,a23e528078e183a5ff74,3600,3594,6,6,0.0016666666666666668,2089.5030555555554,True,8965.350000000017,6169563.0,27.1496
adaptive,video_workload,video-workload-qualification-p17,17,21101,1,distributional_shadow_t2,cc12889ad1ec22ef6b08,3600,3595,5,5,0.001388888888888889,2087.965,True,8694.119999999999,6038294.0,27.14976
adaptive,video_workload,video-workload-qualification-p17,17,21102,1,str_mlo_nmaxinflights_1,1fc7eb7c9d9f548b0efe,3600,3443,157,157,0.043611111111111114,3507.376388888889,True,14174.999999999996,7263704.0,26.89744
adaptive,video_workload,video-workload-qualification-p17,17,21102,1,score_aware_t2_v2,c4dfd41dbaa75859345c,3600,3346,254,254,0.07055555555555555,4362.966388888889,True,14613.050000000032,9203591.0,26.89792
adaptive,video_workload,video-workload-qualification-p17,17,21102,1,distributional_shadow_t2,cb243e5e61df74f96997,3600,3325,275,275,0.0763888888888889,4560.385277777777,True,15223.599999999991,9005924.0,26.89792
adaptive,video_workload,video-workload-qualification-p17,17,21103,1,str_mlo_nmaxinflights_1,4ff9daeebcceb99f035f,3600,3591,9,9,0.0025,1964.8269444444445,True,9175.799999999988,5640198.0,26.9216
adaptive,video_workload,video-workload-qualification-p17,17,21103,1,score_aware_t2_v2,1312eed0f56fb5835f27,3600,3588,12,12,0.0033333333333333335,2040.4677777777779,True,8120.770000000003,6430195.0,26.92288
adaptive,video_workload,video-workload-qualification-p17,17,21103,1,distributional_shadow_t2,5b37a314e2cdf8ab5074,3600,3583,17,17,0.004722222222222222,2097.6266666666666,True,8500.33999999999,6285790.0,26.92288
adaptive,video_workload,video-workload-qualification-p17,17,21104,1,str_mlo_nmaxinflights_1,fd4205559a7fc1f965b9,3600,3414,186,186,0.051666666666666666,4207.723055555555,True,14834.519999999979,7881491.0,25.99568
adaptive,video_workload,video-workload-qualification-p17,17,21104,1,score_aware_t2_v2,dc8ea09c96deaf25d4fd,3600,3287,313,313,0.08694444444444445,4802.735555555556,True,15277.099999999999,9358212.0,25.99632
adaptive,video_workload,video-workload-qualification-p17,17,21104,1,distributional_shadow_t2,f1088707db82c5af94a8,3600,3353,247,247,0.06861111111111111,4560.963611111111,True,14903.8,9615522.0,25.99632
adaptive,video_workload,video-workload-qualification-p18,18,21105,1,str_mlo_nmaxinflights_1,2843c86e3edf34ac8629,1440,1421,19,19,0.013194444444444444,3898.3888888888887,True,22825.19999999994,3248592.0,25.92016
adaptive,video_workload,video-workload-qualification-p18,18,21105,1,score_aware_t2_v2,0c99a724626ca7480eb5,1440,1415,25,25,0.017361111111111112,2844.95,True,11022.13999999998,3192219.0,25.91824
adaptive,video_workload,video-workload-qualification-p18,18,21105,1,distributional_shadow_t2,b7385f24761ac9327577,1440,1431,9,9,0.00625,2385.2208333333333,True,10068.300000000014,3345572.0,25.91824
adaptive,video_workload,video-workload-qualification-p18,18,21106,1,str_mlo_nmaxinflights_1,014ba598f09d2aecc8fe,1440,1415,25,25,0.017361111111111112,4840.659027777778,True,26425.39999999985,3348690.0,27.52096
adaptive,video_workload,video-workload-qualification-p18,18,21106,1,score_aware_t2_v2,b1580aacbb19c06d07ad,1440,1425,15,15,0.010416666666666666,4787.5368055555555,True,26764.359999999982,4356183.0,27.52032
adaptive,video_workload,video-workload-qualification-p18,18,21106,1,distributional_shadow_t2,1b49fa0497893a1b14dd,1440,1421,19,19,0.013194444444444444,4889.895138888889,True,26784.1999999999,4358411.0,27.52016
adaptive,video_workload,video-workload-qualification-p18,18,21107,1,str_mlo_nmaxinflights_1,b7130fd1f75bf5c9e42b,1440,1421,19,19,0.013194444444444444,4976.601388888889,True,26228.99999999997,3783260.0,26.8808
adaptive,video_workload,video-workload-qualification-p18,18,21107,1,score_aware_t2_v2,d98516ee635a63b2aa01,1440,1423,17,17,0.011805555555555555,4229.095138888889,True,18843.059999999994,4024308.0,26.87808
adaptive,video_workload,video-workload-qualification-p18,18,21107,1,distributional_shadow_t2,187cfddce88ea8e55f6d,1440,1422,18,18,0.0125,4290.170833333334,True,19724.059999999965,3988270.0,26.87808
adaptive,video_workload,video-workload-qualification-p18,18,21108,1,str_mlo_nmaxinflights_1,2854048ea44dc01aa4d5,1440,1426,14,14,0.009722222222222222,3739.5118055555554,True,22796.75,3176069.0,27.11632
adaptive,video_workload,video-workload-qualification-p18,18,21108,1,score_aware_t2_v2,5322a720800f7979e792,1440,1436,4,4,0.002777777777777778,2240.016666666667,True,10992.750000000073,2713953.0,27.11872
adaptive,video_workload,video-workload-qualification-p18,18,21108,1,distributional_shadow_t2,753b9f9683737d15ec60,1440,1438,2,2,0.001388888888888889,2170.313888888889,True,11343.139999999932,2966567.0,27.11872
adaptive,video_workload,video-workload-qualification-p19,19,21109,1,str_mlo_nmaxinflights_1,0710bd335c034df7dd7e,1800,1777,23,23,0.012777777777777779,3648.366111111111,True,19565.040000000005,3202835.0,26.16512
adaptive,video_workload,video-workload-qualification-p19,19,21109,1,score_aware_t2_v2,ac73f4a911cd794fc42d,1800,1774,26,26,0.014444444444444444,3998.7105555555554,True,18727.169999999995,4226319.0,26.16192
adaptive,video_workload,video-workload-qualification-p19,19,21109,1,distributional_shadow_t2,69611f11a86bd4c7b42d,1800,1775,25,25,0.013888888888888888,4006.967222222222,True,19044.44,4281867.0,26.16192
adaptive,video_workload,video-workload-qualification-p19,19,21110,1,str_mlo_nmaxinflights_1,6e0240012991ef02c66f,1800,1793,7,7,0.0038888888888888888,2461.0422222222223,True,14485.839999999982,3128948.0,26.468
adaptive,video_workload,video-workload-qualification-p19,19,21110,1,score_aware_t2_v2,34a022ad5909ba2168cd,1800,1800,0,0,0.0,2142.1311111111113,True,11403.969999999994,3137539.0,26.46736
adaptive,video_workload,video-workload-qualification-p19,19,21110,1,distributional_shadow_t2,e36f9bad1c21c04eb841,1800,1800,0,0,0.0,2080.3716666666664,True,10627.789999999997,3332844.0,26.46736
adaptive,video_workload,video-workload-qualification-p19,19,21111,1,str_mlo_nmaxinflights_1,c75e02e93a6f6a8d36ef,1800,1773,27,27,0.015,3836.4383333333335,True,19928.559999999998,3384574.0,26.32096
adaptive,video_workload,video-workload-qualification-p19,19,21111,1,score_aware_t2_v2,bf682d1ef1f390a4ee2c,1800,1771,29,29,0.01611111111111111,4007.9211111111113,True,20912.799999999977,4183240.0,26.32208
adaptive,video_workload,video-workload-qualification-p19,19,21111,1,distributional_shadow_t2,2f74d06dcaba891ed9a5,1800,1774,26,26,0.014444444444444444,3882.315,True,19463.01999999999,4345813.0,26.32208
adaptive,video_workload,video-workload-qualification-p19,19,21112,1,str_mlo_nmaxinflights_1,1cd6b6b911c0709a1a73,1800,1788,12,12,0.006666666666666667,2998.072222222222,True,21090.059999999947,2926955.0,26.42464
adaptive,video_workload,video-workload-qualification-p19,19,21112,1,score_aware_t2_v2,8dd26ff1bf2977ba6d3d,1800,1795,5,5,0.002777777777777778,2083.905,True,10190.639999999967,2699541.0,26.42576
adaptive,video_workload,video-workload-qualification-p19,19,21112,1,distributional_shadow_t2,818eec135c808a90b8df,1800,1798,2,2,0.0011111111111111111,1996.175,True,9243.479999999996,3045675.0,26.42576
adaptive,video_workload,video-workload-qualification-p20,20,21113,1,str_mlo_nmaxinflights_1,4e11998dd5f8905018ff,2700,2643,57,57,0.021111111111111112,2698.142592592593,True,15598.96,3465798.0,27.10608
adaptive,video_workload,video-workload-qualification-p20,20,21113,1,score_aware_t2_v2,47314182cca2e2415109,2700,2615,85,85,0.03148148148148148,3411.958148148148,True,17288.480000000047,4734988.0,27.10752
adaptive,video_workload,video-workload-qualification-p20,20,21113,1,distributional_shadow_t2,25b88a2eff9395e626c3,2700,2632,68,68,0.025185185185185185,3127.924814814815,True,14886.55000000001,4687067.0,27.1064
adaptive,video_workload,video-workload-qualification-p20,20,21114,1,str_mlo_nmaxinflights_1,21975a308fe178770b39,2700,2698,2,2,0.0007407407407407407,1259.9855555555555,True,8133.730000000019,2258336.0,26.10624
adaptive,video_workload,video-workload-qualification-p20,20,21114,1,score_aware_t2_v2,cc854549794d393b0612,2700,2700,0,0,0.0,1088.0637037037036,True,4686.789999999981,2241673.0,26.10704
adaptive,video_workload,video-workload-qualification-p20,20,21114,1,distributional_shadow_t2,cfa2a239afe410092961,2700,2700,0,0,0.0,1062.954074074074,True,3986.389999999991,2376501.0,26.10752
adaptive,video_workload,video-workload-qualification-p20,20,21115,1,str_mlo_nmaxinflights_1,13e7eb1aa264004a3a31,2700,2667,33,33,0.012222222222222223,2411.7751851851854,True,13463.340000000044,3311583.0,26.30928
adaptive,video_workload,video-workload-qualification-p20,20,21115,1,score_aware_t2_v2,96e92f011c0e97757d1a,2700,2678,22,22,0.008148148148148147,2136.564074074074,True,11436.91,3753158.0,26.30688
adaptive,video_workload,video-workload-qualification-p20,20,21115,1,distributional_shadow_t2,1685b6a301cbb0cbdcb6,2700,2681,19,19,0.007037037037037037,2079.0825925925924,True,11248.399999999978,3897038.0,26.30944
adaptive,video_workload,video-workload-qualification-p20,20,21116,1,str_mlo_nmaxinflights_1,236ef9020208beea412a,2700,2697,3,3,0.0011111111111111111,1510.8722222222223,True,8636.599999999995,2761317.0,26.31296
adaptive,video_workload,video-workload-qualification-p20,20,21116,1,score_aware_t2_v2,e3ecc020eca7ce2aa8a6,2700,2693,7,7,0.0025925925925925925,1742.49,True,8781.8,3389742.0,26.31488
adaptive,video_workload,video-workload-qualification-p20,20,21116,1,distributional_shadow_t2,ecc6b8c923aecf04850e,2700,2696,4,4,0.0014814814814814814,1651.9222222222222,True,7485.600000000057,3587784.0,26.31488
adaptive,video_workload,video-workload-qualification-p21,21,21117,1,str_mlo_nmaxinflights_1,13e4d33f50cdb56b1849,1800,1776,24,24,0.013333333333333334,3002.947777777778,True,18536.5,2793427.0,26.27072
adaptive,video_workload,video-workload-qualification-p21,21,21117,1,score_aware_t2_v2,522cf352b3076b0e14b7,1800,1782,18,18,0.01,3081.4983333333334,True,16465.880000000012,3522572.0,26.27056
adaptive,video_workload,video-workload-qualification-p21,21,21117,1,distributional_shadow_t2,9845532e247c6456c682,1800,1783,17,17,0.009444444444444445,2919.1111111111113,True,14471.340000000017,3588745.0,26.27056
adaptive,video_workload,video-workload-qualification-p21,21,21118,1,str_mlo_nmaxinflights_1,602635090a9af3fb8df6,1800,1779,21,21,0.011666666666666667,3272.6494444444443,True,18928.100000000006,2787320.0,26.4248
adaptive,video_workload,video-workload-qualification-p21,21,21118,1,score_aware_t2_v2,e0e29c13f16116a718d4,1800,1786,14,14,0.0077777777777777776,3160.1766666666667,True,17103.200000000033,3567588.0,26.42656
adaptive,video_workload,video-workload-qualification-p21,21,21118,1,distributional_shadow_t2,9f301d0efaa1f20a673c,1800,1783,17,17,0.009444444444444445,3158.9055555555556,True,17637.640000000087,3622248.0,26.42656
adaptive,video_workload,video-workload-qualification-p21,21,21119,1,str_mlo_nmaxinflights_1,249d4072ff0a8fa82b33,1800,1791,9,9,0.005,2171.793888888889,True,12879.29999999992,2419438.0,27.14016
adaptive,video_workload,video-workload-qualification-p21,21,21119,1,score_aware_t2_v2,f3a7065aa5ca18254c49,1800,1799,1,1,0.0005555555555555556,1529.1255555555556,True,7262.819999999996,2097295.0,27.1432
adaptive,video_workload,video-workload-qualification-p21,21,21119,1,distributional_shadow_t2,69beb9a49a6816520713,1800,1799,1,1,0.0005555555555555556,1470.0472222222222,True,5970.42,2353112.0,27.14448
adaptive,video_workload,video-workload-qualification-p21,21,21120,1,str_mlo_nmaxinflights_1,094070a8d77ef8567673,1800,1766,34,34,0.01888888888888889,3188.2483333333334,True,19036.299999999996,2814347.0,26.61856
adaptive,video_workload,video-workload-qualification-p21,21,21120,1,score_aware_t2_v2,1f83e2358245095c6cf6,1800,1781,19,19,0.010555555555555556,3428.3333333333335,True,17411.60000000003,3846178.0,26.61664
adaptive,video_workload,video-workload-qualification-p21,21,21120,1,distributional_shadow_t2,508f5941a24ee5050483,1800,1787,13,13,0.007222222222222222,3367.822777777778,True,16659.07999999999,3840924.0,26.61664
adaptive,video_workload,video-workload-qualification-p22,22,21121,1,str_mlo_nmaxinflights_1,616f67ad228df3146ae8,2700,2682,18,18,0.006666666666666667,2313.645925925926,True,12104.90000000001,4147142.0,27.51136
adaptive,video_workload,video-workload-qualification-p22,22,21121,1,score_aware_t2_v2,a6b59d9a96fa0d13f1d4,2700,2684,16,16,0.005925925925925926,2409.467777777778,True,13712.040000000015,4763740.0,27.51008
adaptive,video_workload,video-workload-qualification-p22,22,21121,1,distributional_shadow_t2,ef12dee0a15f249b8e36,2700,2687,13,13,0.004814814814814815,2374.9181481481482,True,13186.199999999926,4710797.0,27.50976
adaptive,video_workload,video-workload-qualification-p22,22,21122,1,str_mlo_nmaxinflights_1,08192368d4ec62a3d4b7,2700,2614,86,86,0.03185185185185185,3995.3144444444442,True,17138.899999999994,5390608.0,26.21632
adaptive,video_workload,video-workload-qualification-p22,22,21122,1,score_aware_t2_v2,df177f2c404ef0079cb8,2700,2628,72,72,0.02666666666666667,3996.755925925926,True,17736.990000000005,6274187.0,26.21616
adaptive,video_workload,video-workload-qualification-p22,22,21122,1,distributional_shadow_t2,d778c33b9d0ebf85b8b5,2700,2627,73,73,0.027037037037037037,4038.658148148148,True,17515.799999999996,6300413.0,26.2152
adaptive,video_workload,video-workload-qualification-p22,22,21123,1,str_mlo_nmaxinflights_1,7d157f9cf2bd5106dd7a,2700,2696,4,4,0.0014814814814814814,1532.1692592592592,True,6807.200000000008,3355098.0,26.47088
adaptive,video_workload,video-workload-qualification-p22,22,21123,1,score_aware_t2_v2,6c1b78d8452db13503ef,2700,2695,5,5,0.001851851851851852,1702.7185185185185,True,6545.159999999995,3684035.0,26.47088
adaptive,video_workload,video-workload-qualification-p22,22,21123,1,distributional_shadow_t2,4caecb0da84c81950ee3,2700,2696,4,4,0.0014814814814814814,1655.2514814814815,True,6027.050000000011,3828523.0,26.47088
adaptive,video_workload,video-workload-qualification-p22,22,21124,1,str_mlo_nmaxinflights_1,6db82f32867c939f8935,2700,2601,99,99,0.03666666666666667,3803.9948148148146,True,17590.0,5826557.0,26.98976
adaptive,video_workload,video-workload-qualification-p22,22,21124,1,score_aware_t2_v2,924345fd74a93e443b5f,2700,2479,221,221,0.08185185185185186,5529.293703703704,True,18503.63999999999,8229272.0,26.98416
adaptive,video_workload,video-workload-qualification-p22,22,21124,1,distributional_shadow_t2,8ee8a98e028af47970f9,2700,2503,197,197,0.07296296296296297,5525.888518518518,True,19792.46,8219963.0,26.98624
adaptive,video_workload,video-workload-qualification-p23,23,21125,1,str_mlo_nmaxinflights_1,ba86d1fd85a98ec736ce,1440,1435,5,5,0.003472222222222222,1355.0472222222222,True,9925.320000000012,1118998.0,26.6408
adaptive,video_workload,video-workload-qualification-p23,23,21125,1,score_aware_t2_v2,dfaac1d726a22ea4c67f,1440,1439,1,1,0.0006944444444444445,1231.0083333333334,True,7178.4199999999955,1107484.0,26.63728
adaptive,video_workload,video-workload-qualification-p23,23,21125,1,distributional_shadow_t2,eac7b1de7bcc79014e17,1440,1439,1,1,0.0006944444444444445,1178.6583333333333,True,6066.079999999991,1284296.0,26.6368
adaptive,video_workload,video-workload-qualification-p23,23,21126,1,str_mlo_nmaxinflights_1,f8c7e24d175a567d780b,1440,1433,7,7,0.004861111111111111,1932.2895833333334,True,12986.280000000079,1482557.0,25.8416
adaptive,video_workload,video-workload-qualification-p23,23,21126,1,score_aware_t2_v2,0e970df5b38b7772ae7e,1440,1432,8,8,0.005555555555555556,2360.9861111111113,True,16807.040000000034,1884464.0,25.83664
adaptive,video_workload,video-workload-qualification-p23,23,21126,1,distributional_shadow_t2,f54593efa07098117523,1440,1439,1,1,0.0006944444444444445,1706.8368055555557,True,9429.099999999955,1984317.0,25.83664
adaptive,video_workload,video-workload-qualification-p23,23,21127,1,str_mlo_nmaxinflights_1,35d7becadf2572529d26,1440,1424,16,16,0.011111111111111112,2488.4256944444446,True,19344.57,1770729.0,27.38864
adaptive,video_workload,video-workload-qualification-p23,23,21127,1,score_aware_t2_v2,cb82f7e76e2ab9a1930f,1440,1427,13,13,0.009027777777777777,3055.0694444444443,True,20516.78,2465050.0,27.38752
adaptive,video_workload,video-workload-qualification-p23,23,21127,1,distributional_shadow_t2,59532a2fb1cd33660f1c,1440,1434,6,6,0.004166666666666667,2293.4347222222223,True,12213.510000000011,2609932.0,27.38752
adaptive,video_workload,video-workload-qualification-p23,23,21128,1,str_mlo_nmaxinflights_1,4780b16896bf660422e4,1440,1439,1,1,0.0006944444444444445,1341.7701388888888,True,8885.039999999974,1162033.0,26.07888
adaptive,video_workload,video-workload-qualification-p23,23,21128,1,score_aware_t2_v2,5993d87ab4d9e10b92c5,1440,1440,0,0,0.0,1001.3541666666666,True,5492.289999999992,1001179.0,26.07776
adaptive,video_workload,video-workload-qualification-p23,23,21128,1,distributional_shadow_t2,e96b809dce5a428a0f91,1440,1440,0,0,0.0,962.7243055555556,True,4077.319999999989,1115376.0,26.07776
adaptive,legacy_coexistence,legacy-coexistence-qualification-p16,16,21129,1,str_mlo_nmaxinflights_1,c4e317db34996d799557,1800,1697,103,103,0.05722222222222222,6727.586666666667,True,28756.0,5415403.0,26.74592
adaptive,legacy_coexistence,legacy-coexistence-qualification-p16,16,21129,1,score_aware_t2_v2,1731c4ae4ffb4d361476,1800,1705,95,95,0.05277777777777778,6350.018333333333,True,29428.200000000015,5059926.0,26.73648
adaptive,legacy_coexistence,legacy-coexistence-qualification-p16,16,21129,1,distributional_shadow_t2,935a14da76623cdb41ff,1800,1731,69,69,0.03833333333333333,5954.314444444444,True,28189.800000000003,5620010.0,26.73648
adaptive,legacy_coexistence,legacy-coexistence-qualification-p16,16,21130,1,str_mlo_nmaxinflights_1,6f542084417f15c3fd7e,1800,1786,14,14,0.0077777777777777776,3353.842777777778,True,20099.650000000052,3422408.0,26.35264
adaptive,legacy_coexistence,legacy-coexistence-qualification-p16,16,21130,1,score_aware_t2_v2,974c68b607b266c8ca57,1800,1786,14,14,0.0077777777777777776,3366.1133333333332,True,18120.80000000005,3843807.0,26.35408
adaptive,legacy_coexistence,legacy-coexistence-qualification-p16,16,21130,1,distributional_shadow_t2,c6f07b8b50e5be463117,1800,1790,10,10,0.005555555555555556,3315.1838888888888,True,18158.749999999887,3938855.0,26.3544
adaptive,legacy_coexistence,legacy-coexistence-qualification-p16,16,21131,1,str_mlo_nmaxinflights_1,ff7ccc37906e6a521961,1800,1702,98,98,0.05444444444444444,6162.371666666667,True,27674.210000000003,4301997.0,26.33776
adaptive,legacy_coexistence,legacy-coexistence-qualification-p16,16,21131,1,score_aware_t2_v2,ff9f58b58d18917f3f74,1800,1643,157,157,0.08722222222222223,8192.93888888889,True,29391.959999999985,6587608.0,26.33824
adaptive,legacy_coexistence,legacy-coexistence-qualification-p16,16,21131,1,distributional_shadow_t2,7b0a14fe4594ca301672,1800,1655,145,145,0.08055555555555556,8133.443333333334,True,29479.800000000003,6499904.0,26.33696
adaptive,legacy_coexistence,legacy-coexistence-qualification-p16,16,21132,1,str_mlo_nmaxinflights_1,2200e3ad64cca958cf86,1800,1737,63,63,0.035,5307.1016666666665,True,25471.43999999992,5345904.0,26.82496
adaptive,legacy_coexistence,legacy-coexistence-qualification-p16,16,21132,1,score_aware_t2_v2,c7cb71c43d4f202433b5,1800,1715,85,85,0.04722222222222222,4307.514444444444,True,19682.099999999977,4926596.0,26.82608
adaptive,legacy_coexistence,legacy-coexistence-qualification-p16,16,21132,1,distributional_shadow_t2,eaa5185156e3a4b9fad7,1800,1770,30,30,0.016666666666666666,3611.818333333333,True,20225.009999999947,5847917.0,26.82608
adaptive,legacy_coexistence,legacy-coexistence-qualification-p17,17,21133,1,str_mlo_nmaxinflights_1,087de1e242df4f8b66b5,1800,1183,617,617,0.3427777777777778,16071.698333333334,True,31208.640000000032,5645090.0,26.97296
adaptive,legacy_coexistence,legacy-coexistence-qualification-p17,17,21133,1,score_aware_t2_v2,b9db86df22bb7d23c75e,1800,486,1314,1314,0.73,27223.32277777778,True,32503.149999999998,10425004.0,26.94288
adaptive,legacy_coexistence,legacy-coexistence-qualification-p17,17,21133,1,distributional_shadow_t2,78ac12821ea1156f24d3,1800,451,1349,1349,0.7494444444444445,27801.661111111112,True,32432.0,10431668.0,26.94208
adaptive,legacy_coexistence,legacy-coexistence-qualification-p17,17,21134,1,str_mlo_nmaxinflights_1,12520925990c1ef33ec7,1800,1481,319,319,0.17722222222222223,10696.335555555555,True,31493.200000000004,4372757.0,26.64032
adaptive,legacy_coexistence,legacy-coexistence-qualification-p17,17,21134,1,score_aware_t2_v2,abc9865dc43939c8f26d,1800,1390,410,410,0.22777777777777777,13701.334444444445,True,30897.889999999978,5204223.0,26.6376
adaptive,legacy_coexistence,legacy-coexistence-qualification-p17,17,21134,1,distributional_shadow_t2,a074be21c022d47181e3,1800,1434,366,366,0.20333333333333334,13189.353333333333,True,31074.900000000005,5289443.0,26.63472
adaptive,legacy_coexistence,legacy-coexistence-qualification-p17,17,21135,1,str_mlo_nmaxinflights_1,df065d8e4035037cca7e,1800,1306,494,494,0.27444444444444444,14464.42111111111,True,31596.25,6274432.0,26.16608
adaptive,legacy_coexistence,legacy-coexistence-qualification-p17,17,21135,1,score_aware_t2_v2,452ebfe7a16cc23df4c3,1800,869,931,931,0.5172222222222222,22415.39,True,31955.43999999999,8428830.0,26.172
adaptive,legacy_coexistence,legacy-coexistence-qualification-p17,17,21135,1,distributional_shadow_t2,fc19465eb119404a4546,1800,886,914,914,0.5077777777777778,22190.382222222222,True,31933.449999999997,8354667.0,26.16976
adaptive,legacy_coexistence,legacy-coexistence-qualification-p17,17,21136,1,str_mlo_nmaxinflights_1,4c3a062f70299ece57cc,1800,935,865,865,0.48055555555555557,20847.806111111113,True,32348.64,8463759.0,27.78224
adaptive,legacy_coexistence,legacy-coexistence-qualification-p17,17,21136,1,score_aware_t2_v2,3a00773db49339a4d012,1800,409,1391,1391,0.7727777777777778,28707.525,True,33011.32000000001,10580667.0,27.59664
adaptive,legacy_coexistence,legacy-coexistence-qualification-p17,17,21136,1,distributional_shadow_t2,5a7a91fd3eb994e4f629,1800,411,1389,1389,0.7716666666666666,28665.353333333333,True,33031.6,11490676.0,27.60048
adaptive,legacy_coexistence,legacy-coexistence-qualification-p18,18,21137,1,str_mlo_nmaxinflights_1,3ed912135a3118b576ff,1800,1593,207,207,0.115,9427.795,True,30974.879999999997,5534610.0,27.68256
adaptive,legacy_coexistence,legacy-coexistence-qualification-p18,18,21137,1,score_aware_t2_v2,1e6f6ab0ed2660bae564,1800,1318,482,482,0.2677777777777778,16099.935555555556,True,32145.819999999992,6964407.0,27.68256
adaptive,legacy_coexistence,legacy-coexistence-qualification-p18,18,21137,1,distributional_shadow_t2,7048be709b319cd32259,1800,1348,452,452,0.2511111111111111,15496.006666666666,True,32076.38,7289220.0,27.68192
adaptive,legacy_coexistence,legacy-coexistence-qualification-p18,18,21138,1,str_mlo_nmaxinflights_1,19e8013e2cad95068a23,1800,1571,229,229,0.1272222222222222,9370.636666666667,True,30811.5,5128714.0,25.60624
adaptive,legacy_coexistence,legacy-coexistence-qualification-p18,18,21138,1,score_aware_t2_v2,ae315435a50207486cc9,1800,1263,537,537,0.29833333333333334,16742.818888888887,True,32422.619999999995,7065145.0,25.6
adaptive,legacy_coexistence,legacy-coexistence-qualification-p18,18,21138,1,distributional_shadow_t2,abcbb99a2634771b4136,1800,1299,501,501,0.2783333333333333,16068.087222222222,True,32203.239999999998,7045988.0,25.5976
adaptive,legacy_coexistence,legacy-coexistence-qualification-p18,18,21139,1,str_mlo_nmaxinflights_1,7b9af3d56034de3d7354,1800,1510,290,290,0.16111111111111112,10546.177222222223,True,31276.140000000014,4894905.0,26.01072
adaptive,legacy_coexistence,legacy-coexistence-qualification-p18,18,21139,1,score_aware_t2_v2,4f9ceea29ebac29f6a7c,1800,1475,325,325,0.18055555555555555,12107.313333333334,True,31570.300000000003,5151555.0,26.0112
adaptive,legacy_coexistence,legacy-coexistence-qualification-p18,18,21139,1,distributional_shadow_t2,4a64741dd5294292950a,1800,1489,311,311,0.17277777777777778,12045.423888888889,True,31546.96,5171526.0,26.00992
adaptive,legacy_coexistence,legacy-coexistence-qualification-p18,18,21140,1,str_mlo_nmaxinflights_1,0b9eb7a61f9f41d0680e,1800,1503,297,297,0.165,10375.576111111111,True,31046.640000000007,5416494.0,26.87072
adaptive,legacy_coexistence,legacy-coexistence-qualification-p18,18,21140,1,score_aware_t2_v2,a2cee9deb75ae20e30a4,1800,1144,656,656,0.36444444444444446,17887.32888888889,True,31820.349999999984,8122356.0,26.86544
adaptive,legacy_coexistence,legacy-coexistence-qualification-p18,18,21140,1,distributional_shadow_t2,eb9e9bb91809ee2a6ba8,1800,1105,695,695,0.3861111111111111,18690.79388888889,True,31674.160000000003,7967818.0,26.86416
adaptive,legacy_coexistence,legacy-coexistence-qualification-p19,19,21141,1,str_mlo_nmaxinflights_1,d11525a213a481d39a58,1800,1762,38,38,0.021111111111111112,4117.035,True,23819.91999999992,3631633.0,26.80912
adaptive,legacy_coexistence,legacy-coexistence-qualification-p19,19,21141,1,score_aware_t2_v2,e0ce5026b5dc60703bad,1800,1698,102,102,0.056666666666666664,6654.795,True,28877.149999999994,4943557.0,26.82032
adaptive,legacy_coexistence,legacy-coexistence-qualification-p19,19,21141,1,distributional_shadow_t2,65eccf66b52b09b3acce,1800,1712,88,88,0.04888888888888889,6546.210555555555,True,28388.50999999993,4884580.0,26.82304
adaptive,legacy_coexistence,legacy-coexistence-qualification-p19,19,21142,1,str_mlo_nmaxinflights_1,95e6bbbd821ff087778e,1800,1591,209,209,0.11611111111111111,8459.068888888889,True,29481.899999999994,4976916.0,25.49328
adaptive,legacy_coexistence,legacy-coexistence-qualification-p19,19,21142,1,score_aware_t2_v2,2f1704c93fafe182a5aa,1800,1209,591,591,0.3283333333333333,16542.86111111111,True,31744.880000000005,6493738.0,25.48656
adaptive,legacy_coexistence,legacy-coexistence-qualification-p19,19,21142,1,distributional_shadow_t2,f1dbff019f27990d77bd,1800,1268,532,532,0.29555555555555557,15526.24111111111,True,31296.119999999974,7010493.0,25.48128
adaptive,legacy_coexistence,legacy-coexistence-qualification-p19,19,21143,1,str_mlo_nmaxinflights_1,b50d30074a406a18d372,1800,1669,131,131,0.07277777777777777,6637.420555555555,True,30081.359999999986,4197345.0,26.45232
adaptive,legacy_coexistence,legacy-coexistence-qualification-p19,19,21143,1,score_aware_t2_v2,be3047285a9069bcb44b,1800,1760,40,40,0.022222222222222223,4784.56,True,28151.300000000003,3749306.0,26.45776
adaptive,legacy_coexistence,legacy-coexistence-qualification-p19,19,21143,1,distributional_shadow_t2,f9a2979809bc62f554fb,1800,1762,38,38,0.021111111111111112,4737.855,True,26284.949999999793,3792414.0,26.45696
adaptive,legacy_coexistence,legacy-coexistence-qualification-p19,19,21144,1,str_mlo_nmaxinflights_1,634e3b055f92c0c150d6,1800,1668,132,132,0.07333333333333333,6835.636111111111,True,29897.319999999963,4430862.0,27.18416
adaptive,legacy_coexistence,legacy-coexistence-qualification-p19,19,21144,1,score_aware_t2_v2,520107ebfe93b75e8999,1800,1458,342,342,0.19,12088.187777777777,True,31565.89,7212204.0,27.18336
adaptive,legacy_coexistence,legacy-coexistence-qualification-p19,19,21144,1,distributional_shadow_t2,d7b41c02d28c36f5ef4d,1800,1455,345,345,0.19166666666666668,12372.485555555555,True,31840.22,7160345.0,27.1768
adaptive,legacy_coexistence,legacy-coexistence-qualification-p20,20,21145,1,str_mlo_nmaxinflights_1,4edbff58d983650372b5,1800,1768,32,32,0.017777777777777778,3594.5827777777777,True,21001.29,3254175.0,27.19008
adaptive,legacy_coexistence,legacy-coexistence-qualification-p20,20,21145,1,score_aware_t2_v2,d04f2afb82d4941c14d6,1800,1656,144,144,0.08,6857.037777777778,True,28169.900000000038,4686873.0,27.1824
adaptive,legacy_coexistence,legacy-coexistence-qualification-p20,20,21145,1,distributional_shadow_t2,c4b723a53bfc83a08919,1800,1671,129,129,0.07166666666666667,6598.354444444444,True,27421.29999999998,4831974.0,27.18112
adaptive,legacy_coexistence,legacy-coexistence-qualification-p20,20,21146,1,str_mlo_nmaxinflights_1,9abd6fd8edf2ff27be42,1800,1677,123,123,0.06833333333333333,6249.81,True,26430.879999999997,4128330.0,26.78528
adaptive,legacy_coexistence,legacy-coexistence-qualification-p20,20,21146,1,score_aware_t2_v2,058d44260279e5d5ae6d,1800,1453,347,347,0.19277777777777777,11936.011666666667,True,30560.240000000005,7374196.0,26.77712
adaptive,legacy_coexistence,legacy-coexistence-qualification-p20,20,21146,1,distributional_shadow_t2,228ca0894a94b1843eb4,1800,1482,318,318,0.17666666666666667,11586.021111111111,True,31145.510000000013,7378208.0,26.77648
adaptive,legacy_coexistence,legacy-coexistence-qualification-p20,20,21147,1,str_mlo_nmaxinflights_1,0ee66a5f6b42044ba502,1800,1762,38,38,0.021111111111111112,3737.75,True,24640.00999999993,3598887.0,27.09312
adaptive,legacy_coexistence,legacy-coexistence-qualification-p20,20,21147,1,score_aware_t2_v2,fefba5b6513ff4086ace,1800,1662,138,138,0.07666666666666666,7122.401111111111,True,26461.579999999998,5849380.0,27.10112
adaptive,legacy_coexistence,legacy-coexistence-qualification-p20,20,21147,1,distributional_shadow_t2,2454047e62f813deec5e,1800,1629,171,171,0.095,8198.233888888888,True,28592.000000000007,5636715.0,27.10112
adaptive,legacy_coexistence,legacy-coexistence-qualification-p20,20,21148,1,str_mlo_nmaxinflights_1,fc3fa5e02b726079069c,1800,1798,2,2,0.0011111111111111111,1945.0483333333334,True,10482.169999999996,2384895.0,25.72064
adaptive,legacy_coexistence,legacy-coexistence-qualification-p20,20,21148,1,score_aware_t2_v2,aa75b302918c8fe7a3ee,1800,1789,11,11,0.006111111111111111,2804.5605555555558,True,17637.6,3110663.0,25.7168
adaptive,legacy_coexistence,legacy-coexistence-qualification-p20,20,21148,1,distributional_shadow_t2,a88076779d327a9e6188,1800,1789,11,11,0.006111111111111111,2721.003888888889,True,15080.599999999977,3146874.0,25.7168
adaptive,legacy_coexistence,legacy-coexistence-qualification-p21,21,21149,1,str_mlo_nmaxinflights_1,212f227c88f12e106414,1800,1423,377,377,0.20944444444444443,11455.527222222223,True,30144.319999999992,6242154.0,26.57648
adaptive,legacy_coexistence,legacy-coexistence-qualification-p21,21,21149,1,score_aware_t2_v2,80b69d11b0d6e68808b8,1800,856,944,944,0.5244444444444445,22210.95888888889,True,31438.85000000002,9973876.0,26.56128
adaptive,legacy_coexistence,legacy-coexistence-qualification-p21,21,21149,1,distributional_shadow_t2,3a6eaa2c096814afa40d,1800,943,857,857,0.4761111111111111,21047.190555555557,True,31205.180000000008,10478619.0,26.5576
adaptive,legacy_coexistence,legacy-coexistence-qualification-p21,21,21150,1,str_mlo_nmaxinflights_1,609cdee579728dc8d597,1800,1613,187,187,0.10388888888888889,8453.256111111112,True,29413.55999999999,4667296.0,23.31568
adaptive,legacy_coexistence,legacy-coexistence-qualification-p21,21,21150,1,score_aware_t2_v2,6e61aa303eff1bd5ef97,1800,1366,434,434,0.2411111111111111,13569.32888888889,True,32339.549999999996,5406082.0,26.83808
adaptive,legacy_coexistence,legacy-coexistence-qualification-p21,21,21150,1,distributional_shadow_t2,00ad4576a07134f2391a,1800,1366,434,434,0.2411111111111111,13693.780555555555,True,32215.149999999987,5574148.0,26.83744
adaptive,legacy_coexistence,legacy-coexistence-qualification-p21,21,21151,1,str_mlo_nmaxinflights_1,d83920ebff2fccc01e70,1800,1587,213,213,0.11833333333333333,8095.421111111111,True,29849.539999999943,4432529.0,27.4136
adaptive,legacy_coexistence,legacy-coexistence-qualification-p21,21,21151,1,score_aware_t2_v2,bbdfbf08102a0622ac25,1800,1033,767,767,0.4261111111111111,19725.466111111113,True,32272.199999999997,9495404.0,27.39872
adaptive,legacy_coexistence,legacy-coexistence-qualification-p21,21,21151,1,distributional_shadow_t2,330aab530d47461ea1e3,1800,997,803,803,0.4461111111111111,20577.550555555557,True,32223.2,9346488.0,27.39744
adaptive,legacy_coexistence,legacy-coexistence-qualification-p21,21,21152,1,str_mlo_nmaxinflights_1,2b0856af7c6b3a2b5ae3,1800,1773,27,27,0.015,3091.366666666667,True,18325.55999999999,2937782.0,22.05072
adaptive,legacy_coexistence,legacy-coexistence-qualification-p21,21,21152,1,score_aware_t2_v2,f4ae540bcf810038eb31,1800,1671,129,129,0.07166666666666667,7487.777777777777,True,29818.39999999999,4615785.0,26.72688
adaptive,legacy_coexistence,legacy-coexistence-qualification-p21,21,21152,1,distributional_shadow_t2,c58dfaf440ad82caf57e,1800,1657,143,143,0.07944444444444444,8053.376666666667,True,29895.680000000004,4467807.0,26.72928
adaptive,legacy_coexistence,legacy-coexistence-qualification-p22,22,21153,1,str_mlo_nmaxinflights_1,65abfc1124f7e443d22f,1800,99,1701,1701,0.945,32454.090555555555,False,,16641019.0,25.51328
adaptive,legacy_coexistence,legacy-coexistence-qualification-p22,22,21153,1,score_aware_t2_v2,3537df2c738e4a54f37e,1800,71,1729,1729,0.9605555555555556,32622.38888888889,False,,8663015.0,25.40864
adaptive,legacy_coexistence,legacy-coexistence-qualification-p22,22,21153,1,distributional_shadow_t2,4089f220f2438400bcfb,1800,68,1732,1732,0.9622222222222222,32657.93833333333,False,,9173766.0,25.4144
adaptive,legacy_coexistence,legacy-coexistence-qualification-p22,22,21154,1,str_mlo_nmaxinflights_1,dc9356634443e56a9028,1800,278,1522,1522,0.8455555555555555,30221.786666666667,True,32621.160000000003,11057900.0,26.21072
adaptive,legacy_coexistence,legacy-coexistence-qualification-p22,22,21154,1,score_aware_t2_v2,10490819ede00bedb617,1800,263,1537,1537,0.8538888888888889,30642.19,True,32654.68,6360432.0,24.93952
adaptive,legacy_coexistence,legacy-coexistence-qualification-p22,22,21154,1,distributional_shadow_t2,1cca109f9cebe3d5cf13,1800,274,1526,1526,0.8477777777777777,30538.745,True,32746.559999999998,7297554.0,24.91664
adaptive,legacy_coexistence,legacy-coexistence-qualification-p22,22,21155,1,str_mlo_nmaxinflights_1,25d4b838eccfc3fc8e2d,1800,194,1606,1606,0.8922222222222222,31344.81611111111,True,32254.929999999997,14443283.0,26.49088
adaptive,legacy_coexistence,legacy-coexistence-qualification-p22,22,21155,1,score_aware_t2_v2,7813f8b2dc5f3eb2580f,1800,79,1721,1721,0.9561111111111111,32500.61,False,,8445977.0,26.44672
adaptive,legacy_coexistence,legacy-coexistence-qualification-p22,22,21155,1,distributional_shadow_t2,41924b0389cf006641ef,1800,77,1723,1723,0.9572222222222222,32517.442222222224,False,,8507134.0,26.38192
adaptive,legacy_coexistence,legacy-coexistence-qualification-p22,22,21156,1,str_mlo_nmaxinflights_1,d00afd57d00384a58f03,1800,137,1663,1663,0.9238888888888889,32185.299444444445,True,33087.759999999995,14611024.0,26.32976
adaptive,legacy_coexistence,legacy-coexistence-qualification-p22,22,21156,1,score_aware_t2_v2,e43d92f9bf63d442fb0f,1800,89,1711,1711,0.9505555555555556,32440.56,False,,8824017.0,26.42688
adaptive,legacy_coexistence,legacy-coexistence-qualification-p22,22,21156,1,distributional_shadow_t2,9d28328f4ec6acdf3904,1800,95,1705,1705,0.9472222222222222,32358.41,False,,9263786.0,26.44112
adaptive,legacy_coexistence,legacy-coexistence-qualification-p23,23,21157,1,str_mlo_nmaxinflights_1,e5768598dfd1013c1d42,1800,1649,151,151,0.08388888888888889,8599.750555555556,True,30605.23999999999,6002344.0,26.44832
adaptive,legacy_coexistence,legacy-coexistence-qualification-p23,23,21157,1,score_aware_t2_v2,6bc732aac7b27a3335dd,1800,1601,199,199,0.11055555555555556,9559.677777777777,True,31050.0,5935078.0,26.44672
adaptive,legacy_coexistence,legacy-coexistence-qualification-p23,23,21157,1,distributional_shadow_t2,0b37dacc3dad925bd291,1800,1637,163,163,0.09055555555555556,8871.750555555556,True,30797.27999999997,6666424.0,26.44672
adaptive,legacy_coexistence,legacy-coexistence-qualification-p23,23,21158,1,str_mlo_nmaxinflights_1,ea883351c3e7c26e0565,1800,1741,59,59,0.03277777777777778,5188.0038888888885,True,26246.199999999997,3867608.0,27.11952
adaptive,legacy_coexistence,legacy-coexistence-qualification-p23,23,21158,1,score_aware_t2_v2,3a830fb883426c90eb0e,1800,1722,78,78,0.043333333333333335,6252.412777777778,True,26830.91,4910039.0,27.12944
adaptive,legacy_coexistence,legacy-coexistence-qualification-p23,23,21158,1,distributional_shadow_t2,2631183977625af6b437,1800,1704,96,96,0.05333333333333334,6911.074444444444,True,27928.13,4799414.0,27.12896
adaptive,legacy_coexistence,legacy-coexistence-qualification-p23,23,21159,1,str_mlo_nmaxinflights_1,964eb0051d1ff3023b96,1800,1748,52,52,0.028888888888888888,5154.243888888889,True,29733.219999999994,3771514.0,27.6096
adaptive,legacy_coexistence,legacy-coexistence-qualification-p23,23,21159,1,score_aware_t2_v2,9feb4e0c0e3bece05bf1,1800,1693,107,107,0.059444444444444446,6635.907222222222,True,28463.439999999995,4944022.0,27.60704
adaptive,legacy_coexistence,legacy-coexistence-qualification-p23,23,21159,1,distributional_shadow_t2,a4c0fc18cca304df600e,1800,1683,117,117,0.065,7042.428333333333,True,29277.20000000001,4808677.0,27.60704
adaptive,legacy_coexistence,legacy-coexistence-qualification-p23,23,21160,1,str_mlo_nmaxinflights_1,9da2fd4158f964506b62,1800,1678,122,122,0.06777777777777778,7301.775,True,29442.15000000001,4966353.0,26.00864
adaptive,legacy_coexistence,legacy-coexistence-qualification-p23,23,21160,1,score_aware_t2_v2,61e3a080184de1b1b896,1800,1566,234,234,0.13,9609.245,True,29743.69999999998,5497918.0,25.98912
adaptive,legacy_coexistence,legacy-coexistence-qualification-p23,23,21160,1,distributional_shadow_t2,074d410ad56908a002e1,1800,1597,203,203,0.11277777777777778,8992.305555555555,True,30083.92,5695231.0,25.98656
adaptive,compound_shift,compound-shift-qualification-p16,16,21161,1,str_mlo_nmaxinflights_1,8164a49556aa6cc33b19,1440,1028,412,412,0.2861111111111111,17373.443055555555,True,39477.18000000001,3611766.0,39.52848
adaptive,compound_shift,compound-shift-qualification-p16,16,21161,1,score_aware_t2_v2,c8f11c6ec9469f96ce2f,1440,1035,405,405,0.28125,18691.818055555555,True,39851.99999999999,3684277.0,39.5712
adaptive,compound_shift,compound-shift-qualification-p16,16,21161,1,distributional_shadow_t2,a1f4a0b27ebcde3a0585,1440,1076,364,364,0.25277777777777777,17533.72986111111,True,39747.25,4332052.0,39.55568
adaptive,compound_shift,compound-shift-qualification-p16,16,21162,1,str_mlo_nmaxinflights_1,2d211e331f6c32909e09,1440,874,566,566,0.39305555555555555,21672.848611111112,True,38129.95999999998,6784076.0,39.32896
adaptive,compound_shift,compound-shift-qualification-p16,16,21162,1,score_aware_t2_v2,8bde60c8456caf91a4f6,1440,183,1257,1257,0.8729166666666667,38306.89236111111,True,40872.380000000005,9724729.0,39.2776
adaptive,compound_shift,compound-shift-qualification-p16,16,21162,1,distributional_shadow_t2,447795bc32403bca60ab,1440,287,1153,1153,0.8006944444444445,35875.865277777775,True,41053.759999999995,10371140.0,39.29216
adaptive,compound_shift,compound-shift-qualification-p16,16,21163,1,str_mlo_nmaxinflights_1,13cbc68228c62ecb3a3d,1440,1061,379,379,0.26319444444444445,17209.43888888889,True,40228.60000000003,3351202.0,39.24896
adaptive,compound_shift,compound-shift-qualification-p16,16,21163,1,score_aware_t2_v2,505f3736da0022ed5a6b,1440,908,532,532,0.36944444444444446,22237.60625,True,39913.15999999997,3847467.0,39.21536
adaptive,compound_shift,compound-shift-qualification-p16,16,21163,1,distributional_shadow_t2,baa11bd7f60f551738d5,1440,943,497,497,0.3451388888888889,21439.650694444445,True,39872.220000000016,4337338.0,39.19984
adaptive,compound_shift,compound-shift-qualification-p16,16,21164,1,str_mlo_nmaxinflights_1,d2e668560053a30f5780,1440,433,1007,1007,0.6993055555555555,33500.52222222222,True,40313.32,12431607.0,39.7176
adaptive,compound_shift,compound-shift-qualification-p16,16,21164,1,score_aware_t2_v2,fa4a173beb9565dccd0e,1440,66,1374,1374,0.9541666666666667,40545.873611111114,False,,7991934.0,39.54464
adaptive,compound_shift,compound-shift-qualification-p16,16,21164,1,distributional_shadow_t2,7b3130fb9f3d9b9d8caf,1440,123,1317,1317,0.9145833333333333,39574.5,True,41142.74,9118158.0,38.76192
adaptive,compound_shift,compound-shift-qualification-p17,17,21165,1,str_mlo_nmaxinflights_1,3d980531c8a9b3e0b829,1800,1675,125,125,0.06944444444444445,5450.581111111111,True,26928.22,2844913.0,29.7208
adaptive,compound_shift,compound-shift-qualification-p17,17,21165,1,score_aware_t2_v2,ccf8a4f0d2f393eb5547,1800,1474,326,326,0.1811111111111111,10958.222222222223,True,30662.75,4578874.0,29.73648
adaptive,compound_shift,compound-shift-qualification-p17,17,21165,1,distributional_shadow_t2,165ebbbd58b854d4a000,1800,1500,300,300,0.16666666666666666,11032.9,True,30678.05,4918606.0,29.72512
adaptive,compound_shift,compound-shift-qualification-p17,17,21166,1,str_mlo_nmaxinflights_1,ee471ebb82b01e2b1001,1800,1607,193,193,0.10722222222222222,7938.857222222222,True,28933.56,4605807.0,29.56128
adaptive,compound_shift,compound-shift-qualification-p17,17,21166,1,score_aware_t2_v2,6ee3f0a10319dc5d8258,1800,1133,667,667,0.3705555555555556,17678.253333333334,True,31790.120000000003,7255797.0,29.53456
adaptive,compound_shift,compound-shift-qualification-p17,17,21166,1,distributional_shadow_t2,94198478a69cfb8a2420,1800,1207,593,593,0.32944444444444443,16543.047222222223,True,31724.74,7455921.0,29.5368
adaptive,compound_shift,compound-shift-qualification-p17,17,21167,1,str_mlo_nmaxinflights_1,5d06d5a5368fd11bd26b,1800,1515,285,285,0.15833333333333333,9452.903333333334,True,30358.339999999982,4354447.0,29.51664
adaptive,compound_shift,compound-shift-qualification-p17,17,21167,1,score_aware_t2_v2,788eb655d6420821701d,1800,999,801,801,0.445,19650.059444444443,True,31890.699999999997,5735179.0,29.50592
adaptive,compound_shift,compound-shift-qualification-p17,17,21167,1,distributional_shadow_t2,445d93655bd0e0af871f,1800,1025,775,775,0.4305555555555556,19312.83388888889,True,32212.08,6484299.0,29.50752
adaptive,compound_shift,compound-shift-qualification-p17,17,21168,1,str_mlo_nmaxinflights_1,e7814685c423d3812f1f,1800,1722,78,78,0.043333333333333335,4963.648888888889,True,26916.629999999983,3465665.0,29.21312
adaptive,compound_shift,compound-shift-qualification-p17,17,21168,1,score_aware_t2_v2,2bbb803f8bcbdcd87012,1800,1524,276,276,0.15333333333333332,10235.793333333333,True,31134.769999999997,4252189.0,29.20288
adaptive,compound_shift,compound-shift-qualification-p17,17,21168,1,distributional_shadow_t2,421209837b0a2ce6962c,1800,1555,245,245,0.1361111111111111,9570.202222222222,True,31103.460000000006,4629579.0,29.20832
adaptive,compound_shift,compound-shift-qualification-p18,18,21169,1,str_mlo_nmaxinflights_1,797a7ac529a38eb6e5f7,1440,1428,12,12,0.008333333333333333,2987.258333333333,True,26284.300000000007,1842728.0,40.50336
adaptive,compound_shift,compound-shift-qualification-p18,18,21169,1,score_aware_t2_v2,3f41618f371b3e90c7d1,1440,1379,61,61,0.04236111111111111,5594.308333333333,True,31473.880000000037,2983696.0,40.49664
adaptive,compound_shift,compound-shift-qualification-p18,18,21169,1,distributional_shadow_t2,06c43c5ffeba642fcd08,1440,1385,55,55,0.03819444444444445,5602.4631944444445,True,32591.360000000008,2882142.0,40.49552
adaptive,compound_shift,compound-shift-qualification-p18,18,21170,1,str_mlo_nmaxinflights_1,0b3081ec499730da599a,1440,1420,20,20,0.013888888888888888,3421.315972222222,True,27178.87999999999,2086417.0,40.22048
adaptive,compound_shift,compound-shift-qualification-p18,18,21170,1,score_aware_t2_v2,587efc4daa3a837f9085,1440,1415,25,25,0.017361111111111112,4178.354166666667,True,31818.359999999848,2802298.0,40.22
adaptive,compound_shift,compound-shift-qualification-p18,18,21170,1,distributional_shadow_t2,8ad6900ef62fbb1819da,1440,1399,41,41,0.02847222222222222,4941.232638888889,True,32115.819999999996,2636712.0,40.2184
adaptive,compound_shift,compound-shift-qualification-p18,18,21171,1,str_mlo_nmaxinflights_1,f7118832250038598625,1440,1362,78,78,0.05416666666666667,6404.273611111111,True,35813.37000000007,2705405.0,40.30864
adaptive,compound_shift,compound-shift-qualification-p18,18,21171,1,score_aware_t2_v2,90479f8a9d2f992752bc,1440,1261,179,179,0.12430555555555556,11388.167361111111,True,38402.40000000002,4242179.0,40.2808
adaptive,compound_shift,compound-shift-qualification-p18,18,21171,1,distributional_shadow_t2,dab5fc00605ba758e4f9,1440,1243,197,197,0.13680555555555557,12056.679861111112,True,37376.93999999998,4137032.0,40.27776
adaptive,compound_shift,compound-shift-qualification-p18,18,21172,1,str_mlo_nmaxinflights_1,998f8a833e6fae7c3bb7,1440,1394,46,46,0.03194444444444444,4270.118055555556,True,25924.609999999968,2886173.0,39.87584
adaptive,compound_shift,compound-shift-qualification-p18,18,21172,1,score_aware_t2_v2,8beae31bd8e9a3d49e73,1440,1404,36,36,0.025,4592.194444444444,True,28991.840000000004,3490580.0,39.8872
adaptive,compound_shift,compound-shift-qualification-p18,18,21172,1,distributional_shadow_t2,9eb97f1b0a06a559ba95,1440,1390,50,50,0.034722222222222224,5144.840972222222,True,29519.139999999934,3239717.0,39.88544
adaptive,compound_shift,compound-shift-qualification-p19,19,21173,1,str_mlo_nmaxinflights_1,6d6a7778f34b67699917,1800,1621,179,179,0.09944444444444445,7921.605555555556,True,30276.599999999995,4625069.0,23.41552
adaptive,compound_shift,compound-shift-qualification-p19,19,21173,1,score_aware_t2_v2,43dd9b53d0afab4d6f77,1800,1263,537,537,0.29833333333333334,16232.860555555555,True,32077.519999999997,6840347.0,23.02224
adaptive,compound_shift,compound-shift-qualification-p19,19,21173,1,distributional_shadow_t2,a38e86068553d414e782,1800,1314,486,486,0.27,15253.585,True,31658.50999999998,7266405.0,23.00384
adaptive,compound_shift,compound-shift-qualification-p19,19,21174,1,str_mlo_nmaxinflights_1,39f3328e32c5ab8a7549,1800,1573,227,227,0.12611111111111112,9673.852777777778,True,31029.239999999998,5417000.0,22.84528
adaptive,compound_shift,compound-shift-qualification-p19,19,21174,1,score_aware_t2_v2,2899d4686fc955991de0,1800,1318,482,482,0.2677777777777778,15247.134444444444,True,32346.499999999993,6965740.0,22.83968
adaptive,compound_shift,compound-shift-qualification-p19,19,21174,1,distributional_shadow_t2,f937fcde59b002be91b2,1800,1355,445,445,0.24722222222222223,14868.490555555556,True,32315.480000000003,7590509.0,22.83968
adaptive,compound_shift,compound-shift-qualification-p19,19,21175,1,str_mlo_nmaxinflights_1,3341d5494532bfd548d8,1800,1657,143,143,0.07944444444444444,6818.018333333333,True,27124.32,4658543.0,22.33984
adaptive,compound_shift,compound-shift-qualification-p19,19,21175,1,score_aware_t2_v2,f4bdbc2ee9031c344c59,1800,1204,596,596,0.33111111111111113,16297.03,True,32038.84,8508710.0,22.3384
adaptive,compound_shift,compound-shift-qualification-p19,19,21175,1,distributional_shadow_t2,fc2423b935f499a5c636,1800,1237,563,563,0.31277777777777777,16535.547222222223,True,32085.32,8377354.0,22.33792
adaptive,compound_shift,compound-shift-qualification-p19,19,21176,1,str_mlo_nmaxinflights_1,a250e6aaeff141bb36c4,1800,1684,116,116,0.06444444444444444,6229.502222222222,True,28851.71000000003,4492379.0,22.44368
adaptive,compound_shift,compound-shift-qualification-p19,19,21176,1,score_aware_t2_v2,14b2afb5f431159a64b9,1800,1402,398,398,0.22111111111111112,13628.765555555556,True,32065.11,6304374.0,22.436
adaptive,compound_shift,compound-shift-qualification-p19,19,21176,1,distributional_shadow_t2,7236d5a6ca90f5251d76,1800,1413,387,387,0.215,13604.305555555555,True,32013.959999999995,6371795.0,22.43552
adaptive,compound_shift,compound-shift-qualification-p20,20,21177,1,str_mlo_nmaxinflights_1,99f035f0ad96a7e4dbed,2700,33,2667,2667,0.9877777777777778,22088.31925925926,False,,20570122.0,48.95296
adaptive,compound_shift,compound-shift-qualification-p20,20,21177,1,score_aware_t2_v2,55f0dcb6bcb95d46beee,2700,7,2693,2693,0.9974074074074074,22194.13703703704,False,,9730435.0,49.29632
adaptive,compound_shift,compound-shift-qualification-p20,20,21177,1,distributional_shadow_t2,9e025d02a2a458057c3b,2700,6,2694,2694,0.9977777777777778,22194.63,False,,10028425.0,49.2872
adaptive,compound_shift,compound-shift-qualification-p20,20,21178,1,str_mlo_nmaxinflights_1,91b0086ba4d9ff34f73a,2700,132,2568,2568,0.9511111111111111,21627.210740740742,True,21971.899999999998,21734576.0,48.99392
adaptive,compound_shift,compound-shift-qualification-p20,20,21178,1,score_aware_t2_v2,d7122c9025cce7a2e070,2700,160,2540,2540,0.9407407407407408,21428.98888888889,True,22057.32,10228044.0,49.08976
adaptive,compound_shift,compound-shift-qualification-p20,20,21178,1,distributional_shadow_t2,1819a49a22985b739bf0,2700,160,2540,2540,0.9407407407407408,21429.161111111112,True,22046.7,11022937.0,49.08608
adaptive,compound_shift,compound-shift-qualification-p20,20,21179,1,str_mlo_nmaxinflights_1,627115ec8735844b1081,2700,2153,547,547,0.2025925925925926,7973.286296296296,True,20807.560000000005,5883226.0,40.52944
adaptive,compound_shift,compound-shift-qualification-p20,20,21179,1,score_aware_t2_v2,efea47a36187b8ad6f44,2700,925,1775,1775,0.6574074074074074,17308.20888888889,True,21249.6,9081998.0,48.1664
adaptive,compound_shift,compound-shift-qualification-p20,20,21179,1,distributional_shadow_t2,eb81fb461e63fe07c954,2700,939,1761,1761,0.6522222222222223,17215.97111111111,True,21376.92,9644134.0,48.16704
adaptive,compound_shift,compound-shift-qualification-p20,20,21180,1,str_mlo_nmaxinflights_1,0f8c78ec58591d69f6fb,2700,37,2663,2663,0.9862962962962963,22034.834444444445,False,,16435139.0,47.60144
adaptive,compound_shift,compound-shift-qualification-p20,20,21180,1,score_aware_t2_v2,377df17db2739d073bbd,2700,7,2693,2693,0.9974074074074074,22178.84037037037,False,,4298091.0,46.96672
adaptive,compound_shift,compound-shift-qualification-p20,20,21180,1,distributional_shadow_t2,b9086c682b24be088d37,2700,2,2698,2698,0.9992592592592593,22207.997037037036,False,,5135883.0,46.9592
adaptive,compound_shift,compound-shift-qualification-p21,21,21181,1,str_mlo_nmaxinflights_1,d4ef8b0f246677895aba,2700,2366,334,334,0.1237037037037037,6564.017777777778,True,18901.099999999995,7412606.0,22.68832
adaptive,compound_shift,compound-shift-qualification-p21,21,21181,1,score_aware_t2_v2,b5a318ddf92ee186841c,2700,2440,260,260,0.0962962962962963,6185.526296296296,True,20387.350000000006,7662908.0,21.59472
adaptive,compound_shift,compound-shift-qualification-p21,21,21181,1,distributional_shadow_t2,07124ae89d96591f7578,2700,2508,192,192,0.07111111111111111,5761.0285185185185,True,20337.33999999998,8110131.0,21.59504
adaptive,compound_shift,compound-shift-qualification-p21,21,21182,1,str_mlo_nmaxinflights_1,b4d1896540fddabb669e,2700,2258,442,442,0.1637037037037037,7334.826666666667,True,20699.75999999998,7209755.0,22.14992
adaptive,compound_shift,compound-shift-qualification-p21,21,21182,1,score_aware_t2_v2,a874aa90230fd7b0930d,2700,1755,945,945,0.35,11784.222592592592,True,21349.22,11032862.0,22.15008
adaptive,compound_shift,compound-shift-qualification-p21,21,21182,1,distributional_shadow_t2,813365e65ed647df2775,2700,1862,838,838,0.31037037037037035,11073.816296296296,True,21275.069999999985,11499338.0,22.15104
adaptive,compound_shift,compound-shift-qualification-p21,21,21183,1,str_mlo_nmaxinflights_1,dd420f17813dfea1739a,2700,2325,375,375,0.1388888888888889,7102.161481481481,True,20190.27999999997,7868804.0,21.60384
adaptive,compound_shift,compound-shift-qualification-p21,21,21183,1,score_aware_t2_v2,ac35bd8ece70bd42397e,2700,2044,656,656,0.24296296296296296,9508.125185185185,True,21144.929999999997,9988133.0,21.592
adaptive,compound_shift,compound-shift-qualification-p21,21,21183,1,distributional_shadow_t2,5ad64ad79ec3a92bd81e,2700,2188,512,512,0.18962962962962962,8771.947777777777,True,21137.250000000004,10174485.0,21.59056
adaptive,compound_shift,compound-shift-qualification-p21,21,21184,1,str_mlo_nmaxinflights_1,2ce3f32adf6da9440ebd,2700,2071,629,629,0.23296296296296296,9337.91037037037,True,21296.900000000005,10423270.0,22.10656
adaptive,compound_shift,compound-shift-qualification-p21,21,21184,1,score_aware_t2_v2,4b0b78e85445f8d6d4fa,2700,1647,1053,1053,0.39,12257.318888888889,True,21110.399999999998,10697038.0,22.08592
adaptive,compound_shift,compound-shift-qualification-p21,21,21184,1,distributional_shadow_t2,879e9fc3e29f0aa866bb,2700,1804,896,896,0.33185185185185184,11397.058888888889,True,21131.43,11347592.0,22.08592
adaptive,compound_shift,compound-shift-qualification-p22,22,21185,1,str_mlo_nmaxinflights_1,d9e81020363a0d8a479d,1440,0,1440,1440,1.0,41667.0,False,,6732992.0,67.29808
adaptive,compound_shift,compound-shift-qualification-p22,22,21185,1,score_aware_t2_v2,9451f05fd7389d7ec557,1440,0,1440,1440,1.0,41667.0,False,,3132745.0,67.69904
adaptive,compound_shift,compound-shift-qualification-p22,22,21185,1,distributional_shadow_t2,f06a93b1b3524941f9d7,1440,0,1440,1440,1.0,41667.0,False,,3064116.0,67.73168
adaptive,compound_shift,compound-shift-qualification-p22,22,21186,1,str_mlo_nmaxinflights_1,1b674687ce676272465d,1440,0,1440,1440,1.0,41667.0,False,,7179673.0,66.74
adaptive,compound_shift,compound-shift-qualification-p22,22,21186,1,score_aware_t2_v2,42275215ec839d67094a,1440,1,1439,1439,0.9993055555555556,41641.32638888889,False,,2594951.0,65.62432
adaptive,compound_shift,compound-shift-qualification-p22,22,21186,1,distributional_shadow_t2,50cee1ef4a3016817260,1440,1,1439,1439,0.9993055555555556,41641.32638888889,False,,2281316.0,65.6032
adaptive,compound_shift,compound-shift-qualification-p22,22,21187,1,str_mlo_nmaxinflights_1,96f3d8a933ee0cc5ff2e,1440,1,1439,1439,0.9993055555555556,41650.14027777778,False,,4642442.0,56.284
adaptive,compound_shift,compound-shift-qualification-p22,22,21187,1,score_aware_t2_v2,baa6609cb79435cdf338,1440,0,1440,1440,1.0,41667.0,False,,2057469.0,57.34608
adaptive,compound_shift,compound-shift-qualification-p22,22,21187,1,distributional_shadow_t2,a860cfb67550689e7ce8,1440,0,1440,1440,1.0,41667.0,False,,1926213.0,57.3976
adaptive,compound_shift,compound-shift-qualification-p23,23,21189,1,str_mlo_nmaxinflights_1,e7bbcdd98556b6850850,1800,198,1602,1602,0.89,30940.385,True,32727.82,10140702.0,64.33248
adaptive,compound_shift,compound-shift-qualification-p23,23,21189,1,score_aware_t2_v2,5c8fe12ee7f421ff2782,1800,2,1798,1798,0.9988888888888889,33310.21666666667,False,,5583387.0,65.1008
adaptive,compound_shift,compound-shift-qualification-p23,23,21189,1,distributional_shadow_t2,a59698c3ae6b62e4050a,1800,2,1798,1798,0.9988888888888889,33310.21666666667,False,,5583387.0,65.1008
adaptive,compound_shift,compound-shift-qualification-p23,23,21190,1,str_mlo_nmaxinflights_1,38117c675df1acc21454,1800,714,1086,1086,0.6033333333333334,24159.417777777777,True,32889.05,7552736.0,66.89744
adaptive,compound_shift,compound-shift-qualification-p23,23,21190,1,score_aware_t2_v2,115ac634a69328030849,1800,590,1210,1210,0.6722222222222223,25965.95111111111,True,32745.42,6372607.0,68.30272
adaptive,compound_shift,compound-shift-qualification-p23,23,21190,1,distributional_shadow_t2,88bd46876c06f62629c1,1800,591,1209,1209,0.6716666666666666,25964.216666666667,True,32757.8,6666190.0,68.01424
adaptive,compound_shift,compound-shift-qualification-p23,23,21191,1,str_mlo_nmaxinflights_1,7a83fce479b4928eef24,1800,5,1795,1795,0.9972222222222222,33297.293333333335,False,,9605256.0,61.9808
adaptive,compound_shift,compound-shift-qualification-p23,23,21191,1,score_aware_t2_v2,1fff96bd125bbcb59d29,1800,1,1799,1799,0.9994444444444445,33316.026666666665,False,,4496051.0,63.31152
adaptive,compound_shift,compound-shift-qualification-p23,23,21191,1,distributional_shadow_t2,b24e379b4cf0fae1c0a6,1800,2,1798,1798,0.9988888888888889,33315.17722222222,False,,5077055.0,63.2792
adaptive,compound_shift,compound-shift-qualification-p23,23,21192,1,str_mlo_nmaxinflights_1,b22b5e9aad169fa4584c,1800,257,1543,1543,0.8572222222222222,30508.852222222224,True,32511.72,13225774.0,61.90992
adaptive,compound_shift,compound-shift-qualification-p23,23,21192,1,score_aware_t2_v2,676cb4e1baafc24352e3,1800,93,1707,1707,0.9483333333333334,32416.417777777777,False,,5905091.0,58.95936
adaptive,compound_shift,compound-shift-qualification-p23,23,21192,1,distributional_shadow_t2,28d2d1fc33755025e00c,1800,91,1709,1709,0.9494444444444444,32431.391111111112,False,,6304986.0,59.00096
