mode,family_id,scenario_id,parameter_sample,seed,run,arm_id,run_id,generated_frame_count,completed_frame_count,incomplete_frame_count,deadline_miss_count,all_generated_deadline_miss_rate,all_generated_censored_mean_us,sender_airtime_us,background_throughput_mbps
fixed,radio_propagation,radio-propagation-qualification-p16,16,21001,1,str_mlo_nmaxinflights_1,36055a9633f78a0e291f,1800,1800,0,0,0.0,1813.1427777777778,3090544.0,26.64416
fixed,radio_propagation,radio-propagation-qualification-p16,16,21001,1,score_aware_t2_v2,b3f705e31e8d04608ea3,1800,1800,0,0,0.0,1962.0983333333334,3132716.0,26.64384
fixed,radio_propagation,radio-propagation-qualification-p16,16,21001,1,distributional_shadow_t2,d7cc6616e96f354d1534,1800,1800,0,0,0.0,1927.9572222222223,3248882.0,26.64384
fixed,radio_propagation,radio-propagation-qualification-p16,16,21002,1,str_mlo_nmaxinflights_1,32b03be30acda3f6545c,1800,1795,5,5,0.002777777777777778,3313.056111111111,4137898.0,26.83136
fixed,radio_propagation,radio-propagation-qualification-p16,16,21002,1,score_aware_t2_v2,c61ec9c441eed78a26ea,1800,1797,3,3,0.0016666666666666668,3823.7805555555556,4947596.0,26.83184
fixed,radio_propagation,radio-propagation-qualification-p16,16,21002,1,distributional_shadow_t2,262a7a6060d7536b6c84,1800,1798,2,2,0.0011111111111111111,3680.551111111111,5022593.0,26.83184
fixed,radio_propagation,radio-propagation-qualification-p16,16,21003,1,str_mlo_nmaxinflights_1,8761dcbd3545e204f837,1800,1800,0,0,0.0,1836.1744444444444,3090937.0,27.1808
fixed,radio_propagation,radio-propagation-qualification-p16,16,21003,1,score_aware_t2_v2,4f88b18164583009ba88,1800,1797,3,3,0.0016666666666666668,2041.8833333333334,3168210.0,27.1808
fixed,radio_propagation,radio-propagation-qualification-p16,16,21003,1,distributional_shadow_t2,b52375c3f43793655f5a,1800,1797,3,3,0.0016666666666666668,2012.2694444444444,3299629.0,27.1808
fixed,radio_propagation,radio-propagation-qualification-p16,16,21004,1,str_mlo_nmaxinflights_1,630622330d1545dba695,1800,1790,10,10,0.005555555555555556,3540.2294444444447,4148770.0,26.512
fixed,radio_propagation,radio-propagation-qualification-p16,16,21004,1,score_aware_t2_v2,f57e81d1db8c06e90ac8,1800,1797,3,3,0.0016666666666666668,3783.096666666667,5088388.0,26.51216
fixed,radio_propagation,radio-propagation-qualification-p16,16,21004,1,distributional_shadow_t2,18170c7e3b86a2e12e00,1800,1797,3,3,0.0016666666666666668,3832.86,5082552.0,26.51216
fixed,radio_propagation,radio-propagation-qualification-p17,17,21005,1,str_mlo_nmaxinflights_1,c937093ce51ea36c268e,1800,1683,117,117,0.065,8981.504444444445,7073012.0,26.75856
fixed,radio_propagation,radio-propagation-qualification-p17,17,21005,1,score_aware_t2_v2,261f4cd0ba23304af809,1800,1608,192,192,0.10666666666666667,11473.122222222222,9640446.0,26.75376
fixed,radio_propagation,radio-propagation-qualification-p17,17,21005,1,distributional_shadow_t2,5423f0e08df2a7c98652,1800,1611,189,189,0.105,11534.266666666666,9665319.0,26.7528
fixed,radio_propagation,radio-propagation-qualification-p17,17,21006,1,str_mlo_nmaxinflights_1,8476ea31bfd8156e1748,1800,1254,546,546,0.30333333333333334,17871.673333333332,12738720.0,27.10048
fixed,radio_propagation,radio-propagation-qualification-p17,17,21006,1,score_aware_t2_v2,b42b2c383e40ca6f7ec5,1800,1094,706,706,0.39222222222222225,20375.818888888887,18633379.0,27.09664
fixed,radio_propagation,radio-propagation-qualification-p17,17,21006,1,distributional_shadow_t2,5f26a098daaa7c900e72,1800,1163,637,637,0.35388888888888886,19382.33388888889,18881438.0,27.09664
fixed,radio_propagation,radio-propagation-qualification-p17,17,21007,1,str_mlo_nmaxinflights_1,cf3d9b93ebfdcb90e360,1800,1297,503,503,0.27944444444444444,16984.044444444444,11435258.0,26.18256
fixed,radio_propagation,radio-propagation-qualification-p17,17,21007,1,score_aware_t2_v2,b132cc0b9c5923944d79,1800,1175,625,625,0.3472222222222222,19171.591111111113,14366473.0,26.1792
fixed,radio_propagation,radio-propagation-qualification-p17,17,21007,1,distributional_shadow_t2,57127cd87e8789a5f2d3,1800,1225,575,575,0.3194444444444444,18382.592777777776,14940402.0,26.18096
fixed,radio_propagation,radio-propagation-qualification-p17,17,21008,1,str_mlo_nmaxinflights_1,82e51528936060ae348d,1800,1609,191,191,0.10611111111111111,11282.343888888889,8638316.0,26.33136
fixed,radio_propagation,radio-propagation-qualification-p17,17,21008,1,score_aware_t2_v2,84bb0cb4bad3a0ff52fd,1800,1550,250,250,0.1388888888888889,13678.502777777778,11802950.0,26.33184
fixed,radio_propagation,radio-propagation-qualification-p17,17,21008,1,distributional_shadow_t2,fa56530b8ef64b8e27a1,1800,1570,230,230,0.12777777777777777,13372.950555555555,12025453.0,26.33088
fixed,radio_propagation,radio-propagation-qualification-p18,18,21009,1,str_mlo_nmaxinflights_1,4cfb59287ccf7d617551,1800,1791,9,9,0.005,3592.3416666666667,4089476.0,25.708
fixed,radio_propagation,radio-propagation-qualification-p18,18,21009,1,score_aware_t2_v2,40cc2b13e5228257ef57,1800,1795,5,5,0.002777777777777778,3508.981111111111,4742104.0,25.69936
fixed,radio_propagation,radio-propagation-qualification-p18,18,21009,1,distributional_shadow_t2,3964ba0a4a71b8fc93d3,1800,1795,5,5,0.002777777777777778,3480.4094444444445,4823753.0,25.69904
fixed,radio_propagation,radio-propagation-qualification-p18,18,21010,1,str_mlo_nmaxinflights_1,32c54ecd6de03687cccf,1800,1794,6,6,0.0033333333333333335,3241.8794444444443,3824021.0,26.96576
fixed,radio_propagation,radio-propagation-qualification-p18,18,21010,1,score_aware_t2_v2,2534c442425d9af823c4,1800,1800,0,0,0.0,2621.8894444444445,3721335.0,26.96752
fixed,radio_propagation,radio-propagation-qualification-p18,18,21010,1,distributional_shadow_t2,283f7d12d0983e9574ec,1800,1800,0,0,0.0,2563.36,4102148.0,26.96704
fixed,radio_propagation,radio-propagation-qualification-p18,18,21011,1,str_mlo_nmaxinflights_1,653ade0b56726d73958d,1800,1768,32,32,0.017777777777777778,5520.910555555555,5131186.0,26.74176
fixed,radio_propagation,radio-propagation-qualification-p18,18,21011,1,score_aware_t2_v2,4c7cf803908fcc7c08f7,1800,1773,27,27,0.015,5497.964444444445,5741274.0,26.73888
fixed,radio_propagation,radio-propagation-qualification-p18,18,21011,1,distributional_shadow_t2,e1a20f47167fe15c2b6d,1800,1782,18,18,0.01,5329.997777777778,6043072.0,26.73888
fixed,radio_propagation,radio-propagation-qualification-p18,18,21012,1,str_mlo_nmaxinflights_1,bed82a52ddff2cb9bca4,1800,1800,0,0,0.0,2205.2733333333335,3286555.0,26.6336
fixed,radio_propagation,radio-propagation-qualification-p18,18,21012,1,score_aware_t2_v2,519361bdd2d7dac3b790,1800,1800,0,0,0.0,1988.0105555555556,3131839.0,26.63056
fixed,radio_propagation,radio-propagation-qualification-p18,18,21012,1,distributional_shadow_t2,b6290aa912d4c394f564,1800,1800,0,0,0.0,1962.8294444444443,3358214.0,26.63296
fixed,radio_propagation,radio-propagation-qualification-p19,19,21013,1,str_mlo_nmaxinflights_1,cc0f18488cb86c6f6dc3,1800,1780,20,20,0.011111111111111112,4866.5344444444445,4847554.0,27.10096
fixed,radio_propagation,radio-propagation-qualification-p19,19,21013,1,score_aware_t2_v2,79d6b0777f2f6d57860f,1800,1781,19,19,0.010555555555555556,5226.477777777778,5843716.0,27.10048
fixed,radio_propagation,radio-propagation-qualification-p19,19,21013,1,distributional_shadow_t2,7caf110cda8d4fa41b38,1800,1786,14,14,0.0077777777777777776,5040.301111111111,5971937.0,27.10048
fixed,radio_propagation,radio-propagation-qualification-p19,19,21014,1,str_mlo_nmaxinflights_1,0ed99e45f512ce68d142,1800,1786,14,14,0.0077777777777777776,3753.62,4123318.0,27.44704
fixed,radio_propagation,radio-propagation-qualification-p19,19,21014,1,score_aware_t2_v2,4f314679798c630b2b7f,1800,1789,11,11,0.006111111111111111,3092.5616666666665,4169848.0,27.44256
fixed,radio_propagation,radio-propagation-qualification-p19,19,21014,1,distributional_shadow_t2,112841ffa03f33128999,1800,1792,8,8,0.0044444444444444444,2987.201111111111,4484978.0,27.44256
fixed,radio_propagation,radio-propagation-qualification-p19,19,21015,1,str_mlo_nmaxinflights_1,837aee4c688e3a290502,1800,1780,20,20,0.011111111111111112,4188.645,4420858.0,26.2544
fixed,radio_propagation,radio-propagation-qualification-p19,19,21015,1,score_aware_t2_v2,99f7711ecf7e03752bff,1800,1782,18,18,0.01,4807.4672222222225,5605357.0,26.2528
fixed,radio_propagation,radio-propagation-qualification-p19,19,21015,1,distributional_shadow_t2,6ae7fd8ad084a99e9ecb,1800,1783,17,17,0.009444444444444445,4753.093888888889,5640557.0,26.25264
fixed,radio_propagation,radio-propagation-qualification-p19,19,21016,1,str_mlo_nmaxinflights_1,89aed42efbb08eefcfe1,1800,1788,12,12,0.006666666666666667,3813.2733333333335,4382206.0,27.52672
fixed,radio_propagation,radio-propagation-qualification-p19,19,21016,1,score_aware_t2_v2,a5ce2ac110fc982e58e6,1800,1787,13,13,0.007222222222222222,4464.893333333333,5554182.0,27.52544
fixed,radio_propagation,radio-propagation-qualification-p19,19,21016,1,distributional_shadow_t2,e9442e810171618406b6,1800,1786,14,14,0.0077777777777777776,4543.876666666667,5563284.0,27.52544
fixed,radio_propagation,radio-propagation-qualification-p20,20,21017,1,str_mlo_nmaxinflights_1,5685b9d56dc6f7d7fb81,1800,1757,43,43,0.02388888888888889,5389.8822222222225,5029210.0,27.31488
fixed,radio_propagation,radio-propagation-qualification-p20,20,21017,1,score_aware_t2_v2,448e48b1cca53af14743,1800,1795,5,5,0.002777777777777778,3775.4533333333334,4951450.0,27.30928
fixed,radio_propagation,radio-propagation-qualification-p20,20,21017,1,distributional_shadow_t2,88387f92242bcd931ed7,1800,1796,4,4,0.0022222222222222222,3667.785,5414760.0,27.30928
fixed,radio_propagation,radio-propagation-qualification-p20,20,21018,1,str_mlo_nmaxinflights_1,07b9055c737d47fdd861,1800,1680,120,120,0.06666666666666667,8786.642222222223,6572716.0,26.6176
fixed,radio_propagation,radio-propagation-qualification-p20,20,21018,1,score_aware_t2_v2,9183fb9633bdf84d1814,1800,1644,156,156,0.08666666666666667,9334.93611111111,7457208.0,26.60976
fixed,radio_propagation,radio-propagation-qualification-p20,20,21018,1,distributional_shadow_t2,eaa82dfa10cbae035f4c,1800,1685,115,115,0.06388888888888888,8685.878333333334,7867339.0,26.60848
fixed,radio_propagation,radio-propagation-qualification-p20,20,21019,1,str_mlo_nmaxinflights_1,d75ad1602644a8b70618,1800,1758,42,42,0.023333333333333334,6570.816666666667,5810251.0,26.66112
fixed,radio_propagation,radio-propagation-qualification-p20,20,21019,1,score_aware_t2_v2,87e3d980719bbd841679,1800,1752,48,48,0.02666666666666667,7148.738888888889,7239749.0,26.65952
fixed,radio_propagation,radio-propagation-qualification-p20,20,21019,1,distributional_shadow_t2,38dc033a4b8966ac1f15,1800,1760,40,40,0.022222222222222223,6921.71,7349149.0,26.65632
fixed,radio_propagation,radio-propagation-qualification-p20,20,21020,1,str_mlo_nmaxinflights_1,86c2a5aade2cb84a3acd,1800,1504,296,296,0.16444444444444445,12727.146111111111,9936995.0,25.9944
fixed,radio_propagation,radio-propagation-qualification-p20,20,21020,1,score_aware_t2_v2,5a938c649a3512563037,1800,1393,407,407,0.22611111111111112,14443.239444444445,12878820.0,25.9952
fixed,radio_propagation,radio-propagation-qualification-p20,20,21020,1,distributional_shadow_t2,9466e49d79c60fe1ebc2,1800,1470,330,330,0.18333333333333332,13412.318333333333,13347231.0,25.9952
fixed,radio_propagation,radio-propagation-qualification-p21,21,21021,1,str_mlo_nmaxinflights_1,0b3d01f2fbf3294895e1,1800,1796,4,4,0.0022222222222222222,3404.2266666666665,4130217.0,26.3696
fixed,radio_propagation,radio-propagation-qualification-p21,21,21021,1,score_aware_t2_v2,40d2556d43fcf221400d,1800,1796,4,4,0.0022222222222222222,3101.676111111111,4263862.0,26.3688
fixed,radio_propagation,radio-propagation-qualification-p21,21,21021,1,distributional_shadow_t2,da3b57aa828f4187bbf1,1800,1797,3,3,0.0016666666666666668,3027.6,4486909.0,26.3688
fixed,radio_propagation,radio-propagation-qualification-p21,21,21022,1,str_mlo_nmaxinflights_1,2939396f8c1375306a77,1800,1776,24,24,0.013333333333333334,4602.6194444444445,4773936.0,25.34784
fixed,radio_propagation,radio-propagation-qualification-p21,21,21022,1,score_aware_t2_v2,68fe5d5dc0c93a90b8f7,1800,1777,23,23,0.012777777777777779,5286.522777777778,6289406.0,25.34752
fixed,radio_propagation,radio-propagation-qualification-p21,21,21022,1,distributional_shadow_t2,4a8dc497db2bc7ddf10f,1800,1778,22,22,0.012222222222222223,5309.333888888889,6290378.0,25.34752
fixed,radio_propagation,radio-propagation-qualification-p21,21,21023,1,str_mlo_nmaxinflights_1,a6728571ddfc3075955f,1800,1795,5,5,0.002777777777777778,3318.701111111111,4073217.0,26.30352
fixed,radio_propagation,radio-propagation-qualification-p21,21,21023,1,score_aware_t2_v2,b76aaab1f6225a41c43c,1800,1793,7,7,0.0038888888888888888,3622.9422222222224,4645977.0,26.30416
fixed,radio_propagation,radio-propagation-qualification-p21,21,21023,1,distributional_shadow_t2,3692258cc0e422abd775,1800,1793,7,7,0.0038888888888888888,3525.478888888889,4778485.0,26.30416
fixed,radio_propagation,radio-propagation-qualification-p21,21,21024,1,str_mlo_nmaxinflights_1,b1d9526ec7d2f41eb6f0,1800,1765,35,35,0.019444444444444445,4979.4383333333335,4795218.0,26.97776
fixed,radio_propagation,radio-propagation-qualification-p21,21,21024,1,score_aware_t2_v2,515d1c45c324b64ca9d8,1800,1758,42,42,0.023333333333333334,5999.578333333333,6226642.0,26.97472
fixed,radio_propagation,radio-propagation-qualification-p21,21,21024,1,distributional_shadow_t2,eaf7c05cb6d1563ddf62,1800,1767,33,33,0.018333333333333333,5780.327222222222,6266935.0,26.97472
fixed,radio_propagation,radio-propagation-qualification-p22,22,21025,1,str_mlo_nmaxinflights_1,dfb6dd3f974f710ff8e4,1800,1800,0,0,0.0,2424.6511111111113,3515933.0,26.67936
fixed,radio_propagation,radio-propagation-qualification-p22,22,21025,1,score_aware_t2_v2,83aadec8598a1ba57098,1800,1799,1,1,0.0005555555555555556,2568.4394444444442,3649616.0,26.68256
fixed,radio_propagation,radio-propagation-qualification-p22,22,21025,1,distributional_shadow_t2,36c87af9b5a711cd3c9f,1800,1800,0,0,0.0,2431.2205555555556,3893903.0,26.68256
fixed,radio_propagation,radio-propagation-qualification-p22,22,21026,1,str_mlo_nmaxinflights_1,393cd886ed9af91aaa78,1800,1795,5,5,0.002777777777777778,3092.492222222222,3867180.0,27.30912
fixed,radio_propagation,radio-propagation-qualification-p22,22,21026,1,score_aware_t2_v2,9df53474c12554d5b1eb,1800,1793,7,7,0.0038888888888888888,3592.596666666667,4643520.0,27.04032
fixed,radio_propagation,radio-propagation-qualification-p22,22,21026,1,distributional_shadow_t2,cbf9c8ae898339f940bb,1800,1795,5,5,0.002777777777777778,3496.8866666666668,4672764.0,27.04032
fixed,radio_propagation,radio-propagation-qualification-p22,22,21027,1,str_mlo_nmaxinflights_1,21a7ce8348580ffe3e95,1800,1800,0,0,0.0,1868.3666666666666,3130622.0,26.65472
fixed,radio_propagation,radio-propagation-qualification-p22,22,21027,1,score_aware_t2_v2,028d2e41fa69e69d9b7d,1800,1799,1,1,0.0005555555555555556,2127.0516666666667,3244190.0,26.65328
fixed,radio_propagation,radio-propagation-qualification-p22,22,21027,1,distributional_shadow_t2,82bb046e096888f3cd94,1800,1800,0,0,0.0,2032.951111111111,3511362.0,26.65328
fixed,radio_propagation,radio-propagation-qualification-p22,22,21028,1,str_mlo_nmaxinflights_1,f296bb5920d7d5793742,1800,1800,0,0,0.0,2492.8433333333332,3569900.0,27.09808
fixed,radio_propagation,radio-propagation-qualification-p22,22,21028,1,score_aware_t2_v2,eec94034efdd4e8b5ee0,1800,1800,0,0,0.0,2693.108888888889,3786039.0,27.09872
fixed,radio_propagation,radio-propagation-qualification-p22,22,21028,1,distributional_shadow_t2,4b99d50b4058cdfa6874,1800,1800,0,0,0.0,2603.4377777777777,4044280.0,27.09872
fixed,radio_propagation,radio-propagation-qualification-p23,23,21029,1,str_mlo_nmaxinflights_1,a99c2fb8301065086595,1800,1312,488,488,0.27111111111111114,16267.913333333334,9481669.0,26.34
fixed,radio_propagation,radio-propagation-qualification-p23,23,21029,1,score_aware_t2_v2,d4c41da2db37ded9b912,1800,1130,670,670,0.37222222222222223,19658.569444444445,14221992.0,26.33584
fixed,radio_propagation,radio-propagation-qualification-p23,23,21029,1,distributional_shadow_t2,2d81ee1c5d50a80817bc,1800,1153,647,647,0.35944444444444446,19254.6,14293224.0,26.33584
fixed,radio_propagation,radio-propagation-qualification-p23,23,21030,1,str_mlo_nmaxinflights_1,5158a50f0ce12503acd2,1800,1437,363,363,0.20166666666666666,14552.833888888888,8985866.0,26.32752
fixed,radio_propagation,radio-propagation-qualification-p23,23,21030,1,score_aware_t2_v2,da7d1150de1d81ba764f,1800,1254,546,546,0.30333333333333334,18017.54,11546898.0,26.31712
fixed,radio_propagation,radio-propagation-qualification-p23,23,21030,1,distributional_shadow_t2,d9cba4742bd84662a175,1800,1297,503,503,0.27944444444444444,17364.32222222222,11834456.0,26.31712
fixed,radio_propagation,radio-propagation-qualification-p23,23,21031,1,str_mlo_nmaxinflights_1,9d6a0166040a124d0331,1800,1293,507,507,0.2816666666666667,17298.797222222223,10288917.0,25.95728
fixed,radio_propagation,radio-propagation-qualification-p23,23,21031,1,score_aware_t2_v2,326adc21ef0719e45bd4,1800,1175,625,625,0.3472222222222222,19096.189444444444,12227631.0,25.95792
fixed,radio_propagation,radio-propagation-qualification-p23,23,21031,1,distributional_shadow_t2,bf1f739b4c42fb8db2a4,1800,1241,559,559,0.31055555555555553,18089.466111111113,12796745.0,25.95744
fixed,radio_propagation,radio-propagation-qualification-p23,23,21032,1,str_mlo_nmaxinflights_1,28fcaa0f259c76f2a43f,1800,1371,429,429,0.23833333333333334,16437.96277777778,10149693.0,26.73408
fixed,radio_propagation,radio-propagation-qualification-p23,23,21032,1,score_aware_t2_v2,55f076a05db43bee4143,1800,1273,527,527,0.2927777777777778,17812.655,11169642.0,26.72112
fixed,radio_propagation,radio-propagation-qualification-p23,23,21032,1,distributional_shadow_t2,6cdc5cc1468eabde264f,1800,1331,469,469,0.26055555555555554,17057.79611111111,11939166.0,26.72112
fixed,obss_intensity,obss-intensity-qualification-p16,16,21033,1,str_mlo_nmaxinflights_1,7791f434259b2a5daf40,1800,1724,76,76,0.042222222222222223,5867.04,4874042.0,29.91856
fixed,obss_intensity,obss-intensity-qualification-p16,16,21033,1,score_aware_t2_v2,592b2d28f5a2c97ffa4d,1800,1708,92,92,0.051111111111111114,6938.0072222222225,6273804.0,29.9208
fixed,obss_intensity,obss-intensity-qualification-p16,16,21033,1,distributional_shadow_t2,766f48e169c53d236027,1800,1709,91,91,0.050555555555555555,6922.985555555556,6349473.0,29.92048
fixed,obss_intensity,obss-intensity-qualification-p16,16,21034,1,str_mlo_nmaxinflights_1,4907f69444183af40cde,1800,1761,39,39,0.021666666666666667,4187.446666666667,4148282.0,30.44192
fixed,obss_intensity,obss-intensity-qualification-p16,16,21034,1,score_aware_t2_v2,3ce24618cd012538cb2b,1800,1787,13,13,0.007222222222222222,3678.13,4729189.0,30.44384
fixed,obss_intensity,obss-intensity-qualification-p16,16,21034,1,distributional_shadow_t2,27c786ccd530ee14c088,1800,1790,10,10,0.005555555555555556,3637.777222222222,4896313.0,30.44352
fixed,obss_intensity,obss-intensity-qualification-p16,16,21035,1,str_mlo_nmaxinflights_1,52a60158c08ffc9c3232,1800,1722,78,78,0.043333333333333335,6280.2283333333335,5117593.0,30.492
fixed,obss_intensity,obss-intensity-qualification-p16,16,21035,1,score_aware_t2_v2,9fd5c829a18193ed620b,1800,1713,87,87,0.04833333333333333,6673.245555555555,6178461.0,30.49248
fixed,obss_intensity,obss-intensity-qualification-p16,16,21035,1,distributional_shadow_t2,6f65af4bf7636bb86fb3,1800,1729,71,71,0.03944444444444444,6263.846111111111,6384339.0,30.49248
fixed,obss_intensity,obss-intensity-qualification-p16,16,21036,1,str_mlo_nmaxinflights_1,c124f2b842ca9fb86cd7,1800,1789,11,11,0.006111111111111111,3486.1922222222224,4015311.0,30.48688
fixed,obss_intensity,obss-intensity-qualification-p16,16,21036,1,score_aware_t2_v2,2afb8ec46b1731c2e499,1800,1790,10,10,0.005555555555555556,3531.737222222222,4683221.0,30.48128
fixed,obss_intensity,obss-intensity-qualification-p16,16,21036,1,distributional_shadow_t2,2e99e097a9ddc7ba614a,1800,1792,8,8,0.0044444444444444444,3548.676111111111,4745187.0,30.48128
fixed,obss_intensity,obss-intensity-qualification-p17,17,21037,1,str_mlo_nmaxinflights_1,374e60989154b57c0657,1800,852,948,948,0.5266666666666666,21824.81611111111,5934880.0,73.19664
fixed,obss_intensity,obss-intensity-qualification-p17,17,21037,1,score_aware_t2_v2,adaa733e5f0ad6c2255f,1800,946,854,854,0.47444444444444445,20685.735,6234331.0,74.68288
fixed,obss_intensity,obss-intensity-qualification-p17,17,21037,1,distributional_shadow_t2,16da7be60e94ec44212e,1800,940,860,860,0.4777777777777778,20737.816666666666,6288155.0,74.64256
fixed,obss_intensity,obss-intensity-qualification-p17,17,21038,1,str_mlo_nmaxinflights_1,277e8ac9f98bb63902d3,1800,430,1370,1370,0.7611111111111111,28240.653333333332,7745931.0,75.5552
fixed,obss_intensity,obss-intensity-qualification-p17,17,21038,1,score_aware_t2_v2,04add1cabc540c207727,1800,379,1421,1421,0.7894444444444444,29014.16611111111,7371408.0,75.22848
fixed,obss_intensity,obss-intensity-qualification-p17,17,21038,1,distributional_shadow_t2,8f1c8012d37abe19b7a3,1800,406,1394,1394,0.7744444444444445,28776.739444444444,7723478.0,75.3312
fixed,obss_intensity,obss-intensity-qualification-p17,17,21039,1,str_mlo_nmaxinflights_1,823e021bc9f34dfb16ae,1800,465,1335,1335,0.7416666666666667,27993.44,5408570.0,70.70032
fixed,obss_intensity,obss-intensity-qualification-p17,17,21039,1,score_aware_t2_v2,fd31d7828880b3849d0d,1800,630,1170,1170,0.65,25985.805,5437731.0,70.37616
fixed,obss_intensity,obss-intensity-qualification-p17,17,21039,1,distributional_shadow_t2,7889bac5ae485dc001c9,1800,630,1170,1170,0.65,25998.976666666666,5183225.0,70.43744
fixed,obss_intensity,obss-intensity-qualification-p17,17,21040,1,str_mlo_nmaxinflights_1,75673e48baed381d2775,1800,262,1538,1538,0.8544444444444445,30276.070555555554,5157989.0,71.0472
fixed,obss_intensity,obss-intensity-qualification-p17,17,21040,1,score_aware_t2_v2,78c1a837b9f2d5686cd4,1800,1210,590,590,0.3277777777777778,16730.129444444443,6909059.0,63.00784
fixed,obss_intensity,obss-intensity-qualification-p17,17,21040,1,distributional_shadow_t2,a22eb9c7b1727eef28b2,1800,1212,588,588,0.32666666666666666,16799.312777777777,7088819.0,62.58384
fixed,obss_intensity,obss-intensity-qualification-p18,18,21041,1,str_mlo_nmaxinflights_1,318ba779f4aa734fd3c0,1800,1799,1,1,0.0005555555555555556,2715.9088888888887,3422886.0,40.88688
fixed,obss_intensity,obss-intensity-qualification-p18,18,21041,1,score_aware_t2_v2,ff4fe4abb0e591bfd774,1800,1797,3,3,0.0016666666666666668,2484.4211111111113,3356875.0,40.8824
fixed,obss_intensity,obss-intensity-qualification-p18,18,21041,1,distributional_shadow_t2,c39e701a67be31938564,1800,1799,1,1,0.0005555555555555556,2350.7244444444445,3772424.0,40.88352
fixed,obss_intensity,obss-intensity-qualification-p18,18,21042,1,str_mlo_nmaxinflights_1,ea5ed42e9cf0b6a27dda,1800,1628,172,172,0.09555555555555556,8941.125555555556,5919225.0,40.13072
fixed,obss_intensity,obss-intensity-qualification-p18,18,21042,1,score_aware_t2_v2,5739c4a1a126fcd3616b,1800,1527,273,273,0.15166666666666667,11646.726111111111,7414698.0,40.12592
fixed,obss_intensity,obss-intensity-qualification-p18,18,21042,1,distributional_shadow_t2,505eab239cf0e2fa20a1,1800,1536,264,264,0.14666666666666667,11506.761666666667,7628890.0,40.12496
fixed,obss_intensity,obss-intensity-qualification-p18,18,21043,1,str_mlo_nmaxinflights_1,0ec3c5e9256c069a483a,1800,1784,16,16,0.008888888888888889,3659.087777777778,3918347.0,42.11088
fixed,obss_intensity,obss-intensity-qualification-p18,18,21043,1,score_aware_t2_v2,32a1837eac8df12b3e4b,1800,1766,34,34,0.01888888888888889,4910.58,5119109.0,41.60608
fixed,obss_intensity,obss-intensity-qualification-p18,18,21043,1,distributional_shadow_t2,dab6c0a878ddc497f48b,1800,1762,38,38,0.021111111111111112,5137.310555555556,5044838.0,42.11424
fixed,obss_intensity,obss-intensity-qualification-p18,18,21044,1,str_mlo_nmaxinflights_1,0138971c7999a5c94a13,1800,1671,129,129,0.07166666666666667,7606.4238888888885,5606697.0,40.2992
fixed,obss_intensity,obss-intensity-qualification-p18,18,21044,1,score_aware_t2_v2,39343ff7dac44dac946d,1800,1541,259,259,0.1438888888888889,11058.66111111111,7623049.0,40.30544
fixed,obss_intensity,obss-intensity-qualification-p18,18,21044,1,distributional_shadow_t2,3fa11e28294476ca41e6,1800,1543,257,257,0.14277777777777778,11142.49111111111,7621537.0,40.30544
fixed,obss_intensity,obss-intensity-qualification-p19,19,21045,1,str_mlo_nmaxinflights_1,28dbcfeeba5ac0474d83,1800,1249,551,551,0.3061111111111111,15448.772777777778,6037913.0,52.74064
fixed,obss_intensity,obss-intensity-qualification-p19,19,21045,1,score_aware_t2_v2,82b3c5e3cd7439c12554,1800,1282,518,518,0.2877777777777778,15521.826666666666,6649911.0,52.6876
fixed,obss_intensity,obss-intensity-qualification-p19,19,21045,1,distributional_shadow_t2,c85ba966b51a3ec0bdbc,1800,1315,485,485,0.26944444444444443,15049.696666666667,6920935.0,52.672
fixed,obss_intensity,obss-intensity-qualification-p19,19,21046,1,str_mlo_nmaxinflights_1,80f2e48b579e8aa72af0,1800,716,1084,1084,0.6022222222222222,24395.76,8189006.0,52.82808
fixed,obss_intensity,obss-intensity-qualification-p19,19,21046,1,score_aware_t2_v2,e6afbc10d239a8e5e2ef,1800,620,1180,1180,0.6555555555555556,25663.713333333333,8720622.0,51.76664
fixed,obss_intensity,obss-intensity-qualification-p19,19,21046,1,distributional_shadow_t2,490ccf45e74f65cb0199,1800,638,1162,1162,0.6455555555555555,25527.126111111113,9339070.0,51.77232
fixed,obss_intensity,obss-intensity-qualification-p19,19,21047,1,str_mlo_nmaxinflights_1,bf911ffc159f398accaf,1800,1617,183,183,0.10166666666666667,8070.475555555556,4410071.0,51.46416
fixed,obss_intensity,obss-intensity-qualification-p19,19,21047,1,score_aware_t2_v2,b522a6d52de5966dfd69,1800,1151,649,649,0.3605555555555556,17526.325555555555,6182184.0,52.376
fixed,obss_intensity,obss-intensity-qualification-p19,19,21047,1,distributional_shadow_t2,78e1bddd69f5a225f0b1,1800,1137,663,663,0.36833333333333335,17795.068888888887,6220380.0,52.33952
fixed,obss_intensity,obss-intensity-qualification-p19,19,21048,1,str_mlo_nmaxinflights_1,6886e189336bcfc31a66,1800,1555,245,245,0.1361111111111111,9918.570555555556,4670846.0,51.85864
fixed,obss_intensity,obss-intensity-qualification-p19,19,21048,1,score_aware_t2_v2,dc3a4e7f89b342c002c3,1800,1427,373,373,0.20722222222222222,13047.633333333333,5809667.0,51.8016
fixed,obss_intensity,obss-intensity-qualification-p19,19,21048,1,distributional_shadow_t2,30c63450ab80390a4c4c,1800,1449,351,351,0.195,12895.839444444444,5904810.0,51.7948
fixed,obss_intensity,obss-intensity-qualification-p20,20,21049,1,str_mlo_nmaxinflights_1,9893eb6f2fe9e4ed4f1a,1800,1,1799,1799,0.9994444444444445,33317.578888888886,4098009.0,70.51608
fixed,obss_intensity,obss-intensity-qualification-p20,20,21049,1,score_aware_t2_v2,c146c6c2776be572f63b,1800,5,1795,1795,0.9972222222222222,33272.25111111111,2683013.0,69.43432
fixed,obss_intensity,obss-intensity-qualification-p20,20,21049,1,distributional_shadow_t2,dc588d9dee139b3fce08,1800,2,1798,1798,0.9988888888888889,33302.19388888889,2437773.0,69.59328
fixed,obss_intensity,obss-intensity-qualification-p20,20,21050,1,str_mlo_nmaxinflights_1,36f8ffa87f7b9dcb049f,1800,455,1345,1345,0.7472222222222222,27834.399444444443,4582070.0,77.01376
fixed,obss_intensity,obss-intensity-qualification-p20,20,21050,1,score_aware_t2_v2,6841d6c0e0a6bc93015c,1800,421,1379,1379,0.7661111111111111,28511.646666666667,4759463.0,75.94176
fixed,obss_intensity,obss-intensity-qualification-p20,20,21050,1,distributional_shadow_t2,4eddb795d688511756a1,1800,405,1395,1395,0.775,28679.576666666668,4785150.0,76.90024
fixed,obss_intensity,obss-intensity-qualification-p20,20,21051,1,str_mlo_nmaxinflights_1,b7b08745cf903c88af98,1800,12,1788,1788,0.9933333333333333,33209.13277777778,4574328.0,75.38464
fixed,obss_intensity,obss-intensity-qualification-p20,20,21051,1,score_aware_t2_v2,e1202f24a4669108df66,1800,23,1777,1777,0.9872222222222222,33111.85166666667,5706172.0,74.75672
fixed,obss_intensity,obss-intensity-qualification-p20,20,21051,1,distributional_shadow_t2,6b8135f9c708f7f19f42,1800,5,1795,1795,0.9972222222222222,33292.633888888886,5564487.0,74.93208
fixed,obss_intensity,obss-intensity-qualification-p20,20,21052,1,str_mlo_nmaxinflights_1,fb315d018e84a58211f7,1800,83,1717,1717,0.9538888888888889,32478.432777777776,4030449.0,66.39896
fixed,obss_intensity,obss-intensity-qualification-p20,20,21052,1,score_aware_t2_v2,be1cc0e4644edff76958,1800,91,1709,1709,0.9494444444444444,32416.750555555554,4037101.0,65.5712
fixed,obss_intensity,obss-intensity-qualification-p20,20,21052,1,distributional_shadow_t2,75d62ae0eec88396a112,1800,90,1710,1710,0.95,32422.152222222223,3773392.0,65.48416
fixed,obss_intensity,obss-intensity-qualification-p21,21,21053,1,str_mlo_nmaxinflights_1,2bc30448b382ad1a336e,1800,1736,64,64,0.035555555555555556,5609.097777777778,4795344.0,38.93361493333333
fixed,obss_intensity,obss-intensity-qualification-p21,21,21053,1,score_aware_t2_v2,f5a228a63af86e773645,1800,1673,127,127,0.07055555555555555,8382.409444444444,6852168.0,38.93714773333333
fixed,obss_intensity,obss-intensity-qualification-p21,21,21053,1,distributional_shadow_t2,ef9fee5f5ab0d1c4e244,1800,1661,139,139,0.07722222222222222,8725.915,6782736.0,38.93714773333333
fixed,obss_intensity,obss-intensity-qualification-p21,21,21054,1,str_mlo_nmaxinflights_1,078bfbbecd842f226031,1800,1782,18,18,0.01,4174.666666666667,4317577.0,38.714188799999995
fixed,obss_intensity,obss-intensity-qualification-p21,21,21054,1,score_aware_t2_v2,b4ac6c4876d020f25bbe,1800,1781,19,19,0.010555555555555556,4958.280555555555,5551177.0,38.7159552
fixed,obss_intensity,obss-intensity-qualification-p21,21,21054,1,distributional_shadow_t2,1b79575e960097fc495f,1800,1778,22,22,0.012222222222222223,5105.678333333333,5480838.0,38.7159552
fixed,obss_intensity,obss-intensity-qualification-p21,21,21055,1,str_mlo_nmaxinflights_1,953e4e1ab9b4ad429da5,1800,1753,47,47,0.026111111111111113,6624.595,5187545.0,39.517115733333334
fixed,obss_intensity,obss-intensity-qualification-p21,21,21055,1,score_aware_t2_v2,8140a6f8ce156418cf32,1800,1735,65,65,0.03611111111111111,7053.014444444444,6057432.0,39.51063893333333
fixed,obss_intensity,obss-intensity-qualification-p21,21,21055,1,distributional_shadow_t2,393274fdfaca8ff63446,1800,1745,55,55,0.030555555555555555,6936.045555555555,6245824.0,39.51162026666667
fixed,obss_intensity,obss-intensity-qualification-p21,21,21056,1,str_mlo_nmaxinflights_1,7f390aa755444ebc4c7e,1800,1713,87,87,0.04833333333333333,7055.47,5228168.0,39.8387968
fixed,obss_intensity,obss-intensity-qualification-p21,21,21056,1,score_aware_t2_v2,d3f836dc2deec18c96fe,1800,1744,56,56,0.03111111111111111,5403.877222222222,4973789.0,39.838404266666664
fixed,obss_intensity,obss-intensity-qualification-p21,21,21056,1,distributional_shadow_t2,d608c8188a010f96f100,1800,1761,39,39,0.021666666666666667,5107.389444444444,5481198.0,39.838404266666664
fixed,obss_intensity,obss-intensity-qualification-p22,22,21057,1,str_mlo_nmaxinflights_1,ae2b3a000ca3f147ec35,1800,1647,153,153,0.085,8517.594444444445,5278150.0,47.23333973333333
fixed,obss_intensity,obss-intensity-qualification-p22,22,21057,1,score_aware_t2_v2,850652739494d3d6d253,1800,1570,230,230,0.12777777777777777,10014.99,6555853.0,47.22705920000001
fixed,obss_intensity,obss-intensity-qualification-p22,22,21057,1,distributional_shadow_t2,999bab395f28ec9afd3e,1800,1594,206,206,0.11444444444444445,9688.225,6762175.0,47.229610666666666
fixed,obss_intensity,obss-intensity-qualification-p22,22,21058,1,str_mlo_nmaxinflights_1,6dba905f721ddffaf0f1,1800,1656,144,144,0.08,8096.962222222222,5390684.0,44.567842133333336
fixed,obss_intensity,obss-intensity-qualification-p22,22,21058,1,score_aware_t2_v2,94b92b93fb660412af25,1800,1649,151,151,0.08388888888888889,8735.260555555555,6442085.0,44.567842133333336
fixed,obss_intensity,obss-intensity-qualification-p22,22,21058,1,distributional_shadow_t2,2208b922e538bd5beafd,1800,1660,140,140,0.07777777777777778,8508.040555555555,6767489.0,44.566075733333335
fixed,obss_intensity,obss-intensity-qualification-p22,22,21059,1,str_mlo_nmaxinflights_1,54a019da390627fbc44a,1800,1718,82,82,0.04555555555555556,5835.9094444444445,4322406.0,45.70756266666666
fixed,obss_intensity,obss-intensity-qualification-p22,22,21059,1,score_aware_t2_v2,0161dd36af4ae769a0ee,1800,1783,17,17,0.009444444444444445,3506.886111111111,3808116.0,45.7079552
fixed,obss_intensity,obss-intensity-qualification-p22,22,21059,1,distributional_shadow_t2,6b52529a7594bb8f430f,1800,1788,12,12,0.006666666666666667,3401.258888888889,4348666.0,45.7079552
fixed,obss_intensity,obss-intensity-qualification-p22,22,21060,1,str_mlo_nmaxinflights_1,7c19fae9cad1d0b61b88,1800,1590,210,210,0.11666666666666667,9311.295,5501536.0,46.749542399999996
fixed,obss_intensity,obss-intensity-qualification-p22,22,21060,1,score_aware_t2_v2,8b77443d81631a8239f5,1800,1453,347,347,0.19277777777777777,12193.02,7063003.0,46.75582293333333
fixed,obss_intensity,obss-intensity-qualification-p22,22,21060,1,distributional_shadow_t2,13ab54df6a50a8cc3feb,1800,1473,327,327,0.18166666666666667,11964.528333333334,7149767.0,46.753664
fixed,obss_intensity,obss-intensity-qualification-p23,23,21061,1,str_mlo_nmaxinflights_1,db6a100a92a3868b7092,1800,1794,6,6,0.0033333333333333335,2516.4694444444444,3384157.0,18.78536
fixed,obss_intensity,obss-intensity-qualification-p23,23,21061,1,score_aware_t2_v2,7ef7fad24e27135e2221,1800,1799,1,1,0.0005555555555555556,2143.173333333333,3238160.0,18.78808
fixed,obss_intensity,obss-intensity-qualification-p23,23,21061,1,distributional_shadow_t2,e0a7e9b5653f7e34d17d,1800,1800,0,0,0.0,2010.3527777777779,3572610.0,18.78824
fixed,obss_intensity,obss-intensity-qualification-p23,23,21062,1,str_mlo_nmaxinflights_1,0a87113dd6dea85341a7,1800,1743,57,57,0.03166666666666667,4713.58,4390165.0,17.95384
fixed,obss_intensity,obss-intensity-qualification-p23,23,21062,1,score_aware_t2_v2,c62d86ba1b6fbd970ab4,1800,1717,83,83,0.04611111111111111,5893.879444444445,5690601.0,17.9568
fixed,obss_intensity,obss-intensity-qualification-p23,23,21062,1,distributional_shadow_t2,1cae96f1d24b910b070d,1800,1720,80,80,0.044444444444444446,5905.109444444444,5731577.0,17.9568
fixed,obss_intensity,obss-intensity-qualification-p23,23,21063,1,str_mlo_nmaxinflights_1,858029e5705024ac8907,1800,1771,29,29,0.01611111111111111,3654.3483333333334,4001269.0,18.03392
fixed,obss_intensity,obss-intensity-qualification-p23,23,21063,1,score_aware_t2_v2,8e3c54e6b44d722b1c4f,1800,1792,8,8,0.0044444444444444444,3083.166111111111,4154047.0,18.03
fixed,obss_intensity,obss-intensity-qualification-p23,23,21063,1,distributional_shadow_t2,fe896fc7f47955efb8a6,1800,1795,5,5,0.002777777777777778,2925.653888888889,4424573.0,18.03
fixed,obss_intensity,obss-intensity-qualification-p23,23,21064,1,str_mlo_nmaxinflights_1,4b4af9fe23e8d81d5cdd,1800,1736,64,64,0.035555555555555556,4782.956666666667,4434986.0,17.64648
fixed,obss_intensity,obss-intensity-qualification-p23,23,21064,1,score_aware_t2_v2,e9e754d27ba3da20f305,1800,1710,90,90,0.05,5930.751111111111,5766766.0,17.64632
fixed,obss_intensity,obss-intensity-qualification-p23,23,21064,1,distributional_shadow_t2,40e35472e43ad4d60bcc,1800,1713,87,87,0.04833333333333333,5896.502222222222,5771175.0,17.64648
fixed,obss_geometry_mac,obss-geometry-mac-qualification-p16,16,21065,1,str_mlo_nmaxinflights_1,d0fefc1f54fa6805b732,1800,1790,10,10,0.005555555555555556,3487.2105555555554,4100443.0,26.94672
fixed,obss_geometry_mac,obss-geometry-mac-qualification-p16,16,21065,1,score_aware_t2_v2,730d54e5472128f7410c,1800,1788,12,12,0.006666666666666667,3530.741666666667,4650307.0,26.9472
fixed,obss_geometry_mac,obss-geometry-mac-qualification-p16,16,21065,1,distributional_shadow_t2,c7623645916d2d14c21e,1800,1789,11,11,0.006111111111111111,3485.8972222222224,4784071.0,26.9472
fixed,obss_geometry_mac,obss-geometry-mac-qualification-p16,16,21066,1,str_mlo_nmaxinflights_1,a5aaf41c3d806dc2caa1,1800,1779,21,21,0.011666666666666667,4562.2716666666665,4605121.0,26.52384
fixed,obss_geometry_mac,obss-geometry-mac-qualification-p16,16,21066,1,score_aware_t2_v2,fdbdac453349fd4043e3,1800,1778,22,22,0.012222222222222223,4725.756666666667,5234198.0,26.5024
fixed,obss_geometry_mac,obss-geometry-mac-qualification-p16,16,21066,1,distributional_shadow_t2,874f17a75f4752c41dfb,1800,1784,16,16,0.008888888888888889,4428.815555555556,5435634.0,26.5024
fixed,obss_geometry_mac,obss-geometry-mac-qualification-p16,16,21067,1,str_mlo_nmaxinflights_1,4ce2819cf0c1d16bfa9d,1800,1796,4,4,0.0022222222222222222,2865.802777777778,3821323.0,26.3336
fixed,obss_geometry_mac,obss-geometry-mac-qualification-p16,16,21067,1,score_aware_t2_v2,f90452fa41e7db45f1ea,1800,1795,5,5,0.002777777777777778,3287.3166666666666,4433042.0,26.33408
fixed,obss_geometry_mac,obss-geometry-mac-qualification-p16,16,21067,1,distributional_shadow_t2,6e97436dbfe65e99c7d9,1800,1795,5,5,0.002777777777777778,3199.1644444444446,4582943.0,26.33408
fixed,obss_geometry_mac,obss-geometry-mac-qualification-p16,16,21068,1,str_mlo_nmaxinflights_1,08ecbd3ae8aece8738bf,1800,1798,2,2,0.0011111111111111111,2258.883888888889,3375784.0,26.69344
fixed,obss_geometry_mac,obss-geometry-mac-qualification-p16,16,21068,1,score_aware_t2_v2,96b91710d7002a6baafc,1800,1798,2,2,0.0011111111111111111,2453.303888888889,3493893.0,26.69296
fixed,obss_geometry_mac,obss-geometry-mac-qualification-p16,16,21068,1,distributional_shadow_t2,66b1bc7ac653e4e283c8,1800,1799,1,1,0.0005555555555555556,2348.01,3757525.0,26.69296
fixed,obss_geometry_mac,obss-geometry-mac-qualification-p17,17,21069,1,str_mlo_nmaxinflights_1,615e6ad9f6cab70ecb5e,1800,1796,4,4,0.0022222222222222222,3367.305,4115517.0,27.43152
fixed,obss_geometry_mac,obss-geometry-mac-qualification-p17,17,21069,1,score_aware_t2_v2,affe278e7ccbe5a99e9c,1800,1794,6,6,0.0033333333333333335,3877.1311111111113,5087470.0,27.43152
fixed,obss_geometry_mac,obss-geometry-mac-qualification-p17,17,21069,1,distributional_shadow_t2,1ff2368ab5a2272caf47,1800,1792,8,8,0.0044444444444444444,3953.3805555555555,5052873.0,27.43152
fixed,obss_geometry_mac,obss-geometry-mac-qualification-p17,17,21070,1,str_mlo_nmaxinflights_1,da3479d879a236857ec0,1800,1798,2,2,0.0011111111111111111,2789.157222222222,3637107.0,27.30608
fixed,obss_geometry_mac,obss-geometry-mac-qualification-p17,17,21070,1,score_aware_t2_v2,9e953f92eb87d1196548,1800,1798,2,2,0.0011111111111111111,2484.8366666666666,3586596.0,27.30608
fixed,obss_geometry_mac,obss-geometry-mac-qualification-p17,17,21070,1,distributional_shadow_t2,02ece77e47ae377fc178,1800,1800,0,0,0.0,2362.4944444444445,3903068.0,27.30608
fixed,obss_geometry_mac,obss-geometry-mac-qualification-p17,17,21071,1,str_mlo_nmaxinflights_1,3adbf144ee719bdb250f,1800,1789,11,11,0.006111111111111111,3546.0183333333334,4250515.0,26.01328
fixed,obss_geometry_mac,obss-geometry-mac-qualification-p17,17,21071,1,score_aware_t2_v2,502bfb4a69b84d98f9fd,1800,1795,5,5,0.002777777777777778,4062.963333333333,5411047.0,26.01328
fixed,obss_geometry_mac,obss-geometry-mac-qualification-p17,17,21071,1,distributional_shadow_t2,bfd0318e1a747d7a95b2,1800,1793,7,7,0.0038888888888888888,4209.025555555556,5356859.0,26.01328
fixed,obss_geometry_mac,obss-geometry-mac-qualification-p17,17,21072,1,str_mlo_nmaxinflights_1,15be909c41a83f8fb87a,1800,1800,0,0,0.0,2163.145,3391866.0,25.912
fixed,obss_geometry_mac,obss-geometry-mac-qualification-p17,17,21072,1,score_aware_t2_v2,cfdba698f79d26088d8e,1800,1800,0,0,0.0,2585.117222222222,3677974.0,25.912
fixed,obss_geometry_mac,obss-geometry-mac-qualification-p17,17,21072,1,distributional_shadow_t2,9cf87fc210fedb5758fb,1800,1800,0,0,0.0,2414.587777777778,3922282.0,25.912
fixed,obss_geometry_mac,obss-geometry-mac-qualification-p18,18,21073,1,str_mlo_nmaxinflights_1,29fdda1448e1cc941c29,1800,1763,37,37,0.020555555555555556,5115.831111111111,4672173.0,26.86048
fixed,obss_geometry_mac,obss-geometry-mac-qualification-p18,18,21073,1,score_aware_t2_v2,ac774f07e8bd1980aa1e,1800,1756,44,44,0.024444444444444446,6089.212222222222,6174657.0,26.86048
fixed,obss_geometry_mac,obss-geometry-mac-qualification-p18,18,21073,1,distributional_shadow_t2,3fab03023daea86c49fd,1800,1746,54,54,0.03,6433.685,6171654.0,26.86048
fixed,obss_geometry_mac,obss-geometry-mac-qualification-p18,18,21074,1,str_mlo_nmaxinflights_1,b96669e0183156a8e77f,1800,1793,7,7,0.0038888888888888888,3375.862222222222,3983457.0,26.28144
fixed,obss_geometry_mac,obss-geometry-mac-qualification-p18,18,21074,1,score_aware_t2_v2,3b53a2a5aa56cafcad5d,1800,1787,13,13,0.007222222222222222,4162.043333333333,5214840.0,26.28144
fixed,obss_geometry_mac,obss-geometry-mac-qualification-p18,18,21074,1,distributional_shadow_t2,db73626a9d13863bd58d,1800,1764,36,36,0.02,4799.980555555556,5098562.0,26.28144
fixed,obss_geometry_mac,obss-geometry-mac-qualification-p18,18,21075,1,str_mlo_nmaxinflights_1,076522d360997a102962,1800,1787,13,13,0.007222222222222222,3654.798888888889,4134234.0,26.67856
fixed,obss_geometry_mac,obss-geometry-mac-qualification-p18,18,21075,1,score_aware_t2_v2,4e3cc7231b850fb23aa3,1800,1795,5,5,0.002777777777777778,4068.162222222222,5247817.0,26.67856
fixed,obss_geometry_mac,obss-geometry-mac-qualification-p18,18,21075,1,distributional_shadow_t2,acf0236e5b7293c0ed2e,1800,1787,13,13,0.007222222222222222,4308.905555555555,5207284.0,26.67856
fixed,obss_geometry_mac,obss-geometry-mac-qualification-p18,18,21076,1,str_mlo_nmaxinflights_1,6b2eab5ef83618e62c3b,1800,1798,2,2,0.0011111111111111111,2346.218888888889,3345338.0,26.27424
fixed,obss_geometry_mac,obss-geometry-mac-qualification-p18,18,21076,1,score_aware_t2_v2,1dd4f60ee87b1ab919fb,1800,1799,1,1,0.0005555555555555556,2470.2533333333336,3455443.0,26.27424
fixed,obss_geometry_mac,obss-geometry-mac-qualification-p18,18,21076,1,distributional_shadow_t2,c729feb1b9b0f9e80fdf,1800,1800,0,0,0.0,2300.585,3746589.0,26.27424
fixed,obss_geometry_mac,obss-geometry-mac-qualification-p19,19,21077,1,str_mlo_nmaxinflights_1,4329c14b83517d546ded,1800,1782,18,18,0.01,4929.323333333334,4821183.0,26.70096
fixed,obss_geometry_mac,obss-geometry-mac-qualification-p19,19,21077,1,score_aware_t2_v2,f5e4d38722f3073178f6,1800,1786,14,14,0.0077777777777777776,4790.826666666667,5468046.0,26.6968
fixed,obss_geometry_mac,obss-geometry-mac-qualification-p19,19,21077,1,distributional_shadow_t2,0834a690ea14acb099f9,1800,1787,13,13,0.007222222222222222,4696.853888888889,5645936.0,26.69968
fixed,obss_geometry_mac,obss-geometry-mac-qualification-p19,19,21078,1,str_mlo_nmaxinflights_1,83007429f349929fc915,1800,1787,13,13,0.007222222222222222,4040.793888888889,4446115.0,26.56448
fixed,obss_geometry_mac,obss-geometry-mac-qualification-p19,19,21078,1,score_aware_t2_v2,f57f14c2aeb1134ae4ce,1800,1784,16,16,0.008888888888888889,5033.962222222222,5871890.0,26.56224
fixed,obss_geometry_mac,obss-geometry-mac-qualification-p19,19,21078,1,distributional_shadow_t2,566db38ff29fa5f08037,1800,1763,37,37,0.020555555555555556,5482.987777777777,5803613.0,26.56304
fixed,obss_geometry_mac,obss-geometry-mac-qualification-p19,19,21079,1,str_mlo_nmaxinflights_1,869be2efad3a56a7a87d,1800,1799,1,1,0.0005555555555555556,2474.9883333333332,3438428.0,26.5264
fixed,obss_geometry_mac,obss-geometry-mac-qualification-p19,19,21079,1,score_aware_t2_v2,ac7a6f90ed0639d3b594,1800,1799,1,1,0.0005555555555555556,2271.7522222222224,3336688.0,26.5216
fixed,obss_geometry_mac,obss-geometry-mac-qualification-p19,19,21079,1,distributional_shadow_t2,741af17de1e5d081a838,1800,1800,0,0,0.0,2172.295,3717176.0,26.52176
fixed,obss_geometry_mac,obss-geometry-mac-qualification-p19,19,21080,1,str_mlo_nmaxinflights_1,2a6cb6db2fabeed4c96b,1800,1750,50,50,0.027777777777777776,6679.970555555556,5796144.0,27.68432
fixed,obss_geometry_mac,obss-geometry-mac-qualification-p19,19,21080,1,score_aware_t2_v2,3a298829b882635f6ab7,1800,1755,45,45,0.025,6476.956111111111,6301368.0,27.68544
fixed,obss_geometry_mac,obss-geometry-mac-qualification-p19,19,21080,1,distributional_shadow_t2,e79660a8bd9d43a5a58c,1800,1767,33,33,0.018333333333333333,6237.172222222222,6598126.0,27.68416
fixed,obss_geometry_mac,obss-geometry-mac-qualification-p20,20,21081,1,str_mlo_nmaxinflights_1,fb70b887288436a907f5,1800,1795,5,5,0.002777777777777778,3374.67,3974653.0,25.29168
fixed,obss_geometry_mac,obss-geometry-mac-qualification-p20,20,21081,1,score_aware_t2_v2,082a24e0343e927594d6,1800,1799,1,1,0.0005555555555555556,2869.527222222222,4043169.0,25.29168
fixed,obss_geometry_mac,obss-geometry-mac-qualification-p20,20,21081,1,distributional_shadow_t2,f61178972b518cb3ffa1,1800,1799,1,1,0.0005555555555555556,2743.3305555555557,4337073.0,25.29168
fixed,obss_geometry_mac,obss-geometry-mac-qualification-p20,20,21082,1,str_mlo_nmaxinflights_1,5339f08df7a8dde7c974,1800,1769,31,31,0.017222222222222222,5383.868333333333,4907216.0,26.53584
fixed,obss_geometry_mac,obss-geometry-mac-qualification-p20,20,21082,1,score_aware_t2_v2,456683e427d0a62a7bfe,1800,1758,42,42,0.023333333333333334,6127.982222222222,6033669.0,26.53584
fixed,obss_geometry_mac,obss-geometry-mac-qualification-p20,20,21082,1,distributional_shadow_t2,af2d462363b923a99a9a,1800,1753,47,47,0.026111111111111113,6086.6611111111115,6181037.0,26.53584
fixed,obss_geometry_mac,obss-geometry-mac-qualification-p20,20,21083,1,str_mlo_nmaxinflights_1,28d3e71121ad9c6c8cf0,1800,1785,15,15,0.008333333333333333,4068.5005555555554,4277791.0,27.28768
fixed,obss_geometry_mac,obss-geometry-mac-qualification-p20,20,21083,1,score_aware_t2_v2,05872998fa594a14eba0,1800,1799,1,1,0.0005555555555555556,2607.1544444444444,3823994.0,27.28768
fixed,obss_geometry_mac,obss-geometry-mac-qualification-p20,20,21083,1,distributional_shadow_t2,1d0c4315f23e796c48da,1800,1800,0,0,0.0,2559.157222222222,4325232.0,27.28768
fixed,obss_geometry_mac,obss-geometry-mac-qualification-p20,20,21084,1,str_mlo_nmaxinflights_1,e3b7413df59434d2e365,1800,1749,51,51,0.028333333333333332,6328.7538888888885,5468550.0,26.7408
fixed,obss_geometry_mac,obss-geometry-mac-qualification-p20,20,21084,1,score_aware_t2_v2,e6bfd62caf314dd8a103,1800,1755,45,45,0.025,6212.4672222222225,6108509.0,26.7408
fixed,obss_geometry_mac,obss-geometry-mac-qualification-p20,20,21084,1,distributional_shadow_t2,182da5bc8a112c8ed291,1800,1757,43,43,0.02388888888888889,6056.667222222222,6365810.0,26.7408
fixed,obss_geometry_mac,obss-geometry-mac-qualification-p21,21,21085,1,str_mlo_nmaxinflights_1,59be6b86113e5909700e,1800,1793,7,7,0.0038888888888888888,3181.568333333333,3718698.0,27.08096
fixed,obss_geometry_mac,obss-geometry-mac-qualification-p21,21,21085,1,score_aware_t2_v2,84a5b733f061a038bace,1800,1800,0,0,0.0,2303.665,3309090.0,27.0752
fixed,obss_geometry_mac,obss-geometry-mac-qualification-p21,21,21085,1,distributional_shadow_t2,daef55807c0c2d098958,1800,1800,0,0,0.0,2222.571111111111,3811687.0,27.07936
fixed,obss_geometry_mac,obss-geometry-mac-qualification-p21,21,21086,1,str_mlo_nmaxinflights_1,2a1c82eb16b920e3baf1,1800,1763,37,37,0.020555555555555556,5217.461111111111,4966321.0,26.30304
fixed,obss_geometry_mac,obss-geometry-mac-qualification-p21,21,21086,1,score_aware_t2_v2,b0e52dd575790e68be7f,1800,1768,32,32,0.017777777777777778,5272.557222222223,5838636.0,26.29648
fixed,obss_geometry_mac,obss-geometry-mac-qualification-p21,21,21086,1,distributional_shadow_t2,8b338f5af453c36f55d0,1800,1769,31,31,0.017222222222222222,5242.748888888889,5997249.0,26.29648
fixed,obss_geometry_mac,obss-geometry-mac-qualification-p21,21,21087,1,str_mlo_nmaxinflights_1,6d1236b2a2d8600c8cbe,1800,1768,32,32,0.017777777777777778,5319.047222222222,4974814.0,27.36144
fixed,obss_geometry_mac,obss-geometry-mac-qualification-p21,21,21087,1,score_aware_t2_v2,95c2fe85be37902462c3,1800,1785,15,15,0.008333333333333333,4484.9238888888885,5177395.0,27.364
fixed,obss_geometry_mac,obss-geometry-mac-qualification-p21,21,21087,1,distributional_shadow_t2,b7a4f5195f63640e2f4f,1800,1787,13,13,0.007222222222222222,4393.287777777778,5439884.0,27.364
fixed,obss_geometry_mac,obss-geometry-mac-qualification-p21,21,21088,1,str_mlo_nmaxinflights_1,881db4f01301f129a58e,1800,1798,2,2,0.0011111111111111111,3037.2322222222224,3808775.0,26.08832
fixed,obss_geometry_mac,obss-geometry-mac-qualification-p21,21,21088,1,score_aware_t2_v2,c85be2ee29efc3cf5bf3,1800,1798,2,2,0.0011111111111111111,2822.7038888888887,3891651.0,26.08864
fixed,obss_geometry_mac,obss-geometry-mac-qualification-p21,21,21088,1,distributional_shadow_t2,d9935f001b475204d81a,1800,1800,0,0,0.0,2718.4338888888888,4228988.0,26.08912
fixed,obss_geometry_mac,obss-geometry-mac-qualification-p22,22,21089,1,str_mlo_nmaxinflights_1,e2fa5ef950e59314c369,1800,1754,46,46,0.025555555555555557,5353.932222222223,4721422.0,27.62016
fixed,obss_geometry_mac,obss-geometry-mac-qualification-p22,22,21089,1,score_aware_t2_v2,4714583e770ff6932417,1800,1724,76,76,0.042222222222222223,6429.343888888889,6012517.0,27.62016
fixed,obss_geometry_mac,obss-geometry-mac-qualification-p22,22,21089,1,distributional_shadow_t2,583559e2f90a3d4ab42a,1800,1712,88,88,0.04888888888888889,6682.2155555555555,6004991.0,27.62016
fixed,obss_geometry_mac,obss-geometry-mac-qualification-p22,22,21090,1,str_mlo_nmaxinflights_1,848da38170e0fa7f1249,1800,1797,3,3,0.0016666666666666668,2928.7433333333333,3520756.0,26.4848
fixed,obss_geometry_mac,obss-geometry-mac-qualification-p22,22,21090,1,score_aware_t2_v2,637abef17aec407e7093,1800,1800,0,0,0.0,2146.483333333333,3182816.0,26.4848
fixed,obss_geometry_mac,obss-geometry-mac-qualification-p22,22,21090,1,distributional_shadow_t2,12346802fd92c53b539f,1800,1800,0,0,0.0,2071.54,3648978.0,26.4848
fixed,obss_geometry_mac,obss-geometry-mac-qualification-p22,22,21091,1,str_mlo_nmaxinflights_1,2bc5f2607104a5a0dda2,1800,1751,49,49,0.02722222222222222,5746.91,4914433.0,26.36896
fixed,obss_geometry_mac,obss-geometry-mac-qualification-p22,22,21091,1,score_aware_t2_v2,d782d8b817cd20ec1e09,1800,1748,52,52,0.028888888888888888,6106.756111111111,5880618.0,26.36896
fixed,obss_geometry_mac,obss-geometry-mac-qualification-p22,22,21091,1,distributional_shadow_t2,6c5d31768e1f4c78ae6c,1800,1742,58,58,0.03222222222222222,6133.924444444445,6011941.0,26.36896
fixed,obss_geometry_mac,obss-geometry-mac-qualification-p22,22,21092,1,str_mlo_nmaxinflights_1,8614d9a38f22c3edd91c,1800,1798,2,2,0.0011111111111111111,2522.8611111111113,3467412.0,26.06784
fixed,obss_geometry_mac,obss-geometry-mac-qualification-p22,22,21092,1,score_aware_t2_v2,4baf313b9ccc7b11d362,1800,1798,2,2,0.0011111111111111111,2782.436111111111,3849804.0,26.06784
fixed,obss_geometry_mac,obss-geometry-mac-qualification-p22,22,21092,1,distributional_shadow_t2,817f9757cd9c80791c3d,1800,1799,1,1,0.0005555555555555556,2669.9583333333335,4031919.0,26.06784
fixed,obss_geometry_mac,obss-geometry-mac-qualification-p23,23,21093,1,str_mlo_nmaxinflights_1,53e76681f74c6ec27303,1800,1782,18,18,0.01,4406.6,4525851.0,26.4664
fixed,obss_geometry_mac,obss-geometry-mac-qualification-p23,23,21093,1,score_aware_t2_v2,01b2ed9527142cd2eef5,1800,1786,14,14,0.0077777777777777776,5101.671111111111,5869867.0,26.4664
fixed,obss_geometry_mac,obss-geometry-mac-qualification-p23,23,21093,1,distributional_shadow_t2,c91d513bf2924a968a25,1800,1779,21,21,0.011666666666666667,5382.203888888889,5861410.0,26.4664
fixed,obss_geometry_mac,obss-geometry-mac-qualification-p23,23,21094,1,str_mlo_nmaxinflights_1,7f723cb6bddcf64f9232,1800,1791,9,9,0.005,2841.043888888889,3481437.0,26.94784
fixed,obss_geometry_mac,obss-geometry-mac-qualification-p23,23,21094,1,score_aware_t2_v2,d1c2e9eff770d6168df9,1800,1799,1,1,0.0005555555555555556,2317.2205555555556,3371581.0,26.94784
fixed,obss_geometry_mac,obss-geometry-mac-qualification-p23,23,21094,1,distributional_shadow_t2,a5ff21996bb7d6e3de16,1800,1800,0,0,0.0,2223.8566666666666,3820003.0,26.94784
fixed,obss_geometry_mac,obss-geometry-mac-qualification-p23,23,21095,1,str_mlo_nmaxinflights_1,bbe63fa2e922bbb843e8,1800,1775,25,25,0.013888888888888888,4484.849444444444,4482066.0,26.77056
fixed,obss_geometry_mac,obss-geometry-mac-qualification-p23,23,21095,1,score_aware_t2_v2,1d504add57fd9be14522,1800,1767,33,33,0.018333333333333333,5347.325555555555,5965704.0,26.77056
fixed,obss_geometry_mac,obss-geometry-mac-qualification-p23,23,21095,1,distributional_shadow_t2,4c3a3f862c45421c49f0,1800,1755,45,45,0.025,5855.777777777777,5881867.0,26.77056
fixed,obss_geometry_mac,obss-geometry-mac-qualification-p23,23,21096,1,str_mlo_nmaxinflights_1,4839e524feec5c40f41e,1800,1795,5,5,0.002777777777777778,2851.556666666667,3680681.0,27.20448
fixed,obss_geometry_mac,obss-geometry-mac-qualification-p23,23,21096,1,score_aware_t2_v2,8f5cb48e0a98bd7f6aa7,1800,1794,6,6,0.0033333333333333335,3295.737222222222,4525836.0,27.20448
fixed,obss_geometry_mac,obss-geometry-mac-qualification-p23,23,21096,1,distributional_shadow_t2,95d0d1c3edd30ce64c18,1800,1794,6,6,0.0033333333333333335,3310.992777777778,4500394.0,27.20448
fixed,video_workload,video-workload-qualification-p16,16,21097,1,str_mlo_nmaxinflights_1,efb9a04cbe4ff21e3b53,3600,3526,74,74,0.020555555555555556,3060.3775,6295758.0,25.71696
fixed,video_workload,video-workload-qualification-p16,16,21097,1,score_aware_t2_v2,60b85f13b990a74c85cd,3600,3487,113,113,0.03138888888888889,3451.336388888889,7452395.0,25.712
fixed,video_workload,video-workload-qualification-p16,16,21097,1,distributional_shadow_t2,3085de624dbd3a0cf652,3600,3465,135,135,0.0375,3531.4525,7430938.0,25.71168
fixed,video_workload,video-workload-qualification-p16,16,21098,1,str_mlo_nmaxinflights_1,8a0c9622eb72098399cb,3600,3481,119,119,0.03305555555555555,3542.1505555555555,6664478.0,26.43808
fixed,video_workload,video-workload-qualification-p16,16,21098,1,score_aware_t2_v2,c31f5c16be41b463bb23,3600,3416,184,184,0.051111111111111114,3982.597222222222,7762989.0,26.43744
fixed,video_workload,video-workload-qualification-p16,16,21098,1,distributional_shadow_t2,415e22b5f3feed9ec6b0,3600,3446,154,154,0.042777777777777776,3836.222777777778,7844938.0,26.43856
fixed,video_workload,video-workload-qualification-p16,16,21099,1,str_mlo_nmaxinflights_1,0d6980875f8b68d1ab2f,3600,3598,2,2,0.0005555555555555556,1332.5702777777778,4260897.0,26.40464
fixed,video_workload,video-workload-qualification-p16,16,21099,1,score_aware_t2_v2,ef23ca69600918b92533,3600,3600,0,0,0.0,1386.338888888889,4343803.0,26.40416
fixed,video_workload,video-workload-qualification-p16,16,21099,1,distributional_shadow_t2,3c5b28d66076fcb5e164,3600,3600,0,0,0.0,1361.5097222222223,4470446.0,26.40416
fixed,video_workload,video-workload-qualification-p16,16,21100,1,str_mlo_nmaxinflights_1,78706dafe69b5250af17,3600,3532,68,68,0.01888888888888889,2854.339722222222,6046872.0,26.38944
fixed,video_workload,video-workload-qualification-p16,16,21100,1,score_aware_t2_v2,946f764bbea2c105f165,3600,3497,103,103,0.02861111111111111,3410.616388888889,7446058.0,26.3856
fixed,video_workload,video-workload-qualification-p16,16,21100,1,distributional_shadow_t2,8cd38246a52ada731431,3600,3478,122,122,0.03388888888888889,3502.0827777777777,7414359.0,26.3864
fixed,video_workload,video-workload-qualification-p17,17,21101,1,str_mlo_nmaxinflights_1,781e153e638f4b576ba8,3600,3551,49,49,0.01361111111111111,3173.597222222222,8048148.0,27.15184
fixed,video_workload,video-workload-qualification-p17,17,21101,1,score_aware_t2_v2,0c183c114b5e9d8308dc,3600,3582,18,18,0.005,2767.3030555555556,8232064.0,27.14928
fixed,video_workload,video-workload-qualification-p17,17,21101,1,distributional_shadow_t2,4ec3b164dc0560447eef,3600,3588,12,12,0.0033333333333333335,2736.903333333333,8304776.0,27.14832
fixed,video_workload,video-workload-qualification-p17,17,21102,1,str_mlo_nmaxinflights_1,3bbdf1ae928cf3811f78,3600,3434,166,166,0.04611111111111111,4345.0025,9735274.0,26.89984
fixed,video_workload,video-workload-qualification-p17,17,21102,1,score_aware_t2_v2,0b3dc2b9b29bbc2a98a5,3600,3265,335,335,0.09305555555555556,5759.237222222222,12276714.0,26.892
fixed,video_workload,video-workload-qualification-p17,17,21102,1,distributional_shadow_t2,d8de8dc039475e202923,3600,3280,320,320,0.08888888888888889,5810.396111111111,12177778.0,26.892
fixed,video_workload,video-workload-qualification-p17,17,21103,1,str_mlo_nmaxinflights_1,37816e9f94359799f28f,3600,3590,10,10,0.002777777777777778,2296.569722222222,7077336.0,26.924
fixed,video_workload,video-workload-qualification-p17,17,21103,1,score_aware_t2_v2,93cbe2277b240ab058f5,3600,3589,11,11,0.0030555555555555557,2406.0286111111113,7663974.0,26.92208
fixed,video_workload,video-workload-qualification-p17,17,21103,1,distributional_shadow_t2,2e7388bd456702c37253,3600,3589,11,11,0.0030555555555555557,2403.536111111111,7580995.0,26.92208
fixed,video_workload,video-workload-qualification-p17,17,21104,1,str_mlo_nmaxinflights_1,b5cd049f178986555a45,3600,3408,192,192,0.05333333333333334,4960.9991666666665,10120993.0,25.99472
fixed,video_workload,video-workload-qualification-p17,17,21104,1,score_aware_t2_v2,deb9279bf0dad50deabd,3600,3302,298,298,0.08277777777777778,5437.558055555555,11248812.0,25.99136
fixed,video_workload,video-workload-qualification-p17,17,21104,1,distributional_shadow_t2,339ba85d0562827868ab,3600,3324,276,276,0.07666666666666666,5343.059444444444,11409881.0,25.99136
fixed,video_workload,video-workload-qualification-p18,18,21105,1,str_mlo_nmaxinflights_1,95fc5e42b73bcc3f3344,1440,1418,22,22,0.015277777777777777,4542.248611111111,3730509.0,25.91616
fixed,video_workload,video-workload-qualification-p18,18,21105,1,score_aware_t2_v2,ab4ccaf21f0f834f97e6,1440,1438,2,2,0.001388888888888889,2599.536111111111,3423064.0,25.92096
fixed,video_workload,video-workload-qualification-p18,18,21105,1,distributional_shadow_t2,68dcd2758b28a18b1622,1440,1438,2,2,0.001388888888888889,2600.05,3865414.0,25.92096
fixed,video_workload,video-workload-qualification-p18,18,21106,1,str_mlo_nmaxinflights_1,19b3bb65b5a2068a18bf,1440,1420,20,20,0.013888888888888888,5715.038888888889,4253464.0,27.52048
fixed,video_workload,video-workload-qualification-p18,18,21106,1,score_aware_t2_v2,9ea3953e0c2592701471,1440,1419,21,21,0.014583333333333334,6242.445833333333,5142269.0,27.51904
fixed,video_workload,video-workload-qualification-p18,18,21106,1,distributional_shadow_t2,2a1ec77d151e3f34848a,1440,1425,15,15,0.010416666666666666,5900.101388888889,5205182.0,27.5192
fixed,video_workload,video-workload-qualification-p18,18,21107,1,str_mlo_nmaxinflights_1,a8e5cebe2ad89b8a418f,1440,1435,5,5,0.003472222222222222,4906.279861111111,4163346.0,26.88192
fixed,video_workload,video-workload-qualification-p18,18,21107,1,score_aware_t2_v2,85ca9fe942fb08d52d68,1440,1435,5,5,0.003472222222222222,4859.518055555555,4789406.0,26.88
fixed,video_workload,video-workload-qualification-p18,18,21107,1,distributional_shadow_t2,fe063a09ca25508d9c3d,1440,1436,4,4,0.002777777777777778,4671.94375,4849203.0,26.88
fixed,video_workload,video-workload-qualification-p18,18,21108,1,str_mlo_nmaxinflights_1,1c6940821a79c0e33eb8,1440,1433,7,7,0.004861111111111111,3849.483333333333,3555296.0,27.11712
fixed,video_workload,video-workload-qualification-p18,18,21108,1,score_aware_t2_v2,9f9779fccec02bd60473,1440,1440,0,0,0.0,2486.9020833333334,3421383.0,27.11904
fixed,video_workload,video-workload-qualification-p18,18,21108,1,distributional_shadow_t2,21612466ddbc3f3fae4d,1440,1440,0,0,0.0,2484.592361111111,3730881.0,27.11904
fixed,video_workload,video-workload-qualification-p19,19,21109,1,str_mlo_nmaxinflights_1,cc8247f9b2d25e73528e,1800,1777,23,23,0.012777777777777779,4235.4783333333335,4213177.0,26.1664
fixed,video_workload,video-workload-qualification-p19,19,21109,1,score_aware_t2_v2,d4d934eaa990c3e96482,1800,1784,16,16,0.008888888888888889,4693.033888888889,5266440.0,26.1608
fixed,video_workload,video-workload-qualification-p19,19,21109,1,distributional_shadow_t2,b7a72fd6cca189bdcbc3,1800,1781,19,19,0.010555555555555556,4648.59,5361398.0,26.16192
fixed,video_workload,video-workload-qualification-p19,19,21110,1,str_mlo_nmaxinflights_1,27d0fdf1805ea5bbdd96,1800,1798,2,2,0.0011111111111111111,2371.8555555555554,3130855.0,26.46544
fixed,video_workload,video-workload-qualification-p19,19,21110,1,score_aware_t2_v2,40048fdbcac537e4b8d5,1800,1800,0,0,0.0,1976.4027777777778,2958738.0,26.46528
fixed,video_workload,video-workload-qualification-p19,19,21110,1,distributional_shadow_t2,25b93357b786d4500b01,1800,1800,0,0,0.0,1913.3111111111111,3310242.0,26.46528
fixed,video_workload,video-workload-qualification-p19,19,21111,1,str_mlo_nmaxinflights_1,a53214a0b95b9347c167,1800,1776,24,24,0.013333333333333334,4671.0922222222225,4458368.0,26.32288
fixed,video_workload,video-workload-qualification-p19,19,21111,1,score_aware_t2_v2,fabd7e4cc184679243f3,1800,1786,14,14,0.0077777777777777776,4721.666666666667,5284298.0,26.32288
fixed,video_workload,video-workload-qualification-p19,19,21111,1,distributional_shadow_t2,4168a86ee9cce73a21c3,1800,1791,9,9,0.005,4448.658333333334,5470120.0,26.32288
fixed,video_workload,video-workload-qualification-p19,19,21112,1,str_mlo_nmaxinflights_1,459b877103832821252f,1800,1787,13,13,0.007222222222222222,3518.83,3766393.0,26.42464
fixed,video_workload,video-workload-qualification-p19,19,21112,1,score_aware_t2_v2,22d6bcf73e0e168026ee,1800,1798,2,2,0.0011111111111111111,2413.192777777778,3343586.0,26.42544
fixed,video_workload,video-workload-qualification-p19,19,21112,1,distributional_shadow_t2,8507c1dd4f49f9ab771e,1800,1798,2,2,0.0011111111111111111,2369.4016666666666,3815841.0,26.42576
fixed,video_workload,video-workload-qualification-p20,20,21113,1,str_mlo_nmaxinflights_1,6ef4b1f33103135b06b8,2700,2659,41,41,0.015185185185185185,2968.5333333333333,4356828.0,27.10624
fixed,video_workload,video-workload-qualification-p20,20,21113,1,score_aware_t2_v2,cb13414866f2d660d95a,2700,2659,41,41,0.015185185185185185,3389.57,5614494.0,27.10736
fixed,video_workload,video-workload-qualification-p20,20,21113,1,distributional_shadow_t2,2d23002e750eed44115e,2700,2632,68,68,0.025185185185185185,3627.202222222222,5602393.0,27.10736
fixed,video_workload,video-workload-qualification-p20,20,21114,1,str_mlo_nmaxinflights_1,e89d1e7a5798c1bb38c1,2700,2696,4,4,0.0014814814814814814,1610.2407407407406,3211809.0,26.10704
fixed,video_workload,video-workload-qualification-p20,20,21114,1,score_aware_t2_v2,98f0eee75681faa776ec,2700,2699,1,1,0.00037037037037037035,1333.6751851851852,3027281.0,26.1048
fixed,video_workload,video-workload-qualification-p20,20,21114,1,distributional_shadow_t2,c5ea70ace2af4fd7fc31,2700,2700,0,0,0.0,1298.42,3202838.0,26.1048
fixed,video_workload,video-workload-qualification-p20,20,21115,1,str_mlo_nmaxinflights_1,1ed29e612255c4129b0b,2700,2662,38,38,0.014074074074074074,3015.1685185185183,4358800.0,26.30848
fixed,video_workload,video-workload-qualification-p20,20,21115,1,score_aware_t2_v2,e8b53787d325f473c0f5,2700,2691,9,9,0.0033333333333333335,2607.8996296296295,4802044.0,26.30592
fixed,video_workload,video-workload-qualification-p20,20,21115,1,distributional_shadow_t2,4370eb76d40af1df5ed0,2700,2693,7,7,0.0025925925925925925,2541.282222222222,5039504.0,26.30848
fixed,video_workload,video-workload-qualification-p20,20,21116,1,str_mlo_nmaxinflights_1,ede98ee61b77989af073,2700,2699,1,1,0.00037037037037037035,1736.6485185185186,3445644.0,26.31536
fixed,video_workload,video-workload-qualification-p20,20,21116,1,score_aware_t2_v2,fac32b0393049d5701ab,2700,2698,2,2,0.0007407407407407407,1909.7866666666666,3927237.0,26.3144
fixed,video_workload,video-workload-qualification-p20,20,21116,1,distributional_shadow_t2,dc2fea429797d34b6cbc,2700,2697,3,3,0.0011111111111111111,1849.451111111111,4046126.0,26.31376
fixed,video_workload,video-workload-qualification-p21,21,21117,1,str_mlo_nmaxinflights_1,968a67e0b2c16bfe83d0,1800,1784,16,16,0.008888888888888889,3243.335,3382898.0,26.27136
fixed,video_workload,video-workload-qualification-p21,21,21117,1,score_aware_t2_v2,64c0445840e894f1f482,1800,1792,8,8,0.0044444444444444444,3495.8605555555555,4337290.0,26.27248
fixed,video_workload,video-workload-qualification-p21,21,21117,1,distributional_shadow_t2,02cc040f45311b5b8e64,1800,1792,8,8,0.0044444444444444444,3453.9616666666666,4370884.0,26.27248
fixed,video_workload,video-workload-qualification-p21,21,21118,1,str_mlo_nmaxinflights_1,6d678099338354a0c559,1800,1791,9,9,0.005,3796.9794444444447,3682023.0,26.42272
fixed,video_workload,video-workload-qualification-p21,21,21118,1,score_aware_t2_v2,5c5de6a5f56621fe6a5d,1800,1792,8,8,0.0044444444444444444,3867.6016666666665,4425319.0,26.42448
fixed,video_workload,video-workload-qualification-p21,21,21118,1,distributional_shadow_t2,96df3af072aeca95e70d,1800,1792,8,8,0.0044444444444444444,3784.9205555555554,4515165.0,26.42352
fixed,video_workload,video-workload-qualification-p21,21,21119,1,str_mlo_nmaxinflights_1,fb61ae90a14bff6903dd,1800,1799,1,1,0.0005555555555555556,2461.068888888889,2835391.0,27.14608
fixed,video_workload,video-workload-qualification-p21,21,21119,1,score_aware_t2_v2,165c390e28b9b31237fe,1800,1800,0,0,0.0,1753.2155555555555,2510818.0,27.13904
fixed,video_workload,video-workload-qualification-p21,21,21119,1,distributional_shadow_t2,7385c736ead8bfe39f04,1800,1800,0,0,0.0,1688.8716666666667,2878106.0,27.13888
fixed,video_workload,video-workload-qualification-p21,21,21120,1,str_mlo_nmaxinflights_1,bcee7e981479b7ce948b,1800,1791,9,9,0.005,3256.116111111111,3418790.0,26.61904
fixed,video_workload,video-workload-qualification-p21,21,21120,1,score_aware_t2_v2,913c660ff8451aa829b2,1800,1787,13,13,0.007222222222222222,3686.596666666667,4500826.0,26.62
fixed,video_workload,video-workload-qualification-p21,21,21120,1,distributional_shadow_t2,0ad730a96e4f074a626f,1800,1789,11,11,0.006111111111111111,3715.3161111111112,4465890.0,26.62064
fixed,video_workload,video-workload-qualification-p22,22,21121,1,str_mlo_nmaxinflights_1,1f4459a955ebdb57adf8,2700,2692,8,8,0.002962962962962963,2647.317037037037,5291479.0,27.50864
fixed,video_workload,video-workload-qualification-p22,22,21121,1,score_aware_t2_v2,c18df0fc76953cf6ff89,2700,2694,6,6,0.0022222222222222222,2779.7966666666666,6016119.0,27.50912
fixed,video_workload,video-workload-qualification-p22,22,21121,1,distributional_shadow_t2,2b864ad55d56ac204460,2700,2694,6,6,0.0022222222222222222,2817.3722222222223,6022553.0,27.508
fixed,video_workload,video-workload-qualification-p22,22,21122,1,str_mlo_nmaxinflights_1,f761cfa8c80c405e02cb,2700,2639,61,61,0.02259259259259259,4512.572222222222,6760305.0,26.21856
fixed,video_workload,video-workload-qualification-p22,22,21122,1,score_aware_t2_v2,449cd223b9b98a8c8307,2700,2632,68,68,0.025185185185185185,4840.012962962963,7818495.0,26.21136
fixed,video_workload,video-workload-qualification-p22,22,21122,1,distributional_shadow_t2,5fbfaedc1e3510b609ef,2700,2638,62,62,0.022962962962962963,4819.360740740741,7934410.0,26.2128
fixed,video_workload,video-workload-qualification-p22,22,21123,1,str_mlo_nmaxinflights_1,c8284cbfbc2f632a74dc,2700,2700,0,0,0.0,1855.8114814814815,4532032.0,26.47296
fixed,video_workload,video-workload-qualification-p22,22,21123,1,score_aware_t2_v2,529ca0aa67084b0f3998,2700,2692,8,8,0.002962962962962963,2079.6666666666665,4756142.0,26.47344
fixed,video_workload,video-workload-qualification-p22,22,21123,1,distributional_shadow_t2,115e57d9c2a6493adf5c,2700,2692,8,8,0.002962962962962963,2037.7840740740742,4997674.0,26.4728
fixed,video_workload,video-workload-qualification-p22,22,21124,1,str_mlo_nmaxinflights_1,2fea14997a623febc6e0,2700,2621,79,79,0.02925925925925926,4111.007037037037,6448557.0,26.98544
fixed,video_workload,video-workload-qualification-p22,22,21124,1,score_aware_t2_v2,c0a43ba0daa847b14f92,2700,2541,159,159,0.058888888888888886,5683.992592592593,8522539.0,26.98528
fixed,video_workload,video-workload-qualification-p22,22,21124,1,distributional_shadow_t2,0e4222d203f15851f52f,2700,2512,188,188,0.06962962962962962,5929.480740740741,8429446.0,26.98528
fixed,video_workload,video-workload-qualification-p23,23,21125,1,str_mlo_nmaxinflights_1,d5c14062a50cb44dca8e,1440,1437,3,3,0.0020833333333333333,1559.13125,1479728.0,26.63984
fixed,video_workload,video-workload-qualification-p23,23,21125,1,score_aware_t2_v2,e9c9fb8cf484f81abd4f,1440,1440,0,0,0.0,1408.5076388888888,1455513.0,26.64
fixed,video_workload,video-workload-qualification-p23,23,21125,1,distributional_shadow_t2,b12c3414426b5463a6e0,1440,1440,0,0,0.0,1363.629861111111,1536403.0,26.63936
fixed,video_workload,video-workload-qualification-p23,23,21126,1,str_mlo_nmaxinflights_1,e5476dde6e0fe8bf0f29,1440,1435,5,5,0.003472222222222222,2095.961111111111,1758007.0,25.8384
fixed,video_workload,video-workload-qualification-p23,23,21126,1,score_aware_t2_v2,2a7b127257e6428a0fdc,1440,1431,9,9,0.00625,2595.570138888889,2369494.0,25.83424
fixed,video_workload,video-workload-qualification-p23,23,21126,1,distributional_shadow_t2,e9316c3bd223440f73ca,1440,1438,2,2,0.001388888888888889,2104.329166666667,2519726.0,25.83376
fixed,video_workload,video-workload-qualification-p23,23,21127,1,str_mlo_nmaxinflights_1,d0e8018c888dd74f3f23,1440,1435,5,5,0.003472222222222222,2193.233333333333,1766506.0,27.39648
fixed,video_workload,video-workload-qualification-p23,23,21127,1,score_aware_t2_v2,9dfa50b2ec2ca65abcc6,1440,1435,5,5,0.003472222222222222,2645.9506944444443,2397260.0,27.39424
fixed,video_workload,video-workload-qualification-p23,23,21127,1,distributional_shadow_t2,adb27b6009c2bcb040c6,1440,1439,1,1,0.0006944444444444445,2185.238888888889,2548518.0,27.39424
fixed,video_workload,video-workload-qualification-p23,23,21128,1,str_mlo_nmaxinflights_1,d46e5d2137ea4139523a,1440,1438,2,2,0.001388888888888889,1737.5430555555556,1512463.0,26.07632
fixed,video_workload,video-workload-qualification-p23,23,21128,1,score_aware_t2_v2,af459224f053fe1394d8,1440,1440,0,0,0.0,1160.0770833333333,1325280.0,26.07792
fixed,video_workload,video-workload-qualification-p23,23,21128,1,distributional_shadow_t2,52bb575685bfabc9726f,1440,1440,0,0,0.0,1109.8,1414152.0,26.07856
fixed,legacy_coexistence,legacy-coexistence-qualification-p16,16,21130,1,str_mlo_nmaxinflights_1,c909d17f7ff697d8cf6c,1800,1787,13,13,0.007222222222222222,4057.6388888888887,4283465.0,26.35408
fixed,legacy_coexistence,legacy-coexistence-qualification-p16,16,21130,1,score_aware_t2_v2,dddcb2dbd56818c6a0fb,1800,1789,11,11,0.006111111111111111,3805.798333333333,4645438.0,26.35248
fixed,legacy_coexistence,legacy-coexistence-qualification-p16,16,21130,1,distributional_shadow_t2,73f2af162965a452f574,1800,1793,7,7,0.0038888888888888888,3725.063888888889,4725229.0,26.35248
fixed,legacy_coexistence,legacy-coexistence-qualification-p16,16,21132,1,str_mlo_nmaxinflights_1,0a42aafd58cca2ff3e6a,1800,1756,44,44,0.024444444444444446,4930.607777777778,4608620.0,26.82624
fixed,legacy_coexistence,legacy-coexistence-qualification-p16,16,21132,1,score_aware_t2_v2,2835bf40e9093740b292,1800,1795,5,5,0.002777777777777778,3032.5994444444445,3958777.0,26.824
fixed,legacy_coexistence,legacy-coexistence-qualification-p16,16,21132,1,distributional_shadow_t2,3c496f6896a4eef92ca7,1800,1793,7,7,0.0038888888888888888,3072.9066666666668,3999266.0,26.824
fixed,legacy_coexistence,legacy-coexistence-qualification-p17,17,21134,1,str_mlo_nmaxinflights_1,fac152b6c676f6d59a8b,1800,1484,316,316,0.17555555555555555,11532.193333333333,5337960.0,26.65712
fixed,legacy_coexistence,legacy-coexistence-qualification-p17,17,21134,1,score_aware_t2_v2,88992e9d04cc5fa564c5,1800,1425,375,375,0.20833333333333334,13781.330555555556,5721226.0,26.5968
fixed,legacy_coexistence,legacy-coexistence-qualification-p17,17,21134,1,distributional_shadow_t2,2986715fe0eb5d1f7fb5,1800,1458,342,342,0.19,13438.962777777779,5933894.0,26.59696
fixed,legacy_coexistence,legacy-coexistence-qualification-p17,17,21136,1,str_mlo_nmaxinflights_1,3dacd969c8dfa4978676,1800,952,848,848,0.4711111111111111,20484.50888888889,7491421.0,27.7848
fixed,legacy_coexistence,legacy-coexistence-qualification-p17,17,21136,1,score_aware_t2_v2,f5ee97bdaaa85eb0bd51,1800,788,1012,1012,0.5622222222222222,24076.533888888887,7307596.0,27.72992
fixed,legacy_coexistence,legacy-coexistence-qualification-p17,17,21136,1,distributional_shadow_t2,e0a5e2c9bb93dc97ab72,1800,806,994,994,0.5522222222222222,23889.970555555556,7725310.0,27.73344
fixed,legacy_coexistence,legacy-coexistence-qualification-p18,18,21138,1,str_mlo_nmaxinflights_1,84405006f27e1dbdba61,1800,1594,206,206,0.11444444444444445,9430.883333333333,5509512.0,25.60048
fixed,legacy_coexistence,legacy-coexistence-qualification-p18,18,21138,1,score_aware_t2_v2,ad74fd3667a913991472,1800,1282,518,518,0.2877777777777778,16571.516111111112,7607792.0,25.59072
fixed,legacy_coexistence,legacy-coexistence-qualification-p18,18,21138,1,distributional_shadow_t2,752ce00f2b60c05f080e,1800,1285,515,515,0.2861111111111111,16558.124444444446,7676965.0,25.59472
fixed,legacy_coexistence,legacy-coexistence-qualification-p18,18,21140,1,str_mlo_nmaxinflights_1,736641938fc8b8b045b5,1800,1525,275,275,0.1527777777777778,10370.714444444444,5592798.0,26.87904
fixed,legacy_coexistence,legacy-coexistence-qualification-p18,18,21140,1,score_aware_t2_v2,4b396ffab7dcf38ac2f0,1800,1110,690,690,0.38333333333333336,18596.294444444444,8228103.0,26.85376
fixed,legacy_coexistence,legacy-coexistence-qualification-p18,18,21140,1,distributional_shadow_t2,78690729f8d717faba02,1800,1121,679,679,0.37722222222222224,18398.65166666667,8186190.0,26.852
fixed,legacy_coexistence,legacy-coexistence-qualification-p19,19,21142,1,str_mlo_nmaxinflights_1,ceecb2452504984f5e65,1800,1633,167,167,0.09277777777777778,8398.932777777778,5323596.0,25.49024
fixed,legacy_coexistence,legacy-coexistence-qualification-p19,19,21142,1,score_aware_t2_v2,ac6ebd77032697b07141,1800,1267,533,533,0.2961111111111111,15958.176666666666,7537048.0,25.48384
fixed,legacy_coexistence,legacy-coexistence-qualification-p19,19,21142,1,distributional_shadow_t2,2e135ce66993b0909e87,1800,1269,531,531,0.295,15908.71,7543368.0,25.48176
fixed,legacy_coexistence,legacy-coexistence-qualification-p19,19,21144,1,str_mlo_nmaxinflights_1,9b88cf6d80cb24b05181,1800,1677,123,123,0.06833333333333333,6887.982777777778,4771764.0,27.18592
fixed,legacy_coexistence,legacy-coexistence-qualification-p19,19,21144,1,score_aware_t2_v2,e92047d82909277248aa,1800,1487,313,313,0.1738888888888889,12191.638888888889,7053667.0,27.18256
fixed,legacy_coexistence,legacy-coexistence-qualification-p19,19,21144,1,distributional_shadow_t2,ebd3a1fc57a124a392f6,1800,1486,314,314,0.17444444444444446,12324.95388888889,7017242.0,27.18272
fixed,legacy_coexistence,legacy-coexistence-qualification-p20,20,21146,1,str_mlo_nmaxinflights_1,e9f63c6fef043c84a7e8,1800,1697,103,103,0.05722222222222222,7013.081111111111,5165004.0,26.79344
fixed,legacy_coexistence,legacy-coexistence-qualification-p20,20,21146,1,score_aware_t2_v2,fd34523b39e951a49154,1800,1487,313,313,0.1738888888888889,11963.308888888889,6920110.0,26.77552
fixed,legacy_coexistence,legacy-coexistence-qualification-p20,20,21146,1,distributional_shadow_t2,94573abfe16b3638648d,1800,1492,308,308,0.1711111111111111,12107.3,7057456.0,26.77264
fixed,legacy_coexistence,legacy-coexistence-qualification-p20,20,21148,1,str_mlo_nmaxinflights_1,ecc3c62a376fc49955dc,1800,1796,4,4,0.0022222222222222222,2518.161666666667,3449242.0,25.71536
fixed,legacy_coexistence,legacy-coexistence-qualification-p20,20,21148,1,score_aware_t2_v2,db98ff67f6fa90e39a70,1800,1788,12,12,0.006666666666666667,3514.5338888888887,4234357.0,25.71632
fixed,legacy_coexistence,legacy-coexistence-qualification-p20,20,21148,1,distributional_shadow_t2,189e7e8d3529343e9bbe,1800,1792,8,8,0.0044444444444444444,3365.6227777777776,4252433.0,25.71632
fixed,legacy_coexistence,legacy-coexistence-qualification-p21,21,21150,1,str_mlo_nmaxinflights_1,9fd4cc2ebf1ccaeee7ef,1800,1557,243,243,0.135,10733.94611111111,5661878.0,26.86256
fixed,legacy_coexistence,legacy-coexistence-qualification-p21,21,21150,1,score_aware_t2_v2,14ae01ddb189cb6c661c,1800,1361,439,439,0.24388888888888888,14453.879444444445,6476573.0,26.84512
fixed,legacy_coexistence,legacy-coexistence-qualification-p21,21,21150,1,distributional_shadow_t2,aea15b15510d28d44573,1800,1381,419,419,0.23277777777777778,14133.593888888889,6783297.0,26.84032
fixed,legacy_coexistence,legacy-coexistence-qualification-p21,21,21152,1,str_mlo_nmaxinflights_1,1f28480ddd5cb1fa271b,1800,1737,63,63,0.035,5105.206666666667,4081136.0,26.72208
fixed,legacy_coexistence,legacy-coexistence-qualification-p21,21,21152,1,score_aware_t2_v2,492167e71552b439435b,1800,1683,117,117,0.065,8117.826666666667,5283784.0,26.7144
fixed,legacy_coexistence,legacy-coexistence-qualification-p21,21,21152,1,distributional_shadow_t2,7b1283107597c6680132,1800,1681,119,119,0.0661111111111111,8190.2,5267051.0,26.72352
fixed,legacy_coexistence,legacy-coexistence-qualification-p22,22,21154,1,str_mlo_nmaxinflights_1,bf8f8fb38e527b8d305d,1800,338,1462,1462,0.8122222222222222,29434.259444444444,7160891.0,26.2336
fixed,legacy_coexistence,legacy-coexistence-qualification-p22,22,21154,1,score_aware_t2_v2,d1a728fa95139e801b0a,1800,282,1518,1518,0.8433333333333334,30484.71111111111,5518968.0,25.48864
fixed,legacy_coexistence,legacy-coexistence-qualification-p22,22,21154,1,distributional_shadow_t2,73024e1f46b344e58278,1800,303,1497,1497,0.8316666666666667,30277.268333333333,5763750.0,25.46096
fixed,legacy_coexistence,legacy-coexistence-qualification-p22,22,21156,1,str_mlo_nmaxinflights_1,6e1ef4ba5a4a3892ec22,1800,193,1607,1607,0.8927777777777778,31370.906666666666,8415755.0,26.36784
fixed,legacy_coexistence,legacy-coexistence-qualification-p22,22,21156,1,score_aware_t2_v2,1905a38aabb89b5ca651,1800,193,1607,1607,0.8927777777777778,31567.687222222223,6815131.0,26.44032
fixed,legacy_coexistence,legacy-coexistence-qualification-p22,22,21156,1,distributional_shadow_t2,57b1ec324719757106c5,1800,195,1605,1605,0.8916666666666667,31580.431111111113,7298403.0,26.3936
fixed,legacy_coexistence,legacy-coexistence-qualification-p23,23,21158,1,str_mlo_nmaxinflights_1,7cdf2c13f34bbbe1e0b5,1800,1744,56,56,0.03111111111111111,5751.292222222222,4806156.0,27.13376
fixed,legacy_coexistence,legacy-coexistence-qualification-p23,23,21158,1,score_aware_t2_v2,502efbea3a24374228ad,1800,1646,154,154,0.08555555555555555,8634.906666666666,6232022.0,27.12464
fixed,legacy_coexistence,legacy-coexistence-qualification-p23,23,21158,1,distributional_shadow_t2,67d28c7e3ba8dbe215b0,1800,1670,130,130,0.07222222222222222,8245.845,6269852.0,27.12432
fixed,legacy_coexistence,legacy-coexistence-qualification-p23,23,21160,1,str_mlo_nmaxinflights_1,eb4f3a45fa73dd4389ae,1800,1675,125,125,0.06944444444444445,7790.068888888889,5633402.0,26.00816
fixed,legacy_coexistence,legacy-coexistence-qualification-p23,23,21160,1,score_aware_t2_v2,749e52b545d1ee031e82,1800,1585,215,215,0.11944444444444445,10319.353333333333,6739509.0,26.0024
fixed,legacy_coexistence,legacy-coexistence-qualification-p23,23,21160,1,distributional_shadow_t2,67ac97cbea7e11e5dbfd,1800,1601,199,199,0.11055555555555556,10082.313333333334,6976488.0,26.0024
fixed,compound_shift,compound-shift-qualification-p16,16,21162,1,str_mlo_nmaxinflights_1,8509e7663e544c31d27f,1440,873,567,567,0.39375,21560.363194444446,4094336.0,39.34384
fixed,compound_shift,compound-shift-qualification-p16,16,21162,1,score_aware_t2_v2,5212a8185d79080dbb9f,1440,486,954,954,0.6625,31669.477083333335,5887268.0,39.35696
fixed,compound_shift,compound-shift-qualification-p16,16,21162,1,distributional_shadow_t2,e272a999d534a6f57ab5,1440,508,932,932,0.6472222222222223,31176.003472222223,6071470.0,39.34672
fixed,compound_shift,compound-shift-qualification-p16,16,21164,1,str_mlo_nmaxinflights_1,2a5cb08bc385a5ff1280,1440,473,967,967,0.6715277777777777,32237.599305555555,5905661.0,39.88336
fixed,compound_shift,compound-shift-qualification-p16,16,21164,1,score_aware_t2_v2,0825669354496e9b7e0e,1440,364,1076,1076,0.7472222222222222,34879.99930555555,5482917.0,39.87664
fixed,compound_shift,compound-shift-qualification-p16,16,21164,1,distributional_shadow_t2,5ceac39061fe94d4e0df,1440,393,1047,1047,0.7270833333333333,34450.025,5859093.0,39.87072
fixed,compound_shift,compound-shift-qualification-p17,17,21166,1,str_mlo_nmaxinflights_1,c0cacff1b9c0f32539bd,1800,1603,197,197,0.10944444444444444,8340.79611111111,4538203.0,29.55696
fixed,compound_shift,compound-shift-qualification-p17,17,21166,1,score_aware_t2_v2,bf2f7332d68aa9adc94a,1800,1508,292,292,0.1622222222222222,10787.06388888889,6366753.0,24.92144
fixed,compound_shift,compound-shift-qualification-p17,17,21166,1,distributional_shadow_t2,40cca6868f77e5a92117,1800,1541,259,259,0.1438888888888889,10726.927777777777,6347096.0,24.92112
fixed,compound_shift,compound-shift-qualification-p17,17,21168,1,str_mlo_nmaxinflights_1,178fae7ac6b8bc915feb,1800,1745,55,55,0.030555555555555555,4808.174444444445,3757047.0,29.2032
fixed,compound_shift,compound-shift-qualification-p17,17,21168,1,score_aware_t2_v2,59a2b8b2b2a1bcb01a64,1800,1575,225,225,0.125,9675.853333333333,5033874.0,29.2152
fixed,compound_shift,compound-shift-qualification-p17,17,21168,1,distributional_shadow_t2,d756c78cfe0856547f52,1800,1572,228,228,0.12666666666666668,9856.054444444444,5060360.0,29.21568
fixed,compound_shift,compound-shift-qualification-p18,18,21170,1,str_mlo_nmaxinflights_1,8a6b962c8eca39a6c63c,1440,1405,35,35,0.024305555555555556,4273.327777777778,2947837.0,40.22784
fixed,compound_shift,compound-shift-qualification-p18,18,21170,1,score_aware_t2_v2,65468a99f1f645bb3c37,1440,1406,34,34,0.02361111111111111,5192.364583333333,3533751.0,40.2024
fixed,compound_shift,compound-shift-qualification-p18,18,21170,1,distributional_shadow_t2,01507ef8b7d64b0b8e80,1440,1412,28,28,0.019444444444444445,5008.950694444445,3490405.0,40.20112
fixed,compound_shift,compound-shift-qualification-p18,18,21172,1,str_mlo_nmaxinflights_1,414936e88d9fca2c587b,1440,1421,19,19,0.013194444444444444,3538.851388888889,2833470.0,39.88752
fixed,compound_shift,compound-shift-qualification-p18,18,21172,1,score_aware_t2_v2,c109e2808e1fa1726a4d,1440,1421,19,19,0.013194444444444444,4292.832638888889,3374230.0,39.86576
fixed,compound_shift,compound-shift-qualification-p18,18,21172,1,distributional_shadow_t2,24c6c40697ba8a611fc7,1440,1426,14,14,0.009722222222222222,4250.1506944444445,3340123.0,39.86048
fixed,compound_shift,compound-shift-qualification-p19,19,21174,1,str_mlo_nmaxinflights_1,15f85a8f91146a255917,1800,1603,197,197,0.10944444444444444,9763.737777777778,5865362.0,22.8432
fixed,compound_shift,compound-shift-qualification-p19,19,21174,1,score_aware_t2_v2,c0bbed7bdb69a63ac567,1800,1361,439,439,0.24388888888888888,15225.072222222223,7042530.0,22.828
fixed,compound_shift,compound-shift-qualification-p19,19,21174,1,distributional_shadow_t2,2e61710fbc11aacb8a1c,1800,1377,423,423,0.235,15019.054444444444,7221929.0,22.82944
fixed,compound_shift,compound-shift-qualification-p19,19,21176,1,str_mlo_nmaxinflights_1,f7922b8de27cec32c175,1800,1696,104,104,0.057777777777777775,6422.99,4697738.0,22.43056
fixed,compound_shift,compound-shift-qualification-p19,19,21176,1,score_aware_t2_v2,6ae1aea2e67088a1aac2,1800,1419,381,381,0.21166666666666667,13451.496666666666,6500651.0,22.4256
fixed,compound_shift,compound-shift-qualification-p19,19,21176,1,distributional_shadow_t2,642920dd6a69e9ee4357,1800,1428,372,372,0.20666666666666667,13250.890555555556,6495463.0,22.42288
fixed,compound_shift,compound-shift-qualification-p20,20,21178,1,str_mlo_nmaxinflights_1,d8adf68d7c5d1cd6f6d8,2700,304,2396,2396,0.8874074074074074,20673.435925925925,13444775.0,49.23536
fixed,compound_shift,compound-shift-qualification-p20,20,21178,1,score_aware_t2_v2,b4bdcc4e457b3983c723,2700,596,2104,2104,0.7792592592592592,19232.01074074074,10188372.0,49.2584
fixed,compound_shift,compound-shift-qualification-p20,20,21178,1,distributional_shadow_t2,d266055ead6bc2a8c8b1,2700,593,2107,2107,0.7803703703703704,19248.33925925926,10710273.0,49.26288
fixed,compound_shift,compound-shift-qualification-p20,20,21180,1,str_mlo_nmaxinflights_1,d401d50c4ad9568b63fb,2700,173,2527,2527,0.9359259259259259,21344.284444444445,11334634.0,47.59648
fixed,compound_shift,compound-shift-qualification-p20,20,21180,1,score_aware_t2_v2,e29837e869e571c4f802,2700,35,2665,2665,0.987037037037037,22039.647777777776,5105743.0,46.46976
fixed,compound_shift,compound-shift-qualification-p20,20,21180,1,distributional_shadow_t2,078d4ffae9969289f3ad,2700,53,2647,2647,0.9803703703703703,21989.865185185186,5537615.0,46.47248
fixed,compound_shift,compound-shift-qualification-p21,21,21182,1,str_mlo_nmaxinflights_1,a0adecbf03444d09ba53,2700,2345,355,355,0.13148148148148148,6787.617037037037,6750937.0,21.77792
fixed,compound_shift,compound-shift-qualification-p21,21,21182,1,score_aware_t2_v2,229696258f99f3081823,2700,2051,649,649,0.24037037037037037,9566.216666666667,8956176.0,22.15008
fixed,compound_shift,compound-shift-qualification-p21,21,21182,1,distributional_shadow_t2,3432d8d9de4349e31b39,2700,2111,589,589,0.21814814814814815,9277.79962962963,9112850.0,22.14896
fixed,compound_shift,compound-shift-qualification-p21,21,21184,1,str_mlo_nmaxinflights_1,84806f33ee3abaa06157,2700,2419,281,281,0.10407407407407407,6304.555925925926,6532578.0,19.41504
fixed,compound_shift,compound-shift-qualification-p21,21,21184,1,score_aware_t2_v2,e7c974e14a2529e6ca20,2700,2012,688,688,0.2548148148148148,9948.228148148148,8580691.0,22.09328
fixed,compound_shift,compound-shift-qualification-p21,21,21184,1,distributional_shadow_t2,a14ce2d804eff38d1264,2700,2069,631,631,0.2337037037037037,9529.901481481482,8939741.0,22.09328
fixed,compound_shift,compound-shift-qualification-p22,22,21186,1,str_mlo_nmaxinflights_1,9bcb1154f5ae21f5efdb,1440,4,1436,1436,0.9972222222222222,41578.03680555556,6034628.0,65.8848
fixed,compound_shift,compound-shift-qualification-p22,22,21186,1,score_aware_t2_v2,1b39a2c4b21150ff2569,1440,4,1436,1436,0.9972222222222222,41596.393055555556,2330945.0,66.25872
fixed,compound_shift,compound-shift-qualification-p22,22,21186,1,distributional_shadow_t2,74c0ae153397d72345b2,1440,1,1439,1439,0.9993055555555556,41645.152083333334,2266296.0,66.22176
fixed,compound_shift,compound-shift-qualification-p23,23,21190,1,str_mlo_nmaxinflights_1,5486347973a42894ae7c,1800,774,1026,1026,0.57,22793.075555555555,4985978.0,68.07504
fixed,compound_shift,compound-shift-qualification-p23,23,21190,1,score_aware_t2_v2,edeeb26b753ca8b5c4fd,1800,736,1064,1064,0.5911111111111111,24332.863333333335,5484912.0,68.24736
fixed,compound_shift,compound-shift-qualification-p23,23,21190,1,distributional_shadow_t2,74f06c3d90823411be02,1800,714,1086,1086,0.6033333333333334,24680.11111111111,5527365.0,67.85104
fixed,compound_shift,compound-shift-qualification-p23,23,21192,1,str_mlo_nmaxinflights_1,496b758bc693619e8105,1800,841,959,959,0.5327777777777778,22994.27611111111,7454441.0,50.44336
fixed,compound_shift,compound-shift-qualification-p23,23,21192,1,score_aware_t2_v2,ecde3c40d1f8cf58fc83,1800,239,1561,1561,0.8672222222222222,30987.115555555556,4309946.0,60.2712
fixed,compound_shift,compound-shift-qualification-p23,23,21192,1,distributional_shadow_t2,475d547fb22c4f5f560d,1800,232,1568,1568,0.8711111111111111,31072.40611111111,4670501.0,60.27744
adaptive,obss_geometry_mac,obss-geometry-mac-qualification-p17,17,21071,1,score_aware_t2_v2,04fbfac7aeac576e8c34,1800,1783,17,17,0.009444444444444445,3750.427222222222,5010911.0,26.01312
adaptive,video_workload,video-workload-qualification-p19,19,21109,1,str_mlo_nmaxinflights_1,0710bd335c034df7dd7e,1800,1777,23,23,0.012777777777777779,3648.366111111111,3202835.0,26.16512
adaptive,obss_geometry_mac,obss-geometry-mac-qualification-p16,16,21067,1,score_aware_t2_v2,0940a51057db102a4707,1800,1787,13,13,0.007222222222222222,2831.8344444444447,3422484.0,26.3336
adaptive,video_workload,video-workload-qualification-p18,18,21105,1,score_aware_t2_v2,0c99a724626ca7480eb5,1440,1415,25,25,0.017361111111111112,2844.95,3192219.0,25.91824
adaptive,obss_intensity,obss-intensity-qualification-p22,22,21057,1,distributional_shadow_t2,0eeab2365924152a9f39,1800,1583,217,217,0.12055555555555555,9014.863888888889,6079514.0,47.22666666666667
adaptive,obss_intensity,obss-intensity-qualification-p17,17,21037,1,str_mlo_nmaxinflights_1,0fdac600a596559aaf67,1800,748,1052,1052,0.5844444444444444,23571.533888888887,7603182.0,74.90112
adaptive,obss_intensity,obss-intensity-qualification-p23,23,21061,1,str_mlo_nmaxinflights_1,12e19f7b56c7ac00b9bc,1800,1787,13,13,0.007222222222222222,2481.9583333333335,2946113.0,18.78848
adaptive,video_workload,video-workload-qualification-p17,17,21103,1,score_aware_t2_v2,1312eed0f56fb5835f27,3600,3588,12,12,0.0033333333333333335,2040.4677777777779,6430195.0,26.92288
adaptive,video_workload,video-workload-qualification-p21,21,21117,1,str_mlo_nmaxinflights_1,13e4d33f50cdb56b1849,1800,1776,24,24,0.013333333333333334,3002.947777777778,2793427.0,26.27072
adaptive,video_workload,video-workload-qualification-p20,20,21115,1,str_mlo_nmaxinflights_1,13e7eb1aa264004a3a31,2700,2667,33,33,0.012222222222222223,2411.7751851851854,3311583.0,26.30928
adaptive,radio_propagation,radio-propagation-qualification-p23,23,21029,1,str_mlo_nmaxinflights_1,142d987499c7f7a1347c,1800,922,878,878,0.48777777777777775,21416.218333333334,19031473.0,26.32976
adaptive,video_workload,video-workload-qualification-p20,20,21115,1,distributional_shadow_t2,1685b6a301cbb0cbdcb6,2700,2681,19,19,0.007037037037037037,2079.0825925925924,3897038.0,26.30944
adaptive,obss_geometry_mac,obss-geometry-mac-qualification-p23,23,21093,1,distributional_shadow_t2,16cd9e8b4d23d34f7c68,1800,1761,39,39,0.021666666666666667,4576.109444444444,4620221.0,26.4664
adaptive,radio_propagation,radio-propagation-qualification-p18,18,21009,1,score_aware_t2_v2,16d22eca533c91bd8f2c,1800,1792,8,8,0.0044444444444444444,2886.817777777778,3543769.0,25.70112
adaptive,radio_propagation,radio-propagation-qualification-p17,17,21005,1,score_aware_t2_v2,17db1d2d3edb0072b26a,1800,1419,381,381,0.21166666666666667,14448.865,11409872.0,26.74608
adaptive,video_workload,video-workload-qualification-p18,18,21107,1,distributional_shadow_t2,187cfddce88ea8e55f6d,1440,1422,18,18,0.0125,4290.170833333334,3988270.0,26.87808
adaptive,obss_intensity,obss-intensity-qualification-p23,23,21063,1,score_aware_t2_v2,1a8b5656c93754c4c3b4,1800,1792,8,8,0.0044444444444444444,2629.087777777778,3250520.0,18.03376
adaptive,radio_propagation,radio-propagation-qualification-p16,16,21003,1,distributional_shadow_t2,20addb648f7373a11d12,1800,1796,4,4,0.0022222222222222222,1574.7244444444445,2386783.0,27.1808
adaptive,obss_intensity,obss-intensity-qualification-p19,19,21047,1,score_aware_t2_v2,219fe4094fda97edc148,1800,1258,542,542,0.3011111111111111,14806.248333333333,5643126.0,49.88712
adaptive,obss_intensity,obss-intensity-qualification-p19,19,21047,1,distributional_shadow_t2,22682ce02629a3391a9d,1800,1273,527,527,0.2927777777777778,15042.333888888888,5836461.0,49.88648
adaptive,obss_geometry_mac,obss-geometry-mac-qualification-p23,23,21095,1,str_mlo_nmaxinflights_1,22910199f90af43ea780,1800,1758,42,42,0.023333333333333334,4429.817777777777,3987056.0,26.77056
adaptive,video_workload,video-workload-qualification-p21,21,21119,1,str_mlo_nmaxinflights_1,249d4072ff0a8fa82b33,1800,1791,9,9,0.005,2171.793888888889,2419438.0,27.14016
adaptive,video_workload,video-workload-qualification-p20,20,21113,1,distributional_shadow_t2,25b88a2eff9395e626c3,2700,2632,68,68,0.025185185185185185,3127.924814814815,4687067.0,27.1064
adaptive,obss_geometry_mac,obss-geometry-mac-qualification-p16,16,21065,1,distributional_shadow_t2,25e1dcee7b4202012c2d,1800,1784,16,16,0.008888888888888889,2987.043888888889,3885928.0,26.9456
adaptive,radio_propagation,radio-propagation-qualification-p21,21,21023,1,str_mlo_nmaxinflights_1,26ee0ad7c4506b65da57,1800,1779,21,21,0.011666666666666667,3499.036111111111,3910432.0,26.30512
adaptive,obss_geometry_mac,obss-geometry-mac-qualification-p22,22,21089,1,str_mlo_nmaxinflights_1,278e185a1bb885a331cc,1800,1750,50,50,0.027777777777777776,4666.437777777778,3775665.0,27.62016
adaptive,video_workload,video-workload-qualification-p18,18,21105,1,str_mlo_nmaxinflights_1,2843c86e3edf34ac8629,1440,1421,19,19,0.013194444444444444,3898.3888888888887,3248592.0,25.92016
adaptive,radio_propagation,radio-propagation-qualification-p20,20,21017,1,str_mlo_nmaxinflights_1,2f3aa10960e5900e6d0e,1800,1719,81,81,0.045,6661.518333333333,5837917.0,27.3168
adaptive,video_workload,video-workload-qualification-p19,19,21111,1,distributional_shadow_t2,2f74d06dcaba891ed9a5,1800,1774,26,26,0.014444444444444444,3882.315,4345813.0,26.32208
adaptive,obss_intensity,obss-intensity-qualification-p16,16,21035,1,str_mlo_nmaxinflights_1,3079ee537fddbf5f9f4e,1800,1707,93,93,0.051666666666666666,5828.081111111111,4206361.0,30.49248
adaptive,obss_geometry_mac,obss-geometry-mac-qualification-p18,18,21073,1,str_mlo_nmaxinflights_1,316c612ca4abd1c28769,1800,1746,54,54,0.03,4655.845,3937458.0,26.86048
adaptive,radio_propagation,radio-propagation-qualification-p21,21,21021,1,score_aware_t2_v2,33b9363a5921be16034c,1800,1789,11,11,0.006111111111111111,3379.5,4322267.0,26.36528
adaptive,obss_geometry_mac,obss-geometry-mac-qualification-p22,22,21089,1,score_aware_t2_v2,34273dde381fa8b7e92b,1800,1737,63,63,0.035,5531.086111111111,5655943.0,27.62016
adaptive,radio_propagation,radio-propagation-qualification-p16,16,21003,1,score_aware_t2_v2,34c096ba6c083b90bc93,1800,1795,5,5,0.002777777777777778,1609.6233333333332,2348990.0,27.1808
adaptive,obss_intensity,obss-intensity-qualification-p18,18,21041,1,str_mlo_nmaxinflights_1,34eb1a32497aef4f7cf0,1800,1788,12,12,0.006666666666666667,2634.3394444444443,2910197.0,40.8864
adaptive,video_workload,video-workload-qualification-p23,23,21127,1,str_mlo_nmaxinflights_1,35d7becadf2572529d26,1440,1424,16,16,0.011111111111111112,2488.4256944444446,1770729.0,27.38864
adaptive,obss_intensity,obss-intensity-qualification-p21,21,21053,1,score_aware_t2_v2,36dfde4e0538b05389a0,1800,1597,203,203,0.11277777777777778,9314.525,6338919.0,38.93812906666667
adaptive,obss_geometry_mac,obss-geometry-mac-qualification-p16,16,21065,1,str_mlo_nmaxinflights_1,38476652161c8b4fac3f,1800,1790,10,10,0.005555555555555556,2832.882777777778,3153810.0,26.94752
adaptive,radio_propagation,radio-propagation-qualification-p22,22,21027,1,score_aware_t2_v2,38bf4b28f68319a9bc95,1800,1800,0,0,0.0,1402.921111111111,1948994.0,26.652
adaptive,radio_propagation,radio-propagation-qualification-p18,18,21009,1,distributional_shadow_t2,38fb405d0690c962d59c,1800,1793,7,7,0.0038888888888888888,2837.6994444444445,3592913.0,25.70304
adaptive,radio_propagation,radio-propagation-qualification-p18,18,21009,1,str_mlo_nmaxinflights_1,39a81b7c0c47023432ce,1800,1782,18,18,0.01,3212.733888888889,3383511.0,25.70272
adaptive,obss_geometry_mac,obss-geometry-mac-qualification-p21,21,21087,1,score_aware_t2_v2,3d5c32806c0fdbcba601,1800,1738,62,62,0.034444444444444444,5030.368888888889,5248037.0,27.33872
adaptive,radio_propagation,radio-propagation-qualification-p22,22,21025,1,distributional_shadow_t2,3f3972670442e2993d3c,1800,1800,0,0,0.0,1572.3316666666667,2205781.0,26.67968
adaptive,radio_propagation,radio-propagation-qualification-p17,17,21005,1,str_mlo_nmaxinflights_1,40c313471eb79e6149e5,1800,1609,191,191,0.10611111111111111,10118.31111111111,9265235.0,26.7568
adaptive,obss_geometry_mac,obss-geometry-mac-qualification-p16,16,21067,1,distributional_shadow_t2,423f2a6e02e4dbdd9c72,1800,1789,11,11,0.006111111111111111,2681.8394444444443,3529908.0,26.3336
adaptive,obss_geometry_mac,obss-geometry-mac-qualification-p18,18,21073,1,score_aware_t2_v2,430f6f96a09f63daa4d9,1800,1750,50,50,0.027777777777777776,5557.537777777778,6094844.0,26.86048
adaptive,obss_intensity,obss-intensity-qualification-p20,20,21049,1,distributional_shadow_t2,44e1820d9d6b4b41c7b7,1800,0,1800,1800,1.0,33333.0,2102568.0,69.37904
adaptive,obss_intensity,obss-intensity-qualification-p18,18,21041,1,score_aware_t2_v2,4514197dd3c5d335d7f6,1800,1796,4,4,0.0022222222222222222,2171.9844444444443,2758003.0,40.8792
adaptive,video_workload,video-workload-qualification-p20,20,21113,1,score_aware_t2_v2,47314182cca2e2415109,2700,2615,85,85,0.03148148148148148,3411.958148148148,4734988.0,27.10752
adaptive,video_workload,video-workload-qualification-p22,22,21123,1,distributional_shadow_t2,4caecb0da84c81950ee3,2700,2696,4,4,0.0014814814814814814,1655.2514814814815,3828523.0,26.47088
adaptive,video_workload,video-workload-qualification-p20,20,21113,1,str_mlo_nmaxinflights_1,4e11998dd5f8905018ff,2700,2643,57,57,0.021111111111111112,2698.142592592593,3465798.0,27.10608
adaptive,obss_geometry_mac,obss-geometry-mac-qualification-p17,17,21071,1,distributional_shadow_t2,4f49e0a9fc44233b9984,1800,1782,18,18,0.01,3804.7638888888887,4998252.0,26.01312
adaptive,radio_propagation,radio-propagation-qualification-p17,17,21007,1,score_aware_t2_v2,4fe77f01ddd6e1985992,1800,172,1628,1628,0.9044444444444445,31389.132222222222,30719696.0,26.1672
adaptive,video_workload,video-workload-qualification-p17,17,21103,1,str_mlo_nmaxinflights_1,4ff9daeebcceb99f035f,3600,3591,9,9,0.0025,1964.8269444444445,5640198.0,26.9216
adaptive,radio_propagation,radio-propagation-qualification-p18,18,21011,1,str_mlo_nmaxinflights_1,5203684acaa04cc1d49c,1800,1768,32,32,0.017777777777777778,4586.423333333333,3825876.0,26.73536
adaptive,video_workload,video-workload-qualification-p21,21,21117,1,score_aware_t2_v2,522cf352b3076b0e14b7,1800,1782,18,18,0.01,3081.4983333333334,3522572.0,26.27056
adaptive,radio_propagation,radio-propagation-qualification-p22,22,21027,1,distributional_shadow_t2,52659e8ca8a8b3f61b5f,1800,1800,0,0,0.0,1355.2622222222221,2078146.0,26.652
adaptive,obss_geometry_mac,obss-geometry-mac-qualification-p17,17,21069,1,str_mlo_nmaxinflights_1,537453ea5500886d5e40,1800,1794,6,6,0.0033333333333333335,2989.673888888889,3350596.0,27.43152
adaptive,radio_propagation,radio-propagation-qualification-p22,22,21027,1,str_mlo_nmaxinflights_1,554a5e803350a50be1dd,1800,1799,1,1,0.0005555555555555556,1366.6338888888888,2042770.0,26.65328
adaptive,obss_intensity,obss-intensity-qualification-p21,21,21055,1,distributional_shadow_t2,56a8514200841b30827a,1800,1741,59,59,0.03277777777777778,5720.485,5218782.0,39.51691946666667
adaptive,obss_geometry_mac,obss-geometry-mac-qualification-p17,17,21071,1,str_mlo_nmaxinflights_1,57741496e289b50428b7,1800,1779,21,21,0.011666666666666667,3303.2205555555556,3682210.0,26.01328
adaptive,radio_propagation,radio-propagation-qualification-p21,21,21021,1,distributional_shadow_t2,580db38df8143dd50778,1800,1796,4,4,0.0022222222222222222,3143.4933333333333,4872881.0,26.36528
adaptive,radio_propagation,radio-propagation-qualification-p17,17,21005,1,distributional_shadow_t2,58cac10df2640fa09306,1800,1519,281,281,0.15611111111111112,12614.043333333333,12016474.0,26.74608
adaptive,video_workload,video-workload-qualification-p23,23,21127,1,distributional_shadow_t2,59532a2fb1cd33660f1c,1440,1434,6,6,0.004166666666666667,2293.4347222222223,2609932.0,27.38752
adaptive,radio_propagation,radio-propagation-qualification-p23,23,21031,1,distributional_shadow_t2,5a56bd6bd2ef43f3496b,1800,395,1405,1405,0.7805555555555556,28953.601666666666,27327312.0,25.95952
adaptive,video_workload,video-workload-qualification-p17,17,21103,1,distributional_shadow_t2,5b37a314e2cdf8ab5074,3600,3583,17,17,0.004722222222222222,2097.6266666666666,6285790.0,26.92288
adaptive,video_workload,video-workload-qualification-p17,17,21101,1,str_mlo_nmaxinflights_1,5bdabb793c70d9b6cf4b,3600,3548,52,52,0.014444444444444444,2661.2097222222224,6198255.0,27.15136
adaptive,obss_geometry_mac,obss-geometry-mac-qualification-p20,20,21081,1,distributional_shadow_t2,5c57bc503042d9696be5,1800,1800,0,0,0.0,2324.15,3567085.0,25.29168
adaptive,obss_intensity,obss-intensity-qualification-p23,23,21063,1,distributional_shadow_t2,5c78a12ad3f25e5755b1,1800,1794,6,6,0.0033333333333333335,2504.405,3501132.0,18.03376
adaptive,radio_propagation,radio-propagation-qualification-p19,19,21015,1,score_aware_t2_v2,5e0354686699da090468,1800,1760,40,40,0.022222222222222223,4609.364444444444,5399687.0,26.25408
adaptive,radio_propagation,radio-propagation-qualification-p19,19,21015,1,str_mlo_nmaxinflights_1,5ffad8d2022373e8fcc3,1800,1765,35,35,0.019444444444444445,3966.6605555555557,3910967.0,26.2544
adaptive,video_workload,video-workload-qualification-p22,22,21121,1,str_mlo_nmaxinflights_1,616f67ad228df3146ae8,2700,2682,18,18,0.006666666666666667,2313.645925925926,4147142.0,27.51136
adaptive,obss_intensity,obss-intensity-qualification-p16,16,21033,1,str_mlo_nmaxinflights_1,67bde03934b63fa0e337,1800,1712,88,88,0.04888888888888889,5291.821111111111,3971621.0,29.92144
adaptive,radio_propagation,radio-propagation-qualification-p21,21,21021,1,str_mlo_nmaxinflights_1,68eba384b6d360dd936c,1800,1778,22,22,0.012222222222222223,3881.117222222222,4432562.0,26.36784
adaptive,video_workload,video-workload-qualification-p19,19,21109,1,distributional_shadow_t2,69611f11a86bd4c7b42d,1800,1775,25,25,0.013888888888888888,4006.967222222222,4281867.0,26.16192
adaptive,video_workload,video-workload-qualification-p21,21,21119,1,distributional_shadow_t2,69beb9a49a6816520713,1800,1799,1,1,0.0005555555555555556,1470.0472222222222,2353112.0,27.14448
adaptive,obss_intensity,obss-intensity-qualification-p18,18,21041,1,distributional_shadow_t2,6b08654f86d77e6d8263,1800,1798,2,2,0.0011111111111111111,2003.4222222222222,3167091.0,40.8792
adaptive,video_workload,video-workload-qualification-p22,22,21123,1,score_aware_t2_v2,6c1b78d8452db13503ef,2700,2695,5,5,0.001851851851851852,1702.7185185185185,3684035.0,26.47088
adaptive,radio_propagation,radio-propagation-qualification-p20,20,21019,1,distributional_shadow_t2,6d173768d2444b4108a9,1800,1685,115,115,0.06388888888888888,9146.653333333334,10002276.0,26.65408
adaptive,obss_geometry_mac,obss-geometry-mac-qualification-p22,22,21091,1,score_aware_t2_v2,6ec3844ecdd2aed1cf5e,1800,1744,56,56,0.03111111111111111,5611.942777777777,5417752.0,26.36896
adaptive,video_workload,video-workload-qualification-p16,16,21097,1,score_aware_t2_v2,720bb960e4e910195b39,3600,3452,148,148,0.04111111111111111,3205.1086111111113,6726535.0,25.70864
adaptive,radio_propagation,radio-propagation-qualification-p16,16,21001,1,score_aware_t2_v2,7236abc3a2102e48f732,1800,1800,0,0,0.0,1506.6194444444445,2244292.0,26.64384
adaptive,obss_intensity,obss-intensity-qualification-p17,17,21039,1,distributional_shadow_t2,72d3cdd505577871f8a2,1800,467,1333,1333,0.7405555555555555,28517.403333333332,6131550.0,67.99424
adaptive,radio_propagation,radio-propagation-qualification-p20,20,21017,1,distributional_shadow_t2,738660cee3423c37a613,1800,1786,14,14,0.0077777777777777776,4329.313888888889,6760756.0,27.3184
adaptive,obss_intensity,obss-intensity-qualification-p20,20,21051,1,str_mlo_nmaxinflights_1,73c7dd99110b05a28c3d,1800,5,1795,1795,0.9972222222222222,33269.91888888889,6033382.0,73.27288
adaptive,radio_propagation,radio-propagation-qualification-p16,16,21001,1,str_mlo_nmaxinflights_1,746be6b462f2b10a33ca,1800,1800,0,0,0.0,1401.9472222222223,2244922.0,26.64416
adaptive,obss_geometry_mac,obss-geometry-mac-qualification-p23,23,21095,1,distributional_shadow_t2,748bf2f299799b23ab30,1800,1726,74,74,0.04111111111111111,5632.373333333333,5354552.0,26.77056
adaptive,obss_intensity,obss-intensity-qualification-p17,17,21039,1,str_mlo_nmaxinflights_1,750b3f3b78fd2b68a8d2,1800,530,1270,1270,0.7055555555555556,27221.977777777778,7443206.0,70.2472
adaptive,obss_intensity,obss-intensity-qualification-p22,22,21059,1,str_mlo_nmaxinflights_1,75468ecc603616fb0fec,1800,1685,115,115,0.06388888888888888,5895.552222222223,3733975.0,45.72483413333333
adaptive,obss_intensity,obss-intensity-qualification-p19,19,21045,1,str_mlo_nmaxinflights_1,7684539d79757d5a86f2,1800,1296,504,504,0.28,14775.654444444444,5703063.0,52.74792
adaptive,obss_intensity,obss-intensity-qualification-p22,22,21059,1,distributional_shadow_t2,7846c2340c1e95677896,1800,1779,21,21,0.011666666666666667,3521.35,4197997.0,45.71188053333333
adaptive,radio_propagation,radio-propagation-qualification-p17,17,21007,1,distributional_shadow_t2,78ca561dfa71eacf0721,1800,274,1526,1526,0.8477777777777777,30120.051111111112,31815396.0,26.16608
adaptive,obss_intensity,obss-intensity-qualification-p21,21,21055,1,str_mlo_nmaxinflights_1,7cff5b15c3990265080a,1800,1744,56,56,0.03111111111111111,5865.690555555556,4280846.0,39.51770453333333
adaptive,video_workload,video-workload-qualification-p22,22,21123,1,str_mlo_nmaxinflights_1,7d157f9cf2bd5106dd7a,2700,2696,4,4,0.0014814814814814814,1532.1692592592592,3355098.0,26.47088
adaptive,obss_intensity,obss-intensity-qualification-p22,22,21057,1,str_mlo_nmaxinflights_1,7dfcc2fb7b5a590ba9e2,1800,1623,177,177,0.09833333333333333,8131.389444444444,4670305.0,47.22843306666667
adaptive,obss_intensity,obss-intensity-qualification-p23,23,21063,1,str_mlo_nmaxinflights_1,7e6ab52ebeb3037d83ea,1800,1775,25,25,0.013888888888888888,3145.9172222222223,3150629.0,18.02904
adaptive,obss_geometry_mac,obss-geometry-mac-qualification-p18,18,21075,1,score_aware_t2_v2,80bb6b5c7418ad9c14c3,1800,1782,18,18,0.01,3646.822222222222,4241425.0,26.67856
adaptive,obss_intensity,obss-intensity-qualification-p18,18,21043,1,score_aware_t2_v2,81214969272897af4b5e,1800,1760,40,40,0.022222222222222223,3881.8716666666664,3685158.0,42.11664
adaptive,obss_intensity,obss-intensity-qualification-p21,21,21053,1,distributional_shadow_t2,8153e36ddc93c1a5695e,1800,1643,157,157,0.08722222222222223,8368.578333333333,6480058.0,38.937540266666666
adaptive,radio_propagation,radio-propagation-qualification-p19,19,21013,1,score_aware_t2_v2,8538e1b2498e60ca8600,1800,1774,26,26,0.014444444444444444,4343.614444444444,4745397.0,27.10096
adaptive,obss_geometry_mac,obss-geometry-mac-qualification-p19,19,21077,1,str_mlo_nmaxinflights_1,8589a5bed3a800d2a8c4,1800,1771,29,29,0.01611111111111111,4473.1,4088475.0,26.70416
adaptive,obss_geometry_mac,obss-geometry-mac-qualification-p19,19,21079,1,score_aware_t2_v2,86a3e908fb4b9ccb9588,1800,1798,2,2,0.0011111111111111111,1908.1744444444444,2576530.0,26.52352
adaptive,radio_propagation,radio-propagation-qualification-p23,23,21031,1,score_aware_t2_v2,889f67cc38e862247056,1800,317,1483,1483,0.8238888888888889,29766.74611111111,25616156.0,25.96016
adaptive,radio_propagation,radio-propagation-qualification-p21,21,21023,1,distributional_shadow_t2,88c478e459784a00cf20,1800,1785,15,15,0.008333333333333333,3660.3305555555557,4676278.0,26.30144
adaptive,obss_intensity,obss-intensity-qualification-p17,17,21037,1,distributional_shadow_t2,89d4d5527a4d1b64629b,1800,877,923,923,0.5127777777777778,21657.89222222222,6573283.0,74.50064
adaptive,obss_intensity,obss-intensity-qualification-p16,16,21033,1,score_aware_t2_v2,8cb9a5f3d3266ceb281a,1800,1641,159,159,0.08833333333333333,7284.816666666667,5057655.0,29.91824
adaptive,radio_propagation,radio-propagation-qualification-p19,19,21015,1,distributional_shadow_t2,8d456c40ca40eba71d58,1800,1767,33,33,0.018333333333333333,4521.313888888889,5545924.0,26.2536
adaptive,obss_intensity,obss-intensity-qualification-p19,19,21045,1,distributional_shadow_t2,8d626a0fe7cf583cd19c,1800,1176,624,624,0.3466666666666667,16764.362222222222,7205354.0,52.67064
adaptive,obss_geometry_mac,obss-geometry-mac-qualification-p23,23,21093,1,str_mlo_nmaxinflights_1,902c4cb02a853a483060,1800,1781,19,19,0.010555555555555556,3857.911111111111,3735226.0,26.4664
adaptive,obss_geometry_mac,obss-geometry-mac-qualification-p21,21,21085,1,str_mlo_nmaxinflights_1,91fcc368848a17e71d1b,1800,1788,12,12,0.006666666666666667,2724.4994444444446,2954100.0,27.08032
adaptive,obss_geometry_mac,obss-geometry-mac-qualification-p16,16,21065,1,score_aware_t2_v2,928589af8894ac16921e,1800,1784,16,16,0.008888888888888889,3040.195,3786249.0,26.9456
adaptive,obss_intensity,obss-intensity-qualification-p16,16,21035,1,score_aware_t2_v2,939ac997e0e96929035a,1800,1718,82,82,0.04555555555555556,5535.047222222222,5142376.0,30.49248
adaptive,obss_geometry_mac,obss-geometry-mac-qualification-p21,21,21087,1,str_mlo_nmaxinflights_1,9493dda5db8c34dbec49,1800,1769,31,31,0.017222222222222222,4720.145555555556,4444852.0,27.37088
adaptive,radio_propagation,radio-propagation-qualification-p20,20,21019,1,str_mlo_nmaxinflights_1,94b95fe6ff1549d627b3,1800,1730,70,70,0.03888888888888889,7371.883333333333,6859214.0,26.65952
adaptive,obss_intensity,obss-intensity-qualification-p16,16,21033,1,distributional_shadow_t2,94ea526092ff672caa26,1800,1693,107,107,0.059444444444444446,6174.098333333333,5105057.0,29.91776
adaptive,video_workload,video-workload-qualification-p20,20,21115,1,score_aware_t2_v2,96e92f011c0e97757d1a,2700,2678,22,22,0.008148148148148147,2136.564074074074,3753158.0,26.30688
adaptive,radio_propagation,radio-propagation-qualification-p16,16,21001,1,distributional_shadow_t2,9767ee6fb7f054cbbf8b,1800,1800,0,0,0.0,1470.0327777777777,2316471.0,26.64384
adaptive,video_workload,video-workload-qualification-p21,21,21117,1,distributional_shadow_t2,9845532e247c6456c682,1800,1783,17,17,0.009444444444444445,2919.1111111111113,3588745.0,26.27056
adaptive,obss_intensity,obss-intensity-qualification-p20,20,21049,1,str_mlo_nmaxinflights_1,9afef8f7c1a3b4631f25,1800,2,1798,1798,0.9988888888888889,33302.30222222222,3916087.0,69.90664
adaptive,obss_intensity,obss-intensity-qualification-p22,22,21057,1,score_aware_t2_v2,9b42d2955660dd6a849f,1800,1577,223,223,0.1238888888888889,9251.98,6015238.0,47.21960106666667
adaptive,obss_geometry_mac,obss-geometry-mac-qualification-p16,16,21067,1,str_mlo_nmaxinflights_1,9d8ef9af6c163da6f4a0,1800,1791,9,9,0.005,2483.5044444444443,2880157.0,26.33344
adaptive,obss_intensity,obss-intensity-qualification-p20,20,21049,1,score_aware_t2_v2,9ffc165938dc5e1eafec,1800,1,1799,1799,0.9994444444444445,33329.041666666664,2280860.0,69.14944
adaptive,radio_propagation,radio-propagation-qualification-p18,18,21011,1,distributional_shadow_t2,a0d13831d545b7ac6006,1800,1772,28,28,0.015555555555555555,4318.537222222222,4622864.0,26.7344
adaptive,obss_geometry_mac,obss-geometry-mac-qualification-p19,19,21077,1,score_aware_t2_v2,a128428400a417d3ad1b,1800,1783,17,17,0.009444444444444445,4257.711666666667,4785858.0,26.70416
adaptive,video_workload,video-workload-qualification-p17,17,21101,1,score_aware_t2_v2,a23e528078e183a5ff74,3600,3594,6,6,0.0016666666666666668,2089.5030555555554,6169563.0,27.1496
adaptive,obss_intensity,obss-intensity-qualification-p16,16,21035,1,distributional_shadow_t2,a3e69952bc9dece4941f,1800,1721,79,79,0.04388888888888889,5469.761666666666,5147142.0,30.49248
adaptive,radio_propagation,radio-propagation-qualification-p16,16,21003,1,str_mlo_nmaxinflights_1,a4ee1d60068dbb1bdeb8,1800,1799,1,1,0.0005555555555555556,1592.7905555555556,2398526.0,27.1808
adaptive,obss_geometry_mac,obss-geometry-mac-qualification-p20,20,21081,1,score_aware_t2_v2,a51449b8b24c90021019,1800,1797,3,3,0.0016666666666666668,2455.603888888889,3248551.0,25.29168
adaptive,obss_intensity,obss-intensity-qualification-p18,18,21043,1,str_mlo_nmaxinflights_1,a54de809c84fbc19f0e0,1800,1781,19,19,0.010555555555555556,3062.51,2843105.0,42.11456
adaptive,obss_geometry_mac,obss-geometry-mac-qualification-p18,18,21073,1,distributional_shadow_t2,a5cecc89f7f45a3693c8,1800,1707,93,93,0.051666666666666666,6628.32,6014123.0,26.86048
adaptive,video_workload,video-workload-qualification-p22,22,21121,1,score_aware_t2_v2,a6b59d9a96fa0d13f1d4,2700,2684,16,16,0.005925925925925926,2409.467777777778,4763740.0,27.51008
adaptive,radio_propagation,radio-propagation-qualification-p21,21,21023,1,score_aware_t2_v2,a79f106f2dc27a9abbad,1800,1781,19,19,0.010555555555555556,3882.777777777778,4437693.0,26.3016
adaptive,radio_propagation,radio-propagation-qualification-p20,20,21019,1,score_aware_t2_v2,a84e8be0a11ab7101532,1800,1636,164,164,0.09111111111111111,10390.17111111111,9414066.0,26.65952
adaptive,obss_geometry_mac,obss-geometry-mac-qualification-p20,20,21083,1,str_mlo_nmaxinflights_1,a958d27f23b1a69bc802,1800,1782,18,18,0.01,3346.0816666666665,3082902.0,27.28768
adaptive,video_workload,video-workload-qualification-p19,19,21109,1,score_aware_t2_v2,ac73f4a911cd794fc42d,1800,1774,26,26,0.014444444444444444,3998.7105555555554,4226319.0,26.16192
adaptive,obss_geometry_mac,obss-geometry-mac-qualification-p21,21,21085,1,distributional_shadow_t2,ae79e028384d0d030f35,1800,1795,5,5,0.002777777777777778,2081.0194444444446,3368092.0,27.08352
adaptive,video_workload,video-workload-qualification-p16,16,21097,1,distributional_shadow_t2,b0a99b3ecaab8351b3ca,3600,3439,161,161,0.04472222222222222,3240.1241666666665,6810074.0,25.70816
adaptive,radio_propagation,radio-propagation-qualification-p22,22,21025,1,score_aware_t2_v2,b3e1792ac71aff615693,1800,1800,0,0,0.0,1656.1727777777778,2088970.0,26.68016
adaptive,radio_propagation,radio-propagation-qualification-p20,20,21017,1,score_aware_t2_v2,b4a1b92eb2ffd93d2941,1800,1782,18,18,0.01,4400.051111111111,5824856.0,27.31952
adaptive,obss_intensity,obss-intensity-qualification-p21,21,21053,1,str_mlo_nmaxinflights_1,b6495a02c54073819d39,1800,1729,71,71,0.03944444444444444,5273.822777777777,4312110.0,38.946176
adaptive,video_workload,video-workload-qualification-p18,18,21107,1,str_mlo_nmaxinflights_1,b7130fd1f75bf5c9e42b,1440,1421,19,19,0.013194444444444444,4976.601388888889,3783260.0,26.8808
adaptive,video_workload,video-workload-qualification-p18,18,21105,1,distributional_shadow_t2,b7385f24761ac9327577,1440,1431,9,9,0.00625,2385.2208333333333,3345572.0,25.91824
adaptive,radio_propagation,radio-propagation-qualification-p23,23,21029,1,distributional_shadow_t2,b7c10ea8ff391741689a,1800,369,1431,1431,0.795,28590.77666666667,26927210.0,26.33376
adaptive,obss_geometry_mac,obss-geometry-mac-qualification-p20,20,21083,1,score_aware_t2_v2,b8cf9c48b000c624ee42,1800,1799,1,1,0.0005555555555555556,2064.197777777778,2744324.0,27.28768
adaptive,video_workload,video-workload-qualification-p23,23,21125,1,str_mlo_nmaxinflights_1,ba86d1fd85a98ec736ce,1440,1435,5,5,0.003472222222222222,1355.0472222222222,1118998.0,26.6408
adaptive,obss_intensity,obss-intensity-qualification-p17,17,21039,1,score_aware_t2_v2,bb4e20db5262f0e3a8d9,1800,468,1332,1332,0.74,28514.57222222222,6237668.0,68.07536
adaptive,obss_intensity,obss-intensity-qualification-p21,21,21055,1,score_aware_t2_v2,bd8170ea94af60fc0f4b,1800,1724,76,76,0.042222222222222223,6073.158888888889,4992955.0,39.51534933333333
adaptive,obss_geometry_mac,obss-geometry-mac-qualification-p21,21,21085,1,score_aware_t2_v2,bdc7d28787460e312646,1800,1795,5,5,0.002777777777777778,2198.2561111111113,2971976.0,27.08336
adaptive,obss_geometry_mac,obss-geometry-mac-qualification-p19,19,21077,1,distributional_shadow_t2,bf63c68641cb7d0e6ba9,1800,1782,18,18,0.01,4181.966666666666,4879258.0,26.70192
adaptive,video_workload,video-workload-qualification-p19,19,21111,1,score_aware_t2_v2,bf682d1ef1f390a4ee2c,1800,1771,29,29,0.01611111111111111,4007.9211111111113,4183240.0,26.32208
adaptive,obss_geometry_mac,obss-geometry-mac-qualification-p18,18,21075,1,distributional_shadow_t2,c03ea0640602acd00494,1800,1785,15,15,0.008333333333333333,3605.6711111111113,4229853.0,26.67856
adaptive,video_workload,video-workload-qualification-p16,16,21097,1,str_mlo_nmaxinflights_1,c48a5ee0def507f18f74,3600,3519,81,81,0.0225,2581.0261111111113,5036641.0,25.7128
adaptive,radio_propagation,radio-propagation-qualification-p17,17,21007,1,str_mlo_nmaxinflights_1,c7451fcda16397a84cc7,1800,736,1064,1064,0.5911111111111111,24725.477222222224,25799730.0,26.17408
adaptive,video_workload,video-workload-qualification-p19,19,21111,1,str_mlo_nmaxinflights_1,c75e02e93a6f6a8d36ef,1800,1773,27,27,0.015,3836.4383333333335,3384574.0,26.32096
adaptive,radio_propagation,radio-propagation-qualification-p19,19,21013,1,distributional_shadow_t2,c804a32280772d7e0c39,1800,1773,27,27,0.015,4202.296111111111,4798090.0,27.10096
adaptive,radio_propagation,radio-propagation-qualification-p23,23,21031,1,str_mlo_nmaxinflights_1,c80b297e08ff0d72b7da,1800,798,1002,1002,0.5566666666666666,24351.610555555555,24343836.0,25.95488
adaptive,obss_intensity,obss-intensity-qualification-p20,20,21051,1,score_aware_t2_v2,c89c0f0b1461e8fa89b3,1800,9,1791,1791,0.995,33228.40222222222,5920520.0,73.63384
adaptive,video_workload,video-workload-qualification-p23,23,21127,1,score_aware_t2_v2,cb82f7e76e2ab9a1930f,1440,1427,13,13,0.009027777777777777,3055.0694444444443,2465050.0,27.38752
adaptive,video_workload,video-workload-qualification-p16,16,21099,1,str_mlo_nmaxinflights_1,cb9f06de099b47946a74,3600,3589,11,11,0.0030555555555555557,1289.3258333333333,3608775.0,26.40448
adaptive,video_workload,video-workload-qualification-p17,17,21101,1,distributional_shadow_t2,cc12889ad1ec22ef6b08,3600,3595,5,5,0.001388888888888889,2087.965,6038294.0,27.14976
adaptive,obss_geometry_mac,obss-geometry-mac-qualification-p22,22,21089,1,distributional_shadow_t2,cf0c909013cb3311b646,1800,1698,102,102,0.056666666666666664,6430.857777777778,5497141.0,27.62016
adaptive,obss_geometry_mac,obss-geometry-mac-qualification-p22,22,21091,1,distributional_shadow_t2,d0e0d86c39a915fdb67a,1800,1740,60,60,0.03333333333333333,5613.515555555556,5424855.0,26.36896
adaptive,obss_geometry_mac,obss-geometry-mac-qualification-p18,18,21075,1,str_mlo_nmaxinflights_1,d22daf74604285cc74ce,1800,1778,22,22,0.012222222222222223,3674.0461111111113,3882049.0,26.67856
adaptive,obss_intensity,obss-intensity-qualification-p17,17,21037,1,score_aware_t2_v2,d303ace0c5904607242a,1800,877,923,923,0.5127777777777778,21657.996666666666,6616663.0,74.56384
adaptive,obss_geometry_mac,obss-geometry-mac-qualification-p23,23,21095,1,score_aware_t2_v2,d738fdfda18bb36571ed,1800,1755,45,45,0.025,4644.176666666666,5502754.0,26.77056
adaptive,radio_propagation,radio-propagation-qualification-p18,18,21011,1,score_aware_t2_v2,d7b7018149eb55260565,1800,1774,26,26,0.014444444444444444,4342.012222222223,4539878.0,26.7344
adaptive,video_workload,video-workload-qualification-p18,18,21107,1,score_aware_t2_v2,d98516ee635a63b2aa01,1440,1423,17,17,0.011805555555555555,4229.095138888889,4024308.0,26.87808
adaptive,obss_geometry_mac,obss-geometry-mac-qualification-p20,20,21081,1,str_mlo_nmaxinflights_1,da172758143a473a3180,1800,1797,3,3,0.0016666666666666668,3088.7555555555555,3405253.0,25.29168
adaptive,obss_intensity,obss-intensity-qualification-p19,19,21047,1,str_mlo_nmaxinflights_1,db88a4ac364e5d44194a,1800,1471,329,329,0.1827777777777778,10939.611111111111,4432990.0,52.49072
adaptive,obss_geometry_mac,obss-geometry-mac-qualification-p20,20,21083,1,distributional_shadow_t2,dba671edf02dd7fe5e22,1800,1800,0,0,0.0,1992.2877777777778,3092234.0,27.28768
adaptive,radio_propagation,radio-propagation-qualification-p19,19,21013,1,str_mlo_nmaxinflights_1,dc42d2f2275602dbb173,1800,1760,40,40,0.022222222222222223,4478.740555555555,4055861.0,27.10048
adaptive,video_workload,video-workload-qualification-p16,16,21099,1,score_aware_t2_v2,dcee4ca13788c7ad33dd,3600,3597,3,3,0.0008333333333333334,1237.04,3421990.0,26.3968
adaptive,obss_intensity,obss-intensity-qualification-p18,18,21043,1,distributional_shadow_t2,ddeeefe5ab6338a2f21b,1800,1745,55,55,0.030555555555555555,4339.246666666667,3587633.0,42.11744
adaptive,obss_geometry_mac,obss-geometry-mac-qualification-p19,19,21079,1,distributional_shadow_t2,df13211c803a19610f3b,1800,1800,0,0,0.0,1789.7194444444444,2857043.0,26.52384
adaptive,video_workload,video-workload-qualification-p23,23,21125,1,score_aware_t2_v2,dfaac1d726a22ea4c67f,1440,1439,1,1,0.0006944444444444445,1231.0083333333334,1107484.0,26.63728
adaptive,obss_geometry_mac,obss-geometry-mac-qualification-p17,17,21069,1,score_aware_t2_v2,e32ded537f79691f8884,1800,1791,9,9,0.005,3204.2766666666666,4194157.0,27.43152
adaptive,video_workload,video-workload-qualification-p23,23,21125,1,distributional_shadow_t2,eac7b1de7bcc79014e17,1440,1439,1,1,0.0006944444444444445,1178.6583333333333,1284296.0,26.6368
adaptive,obss_intensity,obss-intensity-qualification-p23,23,21061,1,distributional_shadow_t2,ebf6414fa024bc5c460a,1800,1794,6,6,0.0033333333333333335,2400.5116666666668,3981363.0,18.78848
adaptive,obss_geometry_mac,obss-geometry-mac-qualification-p19,19,21079,1,str_mlo_nmaxinflights_1,ec8f2af3e12946ca9fe6,1800,1797,3,3,0.0016666666666666668,2017.9233333333334,2558331.0,26.52192
adaptive,video_workload,video-workload-qualification-p22,22,21121,1,distributional_shadow_t2,ef12dee0a15f249b8e36,2700,2687,13,13,0.004814814814814815,2374.9181481481482,4710797.0,27.50976
adaptive,obss_intensity,obss-intensity-qualification-p23,23,21061,1,score_aware_t2_v2,f31b25b1f32af0034138,1800,1792,8,8,0.0044444444444444444,2480.7322222222224,3730225.0,18.78848
adaptive,video_workload,video-workload-qualification-p21,21,21119,1,score_aware_t2_v2,f3a7065aa5ca18254c49,1800,1799,1,1,0.0005555555555555556,1529.1255555555556,2097295.0,27.1432
adaptive,obss_geometry_mac,obss-geometry-mac-qualification-p21,21,21087,1,distributional_shadow_t2,f4178f4aa934d1335d59,1800,1762,38,38,0.021111111111111112,4635.81,5327012.0,27.33872
adaptive,video_workload,video-workload-qualification-p16,16,21099,1,distributional_shadow_t2,f418d573a6916e37a758,3600,3599,1,1,0.0002777777777777778,1197.1108333333334,3510173.0,26.3968
adaptive,radio_propagation,radio-propagation-qualification-p23,23,21029,1,score_aware_t2_v2,f4cb8cfa72333b322e64,1800,217,1583,1583,0.8794444444444445,30789.615,26367950.0,26.33392
adaptive,obss_intensity,obss-intensity-qualification-p22,22,21059,1,score_aware_t2_v2,f7bbce7b55aad8a6b0ba,1800,1778,22,22,0.012222222222222223,3593.7644444444445,3402428.0,45.7056
adaptive,obss_geometry_mac,obss-geometry-mac-qualification-p17,17,21069,1,distributional_shadow_t2,f877fe8c4cbca619a535,1800,1790,10,10,0.005555555555555556,3387.9383333333335,4199428.0,27.43152
adaptive,radio_propagation,radio-propagation-qualification-p22,22,21025,1,str_mlo_nmaxinflights_1,f888666aac9df9aac5ae,1800,1797,3,3,0.0016666666666666668,1644.6405555555555,2137081.0,26.68272
adaptive,obss_geometry_mac,obss-geometry-mac-qualification-p23,23,21093,1,score_aware_t2_v2,f8c170c22de1615bec99,1800,1766,34,34,0.01888888888888889,4419.695555555556,4674947.0,26.4664
adaptive,obss_intensity,obss-intensity-qualification-p20,20,21051,1,distributional_shadow_t2,fb62a90fa3f988ba6682,1800,1,1799,1799,0.9994444444444445,33316.67277777778,5748545.0,74.04632
adaptive,obss_intensity,obss-intensity-qualification-p19,19,21045,1,score_aware_t2_v2,fc7a6ae26c51c5ede6f4,1800,1105,695,695,0.3861111111111111,17741.205,6837496.0,52.65816
adaptive,obss_geometry_mac,obss-geometry-mac-qualification-p22,22,21091,1,str_mlo_nmaxinflights_1,ff3178732f4bcfcd89e2,1800,1743,57,57,0.03166666666666667,5005.455555555555,3921796.0,26.36896
adaptive,obss_intensity,obss-intensity-qualification-p16,16,21036,1,str_mlo_nmaxinflights_1,00181284c415765ad4de,1800,1780,20,20,0.011111111111111112,3126.475,3188901.0,30.49296
adaptive,obss_intensity,obss-intensity-qualification-p23,23,21064,1,str_mlo_nmaxinflights_1,005d64e63c5b9405f351,1800,1694,106,106,0.058888888888888886,5185.213333333333,4274612.0,17.6456
adaptive,legacy_coexistence,legacy-coexistence-qualification-p21,21,21150,1,distributional_shadow_t2,00ad4576a07134f2391a,1800,1366,434,434,0.2411111111111111,13693.780555555555,5574148.0,26.83744
adaptive,video_workload,video-workload-qualification-p18,18,21106,1,str_mlo_nmaxinflights_1,014ba598f09d2aecc8fe,1440,1415,25,25,0.017361111111111112,4840.659027777778,3348690.0,27.52096
adaptive,obss_geometry_mac,obss-geometry-mac-qualification-p18,18,21074,1,score_aware_t2_v2,034494ed93bc95ed3b20,1800,1782,18,18,0.01,3618.6483333333335,4638926.0,26.28144
adaptive,obss_intensity,obss-intensity-qualification-p19,19,21046,1,str_mlo_nmaxinflights_1,05208e7a96521063d62c,1800,927,873,873,0.485,22635.94,12299351.0,52.7696
adaptive,legacy_coexistence,legacy-coexistence-qualification-p20,20,21146,1,score_aware_t2_v2,058d44260279e5d5ae6d,1800,1453,347,347,0.19277777777777777,11936.011666666667,7374196.0,26.77712
adaptive,legacy_coexistence,legacy-coexistence-qualification-p23,23,21160,1,distributional_shadow_t2,074d410ad56908a002e1,1800,1597,203,203,0.11277777777777778,8992.305555555555,5695231.0,25.98656
adaptive,video_workload,video-workload-qualification-p22,22,21122,1,str_mlo_nmaxinflights_1,08192368d4ec62a3d4b7,2700,2614,86,86,0.03185185185185185,3995.3144444444442,5390608.0,26.21632
adaptive,obss_geometry_mac,obss-geometry-mac-qualification-p20,20,21084,1,distributional_shadow_t2,08aff76cd52260468e8a,1800,1739,61,61,0.03388888888888889,6101.586111111111,6267318.0,26.7408
adaptive,video_workload,video-workload-qualification-p21,21,21120,1,str_mlo_nmaxinflights_1,094070a8d77ef8567673,1800,1766,34,34,0.01888888888888889,3188.2483333333334,2814347.0,26.61856
adaptive,obss_geometry_mac,obss-geometry-mac-qualification-p23,23,21096,1,distributional_shadow_t2,098b8f9983db0220417c,1800,1785,15,15,0.008333333333333333,3119.9005555555555,3739555.0,27.20448
adaptive,obss_intensity,obss-intensity-qualification-p22,22,21060,1,str_mlo_nmaxinflights_1,0a1ddcfb39f0a3a71a58,1800,1575,225,225,0.125,8990.904444444444,5054329.0,46.7436544
adaptive,video_workload,video-workload-qualification-p16,16,21098,1,score_aware_t2_v2,0a5ef5fdf4b2983f2175,3600,3469,131,131,0.03638888888888889,3178.745,6218449.0,26.43808
adaptive,compound_shift,compound-shift-qualification-p18,18,21170,1,str_mlo_nmaxinflights_1,0b3081ec499730da599a,1440,1420,20,20,0.013888888888888888,3421.315972222222,2086417.0,40.22048
adaptive,legacy_coexistence,legacy-coexistence-qualification-p18,18,21140,1,str_mlo_nmaxinflights_1,0b9eb7a61f9f41d0680e,1800,1503,297,297,0.165,10375.576111111111,5416494.0,26.87072
adaptive,video_workload,video-workload-qualification-p23,23,21126,1,score_aware_t2_v2,0e970df5b38b7772ae7e,1440,1432,8,8,0.005555555555555556,2360.9861111111113,1884464.0,25.83664
adaptive,obss_intensity,obss-intensity-qualification-p18,18,21044,1,distributional_shadow_t2,0f46cfc66ea69f25084c,1800,1530,270,270,0.15,10778.726666666667,7168796.0,40.3016
adaptive,compound_shift,compound-shift-qualification-p20,20,21180,1,str_mlo_nmaxinflights_1,0f8c78ec58591d69f6fb,2700,37,2663,2663,0.9862962962962963,22034.834444444445,16435139.0,47.60144
adaptive,legacy_coexistence,legacy-coexistence-qualification-p22,22,21154,1,score_aware_t2_v2,10490819ede00bedb617,1800,263,1537,1537,0.8538888888888889,30642.19,6360432.0,24.93952
adaptive,radio_propagation,radio-propagation-qualification-p20,20,21018,1,str_mlo_nmaxinflights_1,10a3a93a5b2524da3a3c,1800,1598,202,202,0.11222222222222222,9944.902777777777,7221786.0,26.61824
adaptive,radio_propagation,radio-propagation-qualification-p16,16,21002,1,distributional_shadow_t2,115a910301f9a5eb525b,1800,1788,12,12,0.006666666666666667,2969.228888888889,4043269.0,26.83152
adaptive,compound_shift,compound-shift-qualification-p23,23,21190,1,score_aware_t2_v2,115ac634a69328030849,1800,590,1210,1210,0.6722222222222223,25965.95111111111,6372607.0,68.30272
adaptive,obss_geometry_mac,obss-geometry-mac-qualification-p20,20,21082,1,score_aware_t2_v2,11ffb949683d33829545,1800,1728,72,72,0.04,5656.132777777778,6092649.0,26.53296
adaptive,legacy_coexistence,legacy-coexistence-qualification-p17,17,21134,1,str_mlo_nmaxinflights_1,12520925990c1ef33ec7,1800,1481,319,319,0.17722222222222223,10696.335555555555,4372757.0,26.64032
adaptive,obss_geometry_mac,obss-geometry-mac-qualification-p22,22,21092,1,distributional_shadow_t2,1462ec65551b8534b7e6,1800,1791,9,9,0.005,2700.987222222222,4205926.0,26.06784
adaptive,compound_shift,compound-shift-qualification-p19,19,21176,1,score_aware_t2_v2,14b2afb5f431159a64b9,1800,1402,398,398,0.22111111111111112,13628.765555555556,6304374.0,22.436
adaptive,obss_intensity,obss-intensity-qualification-p19,19,21048,1,score_aware_t2_v2,1572ef3d01691dfb929d,1800,1368,432,432,0.24,13813.41888888889,5366240.0,51.8188
adaptive,radio_propagation,radio-propagation-qualification-p21,21,21022,1,distributional_shadow_t2,1580b8b478561dba4254,1800,1750,50,50,0.027777777777777776,5600.8422222222225,6456481.0,25.34784
adaptive,obss_intensity,obss-intensity-qualification-p21,21,21056,1,distributional_shadow_t2,1758286a42479a4df23a,1800,1777,23,23,0.012777777777777779,4050.7972222222224,4478415.0,39.83683413333333
adaptive,obss_geometry_mac,obss-geometry-mac-qualification-p17,17,21072,1,score_aware_t2_v2,17cef14efc1915831779,1800,1796,4,4,0.0022222222222222222,2234.1672222222223,2999861.0,25.912
adaptive,compound_shift,compound-shift-qualification-p20,20,21178,1,distributional_shadow_t2,1819a49a22985b739bf0,2700,160,2540,2540,0.9407407407407408,21429.161111111112,11022937.0,49.08608
adaptive,legacy_coexistence,legacy-coexistence-qualification-p18,18,21138,1,str_mlo_nmaxinflights_1,19e8013e2cad95068a23,1800,1571,229,229,0.1272222222222222,9370.636666666667,5128714.0,25.60624
adaptive,video_workload,video-workload-qualification-p18,18,21106,1,distributional_shadow_t2,1b49fa0497893a1b14dd,1440,1421,19,19,0.013194444444444444,4889.895138888889,4358411.0,27.52016
adaptive,compound_shift,compound-shift-qualification-p22,22,21186,1,str_mlo_nmaxinflights_1,1b674687ce676272465d,1440,0,1440,1440,1.0,41667.0,7179673.0,66.74
adaptive,legacy_coexistence,legacy-coexistence-qualification-p22,22,21154,1,distributional_shadow_t2,1cca109f9cebe3d5cf13,1800,274,1526,1526,0.8477777777777777,30538.745,7297554.0,24.91664
adaptive,video_workload,video-workload-qualification-p19,19,21112,1,str_mlo_nmaxinflights_1,1cd6b6b911c0709a1a73,1800,1788,12,12,0.006666666666666667,2998.072222222222,2926955.0,26.42464
adaptive,video_workload,video-workload-qualification-p21,21,21120,1,score_aware_t2_v2,1f83e2358245095c6cf6,1800,1781,19,19,0.010555555555555556,3428.3333333333335,3846178.0,26.61664
adaptive,video_workload,video-workload-qualification-p17,17,21102,1,str_mlo_nmaxinflights_1,1fc7eb7c9d9f548b0efe,3600,3443,157,157,0.043611111111111114,3507.376388888889,7263704.0,26.89744
adaptive,obss_geometry_mac,obss-geometry-mac-qualification-p17,17,21070,1,score_aware_t2_v2,2026006553ab6d672bb2,1800,1796,4,4,0.0022222222222222222,2770.2361111111113,4029857.0,27.30608
adaptive,video_workload,video-workload-qualification-p20,20,21114,1,str_mlo_nmaxinflights_1,21975a308fe178770b39,2700,2698,2,2,0.0007407407407407407,1259.9855555555555,2258336.0,26.10624
adaptive,legacy_coexistence,legacy-coexistence-qualification-p16,16,21132,1,str_mlo_nmaxinflights_1,2200e3ad64cca958cf86,1800,1737,63,63,0.035,5307.1016666666665,5345904.0,26.82496
adaptive,legacy_coexistence,legacy-coexistence-qualification-p20,20,21146,1,distributional_shadow_t2,228ca0894a94b1843eb4,1800,1482,318,318,0.17666666666666667,11586.021111111111,7378208.0,26.77648
adaptive,video_workload,video-workload-qualification-p20,20,21116,1,str_mlo_nmaxinflights_1,236ef9020208beea412a,2700,2697,3,3,0.0011111111111111111,1510.8722222222223,2761317.0,26.31296
adaptive,obss_geometry_mac,obss-geometry-mac-qualification-p21,21,21088,1,str_mlo_nmaxinflights_1,255f0bb1fafd3d5a718a,1800,1793,7,7,0.0038888888888888888,2719.47,3279124.0,26.084
adaptive,legacy_coexistence,legacy-coexistence-qualification-p23,23,21158,1,distributional_shadow_t2,2631183977625af6b437,1800,1704,96,96,0.05333333333333334,6911.074444444444,4799414.0,27.12896
adaptive,video_workload,video-workload-qualification-p18,18,21108,1,str_mlo_nmaxinflights_1,2854048ea44dc01aa4d5,1440,1426,14,14,0.009722222222222222,3739.5118055555554,3176069.0,27.11632
adaptive,compound_shift,compound-shift-qualification-p19,19,21174,1,score_aware_t2_v2,2899d4686fc955991de0,1800,1318,482,482,0.2677777777777778,15247.134444444444,6965740.0,22.83968
adaptive,compound_shift,compound-shift-qualification-p23,23,21192,1,distributional_shadow_t2,28d2d1fc33755025e00c,1800,91,1709,1709,0.9494444444444444,32431.391111111112,6304986.0,59.00096
adaptive,obss_intensity,obss-intensity-qualification-p22,22,21058,1,score_aware_t2_v2,2af452a911dbb47c8876,1800,1631,169,169,0.09388888888888888,8170.558888888889,5753258.0,44.5674496
adaptive,legacy_coexistence,legacy-coexistence-qualification-p21,21,21152,1,str_mlo_nmaxinflights_1,2b0856af7c6b3a2b5ae3,1800,1773,27,27,0.015,3091.366666666667,2937782.0,22.05072
adaptive,compound_shift,compound-shift-qualification-p17,17,21168,1,score_aware_t2_v2,2bbb803f8bcbdcd87012,1800,1524,276,276,0.15333333333333332,10235.793333333333,4252189.0,29.20288
adaptive,compound_shift,compound-shift-qualification-p21,21,21184,1,str_mlo_nmaxinflights_1,2ce3f32adf6da9440ebd,2700,2071,629,629,0.23296296296296296,9337.91037037037,10423270.0,22.10656
adaptive,compound_shift,compound-shift-qualification-p16,16,21162,1,str_mlo_nmaxinflights_1,2d211e331f6c32909e09,1440,874,566,566,0.39305555555555555,21672.848611111112,6784076.0,39.32896
adaptive,obss_intensity,obss-intensity-qualification-p23,23,21062,1,distributional_shadow_t2,2d8b1e7f19a01d0b7a33,1800,1693,107,107,0.059444444444444446,6096.695,5707878.0,17.9556
adaptive,obss_geometry_mac,obss-geometry-mac-qualification-p22,22,21090,1,distributional_shadow_t2,2dc90bd1ebf78fd55e65,1800,1799,1,1,0.0005555555555555556,1914.6416666666667,3123312.0,26.4848
adaptive,obss_geometry_mac,obss-geometry-mac-qualification-p19,19,21078,1,str_mlo_nmaxinflights_1,2e8e1d76d97a0ba5f1f3,1800,1778,22,22,0.012222222222222223,3652.6022222222223,3511526.0,26.5624
adaptive,obss_intensity,obss-intensity-qualification-p19,19,21048,1,distributional_shadow_t2,2ecd3a31d2dcd299f976,1800,1408,392,392,0.21777777777777776,13159.253333333334,5683324.0,51.78232
adaptive,legacy_coexistence,legacy-coexistence-qualification-p19,19,21142,1,score_aware_t2_v2,2f1704c93fafe182a5aa,1800,1209,591,591,0.3283333333333333,16542.86111111111,6493738.0,25.48656
adaptive,radio_propagation,radio-propagation-qualification-p16,16,21002,1,str_mlo_nmaxinflights_1,3041d170eb0879991f01,1800,1785,15,15,0.008333333333333333,2735.338888888889,3252156.0,26.83184
adaptive,radio_propagation,radio-propagation-qualification-p19,19,21014,1,distributional_shadow_t2,3071b251eaae8b9eed1e,1800,1793,7,7,0.0038888888888888888,2489.0516666666667,3508433.0,27.44464
adaptive,obss_geometry_mac,obss-geometry-mac-qualification-p21,21,21088,1,distributional_shadow_t2,3470abb0ad46820bb0f7,1800,1792,8,8,0.0044444444444444444,2844.615,4049847.0,26.08368
adaptive,video_workload,video-workload-qualification-p19,19,21110,1,score_aware_t2_v2,34a022ad5909ba2168cd,1800,1800,0,0,0.0,2142.1311111111113,3137539.0,26.46736
adaptive,obss_intensity,obss-intensity-qualification-p19,19,21048,1,str_mlo_nmaxinflights_1,34fa3f0801ec75ae74ba,1800,1494,306,306,0.17,10768.957222222221,4203254.0,51.84504
adaptive,compound_shift,compound-shift-qualification-p20,20,21180,1,score_aware_t2_v2,377df17db2739d073bbd,2700,7,2693,2693,0.9974074074074074,22178.84037037037,4298091.0,46.96672
adaptive,compound_shift,compound-shift-qualification-p23,23,21190,1,str_mlo_nmaxinflights_1,38117c675df1acc21454,1800,714,1086,1086,0.6033333333333334,24159.417777777777,7552736.0,66.89744
adaptive,obss_geometry_mac,obss-geometry-mac-qualification-p19,19,21080,1,distributional_shadow_t2,3850712d636c409c00a1,1800,1760,40,40,0.022222222222222223,5641.546666666667,5941875.0,27.68464
adaptive,radio_propagation,radio-propagation-qualification-p20,20,21020,1,str_mlo_nmaxinflights_1,388a3d2142af8fe5c4b5,1800,1207,593,593,0.32944444444444443,18145.262222222223,17912813.0,25.99248
adaptive,compound_shift,compound-shift-qualification-p19,19,21174,1,str_mlo_nmaxinflights_1,39f3328e32c5ab8a7549,1800,1573,227,227,0.12611111111111112,9673.852777777778,5417000.0,22.84528
adaptive,legacy_coexistence,legacy-coexistence-qualification-p17,17,21136,1,score_aware_t2_v2,3a00773db49339a4d012,1800,409,1391,1391,0.7727777777777778,28707.525,10580667.0,27.59664
adaptive,video_workload,video-workload-qualification-p16,16,21100,1,str_mlo_nmaxinflights_1,3a54d055d1a2a8b0a49d,3600,3525,75,75,0.020833333333333332,2473.4958333333334,5029099.0,26.38768
adaptive,legacy_coexistence,legacy-coexistence-qualification-p23,23,21158,1,score_aware_t2_v2,3a830fb883426c90eb0e,1800,1722,78,78,0.043333333333333335,6252.412777777778,4910039.0,27.12944
adaptive,obss_geometry_mac,obss-geometry-mac-qualification-p23,23,21094,1,str_mlo_nmaxinflights_1,3c585fc1a52ab3650b3a,1800,1793,7,7,0.0038888888888888888,2607.34,3167342.0,26.94784
adaptive,radio_propagation,radio-propagation-qualification-p16,16,21004,1,distributional_shadow_t2,3fb5ed4ee1a22cb15952,1800,1785,15,15,0.008333333333333333,3340.04,4156924.0,26.512
adaptive,obss_intensity,obss-intensity-qualification-p21,21,21054,1,distributional_shadow_t2,3fc09fd66913672ed127,1800,1765,35,35,0.019444444444444445,4397.655555555555,4434685.0,38.7118336
adaptive,obss_geometry_mac,obss-geometry-mac-qualification-p17,17,21072,1,distributional_shadow_t2,40d338844e650bb53a06,1800,1798,2,2,0.0011111111111111111,2086.656111111111,3163927.0,25.912
adaptive,compound_shift,compound-shift-qualification-p17,17,21168,1,distributional_shadow_t2,421209837b0a2ce6962c,1800,1555,245,245,0.1361111111111111,9570.202222222222,4629579.0,29.20832
adaptive,compound_shift,compound-shift-qualification-p22,22,21186,1,score_aware_t2_v2,42275215ec839d67094a,1440,1,1439,1439,0.9993055555555556,41641.32638888889,2594951.0,65.62432
adaptive,obss_intensity,obss-intensity-qualification-p18,18,21042,1,score_aware_t2_v2,42411b93fe5343fec1ae,1800,1430,370,370,0.20555555555555555,12974.24111111111,8094955.0,40.1168
adaptive,compound_shift,compound-shift-qualification-p16,16,21162,1,distributional_shadow_t2,447795bc32403bca60ab,1440,287,1153,1153,0.8006944444444445,35875.865277777775,10371140.0,39.29216
adaptive,video_workload,video-workload-qualification-p23,23,21128,1,str_mlo_nmaxinflights_1,4780b16896bf660422e4,1440,1439,1,1,0.0006944444444444445,1341.7701388888888,1162033.0,26.07888
adaptive,radio_propagation,radio-propagation-qualification-p22,22,21026,1,score_aware_t2_v2,48b1f14be366680f6587,1800,1793,7,7,0.0038888888888888888,2810.0994444444445,3195213.0,27.31008
adaptive,obss_intensity,obss-intensity-qualification-p18,18,21044,1,score_aware_t2_v2,4a087e2696838f73f9b7,1800,1578,222,222,0.12333333333333334,9650.342777777778,7322278.0,40.30224
adaptive,compound_shift,compound-shift-qualification-p21,21,21184,1,score_aware_t2_v2,4b0b78e85445f8d6d4fa,2700,1647,1053,1053,0.39,12257.318888888889,10697038.0,22.08592
adaptive,obss_geometry_mac,obss-geometry-mac-qualification-p17,17,21070,1,distributional_shadow_t2,4bfbe1f705698fa06a70,1800,1795,5,5,0.002777777777777778,2655.992777777778,4367938.0,27.30608
adaptive,radio_propagation,radio-propagation-qualification-p17,17,21006,1,str_mlo_nmaxinflights_1,4c157d1f8786bce0978b,1800,883,917,917,0.5094444444444445,22839.461666666666,25170768.0,27.09824
adaptive,legacy_coexistence,legacy-coexistence-qualification-p17,17,21136,1,str_mlo_nmaxinflights_1,4c3a062f70299ece57cc,1800,935,865,865,0.48055555555555557,20847.806111111113,8463759.0,27.78224
adaptive,radio_propagation,radio-propagation-qualification-p19,19,21014,1,score_aware_t2_v2,4cc07a443f1b0e6000ad,1800,1791,9,9,0.005,2618.77,3288264.0,27.44464
adaptive,obss_geometry_mac,obss-geometry-mac-qualification-p19,19,21080,1,score_aware_t2_v2,4e3b9f44bb48e47f6f6e,1800,1744,56,56,0.03111111111111111,6037.717777777778,5566025.0,27.68464
adaptive,obss_intensity,obss-intensity-qualification-p21,21,21054,1,score_aware_t2_v2,4f9a784ee4bbb42caece,1800,1775,25,25,0.013888888888888888,4005.9266666666667,4569634.0,38.7124224
adaptive,video_workload,video-workload-qualification-p21,21,21120,1,distributional_shadow_t2,508f5941a24ee5050483,1800,1787,13,13,0.007222222222222222,3367.822777777778,3840924.0,26.61664
adaptive,compound_shift,compound-shift-qualification-p22,22,21186,1,distributional_shadow_t2,50cee1ef4a3016817260,1440,1,1439,1439,0.9993055555555556,41641.32638888889,2281316.0,65.6032
adaptive,legacy_coexistence,legacy-coexistence-qualification-p19,19,21144,1,score_aware_t2_v2,520107ebfe93b75e8999,1800,1458,342,342,0.19,12088.187777777777,7212204.0,27.18336
adaptive,video_workload,video-workload-qualification-p18,18,21108,1,score_aware_t2_v2,5322a720800f7979e792,1440,1436,4,4,0.002777777777777778,2240.016666666667,2713953.0,27.11872
adaptive,radio_propagation,radio-propagation-qualification-p16,16,21004,1,str_mlo_nmaxinflights_1,54aced23b2b624df77c0,1800,1784,16,16,0.008888888888888889,3170.2516666666666,3563634.0,26.51152
adaptive,obss_intensity,obss-intensity-qualification-p21,21,21056,1,score_aware_t2_v2,55eab541e41cc7520a7c,1800,1762,38,38,0.021111111111111112,4297.747222222222,4020746.0,39.83683413333333
adaptive,radio_propagation,radio-propagation-qualification-p19,19,21014,1,str_mlo_nmaxinflights_1,56752ffe04fa5d66a3f7,1800,1787,13,13,0.007222222222222222,3157.4605555555554,3283645.0,27.44656
adaptive,radio_propagation,radio-propagation-qualification-p19,19,21016,1,score_aware_t2_v2,572404139f8f1fd6853d,1800,1780,20,20,0.011111111111111112,3859.163888888889,4547866.0,27.52304
adaptive,compound_shift,compound-shift-qualification-p18,18,21170,1,score_aware_t2_v2,587efc4daa3a837f9085,1440,1415,25,25,0.017361111111111112,4178.354166666667,2802298.0,40.22
adaptive,radio_propagation,radio-propagation-qualification-p23,23,21030,1,distributional_shadow_t2,588caa34cb106ec323e3,1800,352,1448,1448,0.8044444444444444,29216.18888888889,26613401.0,26.30336
adaptive,obss_intensity,obss-intensity-qualification-p22,22,21060,1,score_aware_t2_v2,595f01324b7e355f70ec,1800,1418,382,382,0.21222222222222223,12320.257222222222,6981348.0,46.749738666666666
adaptive,video_workload,video-workload-qualification-p23,23,21128,1,score_aware_t2_v2,5993d87ab4d9e10b92c5,1440,1440,0,0,0.0,1001.3541666666666,1001179.0,26.07776
adaptive,legacy_coexistence,legacy-coexistence-qualification-p17,17,21136,1,distributional_shadow_t2,5a7a91fd3eb994e4f629,1800,411,1389,1389,0.7716666666666666,28665.353333333333,11490676.0,27.60048
adaptive,radio_propagation,radio-propagation-qualification-p23,23,21030,1,score_aware_t2_v2,5ce59b45bab507a283d5,1800,345,1455,1455,0.8083333333333333,29320.30722222222,25192662.0,26.30272
adaptive,obss_intensity,obss-intensity-qualification-p23,23,21062,1,score_aware_t2_v2,5dae5a0e9b32d88561d8,1800,1691,109,109,0.06055555555555556,6036.78,5706820.0,17.9556
adaptive,obss_geometry_mac,obss-geometry-mac-qualification-p19,19,21078,1,score_aware_t2_v2,5ee708699bd0cda0413d,1800,1773,27,27,0.015,4167.88,4733993.0,26.56624
adaptive,video_workload,video-workload-qualification-p21,21,21118,1,str_mlo_nmaxinflights_1,602635090a9af3fb8df6,1800,1779,21,21,0.011666666666666667,3272.6494444444443,2787320.0,26.4248
adaptive,legacy_coexistence,legacy-coexistence-qualification-p21,21,21150,1,str_mlo_nmaxinflights_1,609cdee579728dc8d597,1800,1613,187,187,0.10388888888888889,8453.256111111112,4667296.0,23.31568
adaptive,obss_intensity,obss-intensity-qualification-p20,20,21052,1,str_mlo_nmaxinflights_1,611f58d8588932015891,1800,56,1744,1744,0.9688888888888889,32783.44111111111,4413638.0,66.0104
adaptive,legacy_coexistence,legacy-coexistence-qualification-p23,23,21160,1,score_aware_t2_v2,61e3a080184de1b1b896,1800,1566,234,234,0.13,9609.245,5497918.0,25.98912
adaptive,legacy_coexistence,legacy-coexistence-qualification-p19,19,21144,1,str_mlo_nmaxinflights_1,634e3b055f92c0c150d6,1800,1668,132,132,0.07333333333333333,6835.636111111111,4430862.0,27.18416
adaptive,obss_geometry_mac,obss-geometry-mac-qualification-p17,17,21072,1,str_mlo_nmaxinflights_1,640e2d12b7af2209bca8,1800,1800,0,0,0.0,1806.9427777777778,2690177.0,25.912
adaptive,obss_geometry_mac,obss-geometry-mac-qualification-p16,16,21068,1,str_mlo_nmaxinflights_1,641566ad5cb0d6e8b52a,1800,1798,2,2,0.0011111111111111111,2136.9394444444442,2948494.0,26.69408
adaptive,radio_propagation,radio-propagation-qualification-p18,18,21012,1,score_aware_t2_v2,6525e7ce8b661eff8f34,1800,1799,1,1,0.0005555555555555556,1519.691111111111,2216475.0,26.63152
adaptive,compound_shift,compound-shift-qualification-p23,23,21192,1,score_aware_t2_v2,676cb4e1baafc24352e3,1800,93,1707,1707,0.9483333333333334,32416.417777777777,5905091.0,58.95936
adaptive,radio_propagation,radio-propagation-qualification-p22,22,21026,1,distributional_shadow_t2,68345777decc544eff4d,1800,1790,10,10,0.005555555555555556,2788.1783333333333,3206524.0,27.31008
adaptive,radio_propagation,radio-propagation-qualification-p19,19,21016,1,distributional_shadow_t2,6af64b24cbd4be262afb,1800,1781,19,19,0.010555555555555556,3963.052222222222,4650200.0,27.52304
adaptive,radio_propagation,radio-propagation-qualification-p21,21,21024,1,score_aware_t2_v2,6b5640811305d0749c23,1800,1668,132,132,0.07333333333333333,7282.443333333334,5949366.0,26.97408
adaptive,obss_intensity,obss-intensity-qualification-p18,18,21044,1,str_mlo_nmaxinflights_1,6caadc231398080ef34d,1800,1646,154,154,0.08555555555555555,7197.104444444444,4593233.0,40.3024
adaptive,video_workload,video-workload-qualification-p22,22,21124,1,str_mlo_nmaxinflights_1,6db82f32867c939f8935,2700,2601,99,99,0.03666666666666667,3803.9948148148146,5826557.0,26.98976
adaptive,video_workload,video-workload-qualification-p19,19,21110,1,str_mlo_nmaxinflights_1,6e0240012991ef02c66f,1800,1793,7,7,0.0038888888888888888,2461.0422222222223,3128948.0,26.468
adaptive,obss_intensity,obss-intensity-qualification-p17,17,21040,1,score_aware_t2_v2,6e59868ee6bf22a876f6,1800,6,1794,1794,0.9966666666666667,33288.68,4997132.0,70.14832
adaptive,obss_geometry_mac,obss-geometry-mac-qualification-p23,23,21096,1,str_mlo_nmaxinflights_1,6e600d036dfb86f748cb,1800,1786,14,14,0.0077777777777777776,2816.5172222222222,3121727.0,27.20448
adaptive,legacy_coexistence,legacy-coexistence-qualification-p21,21,21150,1,score_aware_t2_v2,6e61aa303eff1bd5ef97,1800,1366,434,434,0.2411111111111111,13569.32888888889,5406082.0,26.83808
adaptive,compound_shift,compound-shift-qualification-p17,17,21166,1,score_aware_t2_v2,6ee3f0a10319dc5d8258,1800,1133,667,667,0.3705555555555556,17678.253333333334,7255797.0,29.53456
adaptive,legacy_coexistence,legacy-coexistence-qualification-p16,16,21130,1,str_mlo_nmaxinflights_1,6f542084417f15c3fd7e,1800,1786,14,14,0.0077777777777777776,3353.842777777778,3422408.0,26.35264
adaptive,obss_geometry_mac,obss-geometry-mac-qualification-p22,22,21090,1,str_mlo_nmaxinflights_1,70410c5665609dca90ac,1800,1793,7,7,0.0038888888888888888,2590.3294444444446,3006475.0,26.4848
adaptive,compound_shift,compound-shift-qualification-p19,19,21176,1,distributional_shadow_t2,7236d5a6ca90f5251d76,1800,1413,387,387,0.215,13604.305555555555,6371795.0,22.43552
adaptive,video_workload,video-workload-qualification-p18,18,21108,1,distributional_shadow_t2,753b9f9683737d15ec60,1440,1438,2,2,0.001388888888888889,2170.313888888889,2966567.0,27.11872
adaptive,obss_intensity,obss-intensity-qualification-p16,16,21036,1,distributional_shadow_t2,7655c598cb71f72f395a,1800,1778,22,22,0.012222222222222223,3200.3555555555554,3784134.0,30.48736
adaptive,obss_geometry_mac,obss-geometry-mac-qualification-p22,22,21090,1,score_aware_t2_v2,7693558be40518efee3c,1800,1798,2,2,0.0011111111111111111,2033.0455555555557,2877478.0,26.4848
adaptive,radio_propagation,radio-propagation-qualification-p19,19,21016,1,str_mlo_nmaxinflights_1,76ade7cfc8ffa2215788,1800,1789,11,11,0.006111111111111111,3057.5955555555556,3198669.0,27.5272
adaptive,obss_intensity,obss-intensity-qualification-p23,23,21064,1,score_aware_t2_v2,7812130686952bfc5f37,1800,1699,101,101,0.05611111111111111,5312.743888888889,4893964.0,17.64592
adaptive,obss_geometry_mac,obss-geometry-mac-qualification-p22,22,21092,1,score_aware_t2_v2,7990469e947015d17234,1800,1783,17,17,0.009444444444444445,3019.512777777778,4108247.0,26.06784
adaptive,compound_shift,compound-shift-qualification-p16,16,21164,1,distributional_shadow_t2,7b3130fb9f3d9b9d8caf,1440,123,1317,1317,0.9145833333333333,39574.5,9118158.0,38.76192
adaptive,obss_intensity,obss-intensity-qualification-p17,17,21038,1,score_aware_t2_v2,7c917e8a48f286a83088,1800,93,1707,1707,0.9483333333333334,32488.105555555554,9311006.0,75.00896
adaptive,radio_propagation,radio-propagation-qualification-p21,21,21022,1,str_mlo_nmaxinflights_1,7dd72b7f44cbec90df30,1800,1784,16,16,0.008888888888888889,2812.4366666666665,3487146.0,21.94096
adaptive,obss_geometry_mac,obss-geometry-mac-qualification-p19,19,21080,1,str_mlo_nmaxinflights_1,7f082dbf135cc04bf18e,1800,1738,62,62,0.034444444444444444,5897.072222222222,4649749.0,27.68592
adaptive,compound_shift,compound-shift-qualification-p21,21,21182,1,distributional_shadow_t2,813365e65ed647df2775,2700,1862,838,838,0.31037037037037035,11073.816296296296,11499338.0,22.15104
adaptive,video_workload,video-workload-qualification-p19,19,21112,1,distributional_shadow_t2,818eec135c808a90b8df,1800,1798,2,2,0.0011111111111111111,1996.175,3045675.0,26.42576
adaptive,obss_geometry_mac,obss-geometry-mac-qualification-p18,18,21074,1,str_mlo_nmaxinflights_1,81f8c38a44d1840e18c2,1800,1780,20,20,0.011111111111111112,3391.4155555555553,3679452.0,26.28144
adaptive,obss_geometry_mac,obss-geometry-mac-qualification-p23,23,21096,1,score_aware_t2_v2,82c4e752b45487a94328,1800,1788,12,12,0.006666666666666667,3014.3088888888888,3768968.0,27.20448
adaptive,radio_propagation,radio-propagation-qualification-p23,23,21030,1,str_mlo_nmaxinflights_1,841362489d8098a357fb,1800,1153,647,647,0.35944444444444446,18913.164444444443,16076947.0,26.31024
adaptive,compound_shift,compound-shift-qualification-p21,21,21184,1,distributional_shadow_t2,879e9fc3e29f0aa866bb,2700,1804,896,896,0.33185185185185184,11397.058888888889,11347592.0,22.08592
adaptive,obss_geometry_mac,obss-geometry-mac-qualification-p20,20,21084,1,str_mlo_nmaxinflights_1,87a6c488ef28f898a253,1800,1741,59,59,0.03277777777777778,5983.901111111111,5120970.0,26.7408
adaptive,obss_geometry_mac,obss-geometry-mac-qualification-p16,16,21066,1,str_mlo_nmaxinflights_1,87d32a3df388454565a2,1800,1759,41,41,0.02277777777777778,4621.410555555555,4219537.0,26.52448
adaptive,radio_propagation,radio-propagation-qualification-p16,16,21004,1,score_aware_t2_v2,887ad30559858fb2f794,1800,1785,15,15,0.008333333333333333,3466.8527777777776,4122584.0,26.512
adaptive,obss_intensity,obss-intensity-qualification-p22,22,21060,1,distributional_shadow_t2,88a17f1a3c30b8922107,1800,1434,366,366,0.20333333333333334,11857.953333333333,7093876.0,46.7454208
adaptive,compound_shift,compound-shift-qualification-p23,23,21190,1,distributional_shadow_t2,88bd46876c06f62629c1,1800,591,1209,1209,0.6716666666666666,25964.216666666667,6666190.0,68.01424
adaptive,obss_intensity,obss-intensity-qualification-p19,19,21046,1,score_aware_t2_v2,89398c378028e73585e8,1800,673,1127,1127,0.6261111111111111,25674.854444444445,13029805.0,51.6328
adaptive,obss_geometry_mac,obss-geometry-mac-qualification-p21,21,21086,1,score_aware_t2_v2,8a4fe94d7c21202f5661,1800,1747,53,53,0.029444444444444443,5365.476111111111,5717041.0,26.30048
adaptive,compound_shift,compound-shift-qualification-p18,18,21170,1,distributional_shadow_t2,8ad6900ef62fbb1819da,1440,1399,41,41,0.02847222222222222,4941.232638888889,2636712.0,40.2184
adaptive,radio_propagation,radio-propagation-qualification-p23,23,21032,1,score_aware_t2_v2,8b0c9306600c65ba522b,1800,651,1149,1149,0.6383333333333333,25725.12,20330566.0,26.71616
adaptive,compound_shift,compound-shift-qualification-p16,16,21162,1,score_aware_t2_v2,8bde60c8456caf91a4f6,1440,183,1257,1257,0.8729166666666667,38306.89236111111,9724729.0,39.2776
adaptive,compound_shift,compound-shift-qualification-p18,18,21172,1,score_aware_t2_v2,8beae31bd8e9a3d49e73,1440,1404,36,36,0.025,4592.194444444444,3490580.0,39.8872
adaptive,video_workload,video-workload-qualification-p19,19,21112,1,score_aware_t2_v2,8dd26ff1bf2977ba6d3d,1800,1795,5,5,0.002777777777777778,2083.905,2699541.0,26.42576
adaptive,obss_geometry_mac,obss-geometry-mac-qualification-p18,18,21076,1,score_aware_t2_v2,8e94923bc4cb23bb2a1a,1800,1776,24,24,0.013333333333333334,3158.1,4576320.0,26.26944
adaptive,video_workload,video-workload-qualification-p22,22,21124,1,distributional_shadow_t2,8ee8a98e028af47970f9,2700,2503,197,197,0.07296296296296297,5525.888518518518,8219963.0,26.98624
adaptive,radio_propagation,radio-propagation-qualification-p20,20,21018,1,distributional_shadow_t2,8f2b06201f8abb0572f2,1800,1576,224,224,0.12444444444444444,10899.96,9980360.0,26.61904
adaptive,obss_geometry_mac,obss-geometry-mac-qualification-p22,22,21092,1,str_mlo_nmaxinflights_1,90c2709f7d805f8486bd,1800,1791,9,9,0.005,2439.17,3099603.0,26.06784
adaptive,compound_shift,compound-shift-qualification-p20,20,21178,1,str_mlo_nmaxinflights_1,91b0086ba4d9ff34f73a,2700,132,2568,2568,0.9511111111111111,21627.210740740742,21734576.0,48.99392
adaptive,video_workload,video-workload-qualification-p22,22,21124,1,score_aware_t2_v2,924345fd74a93e443b5f,2700,2479,221,221,0.08185185185185186,5529.293703703704,8229272.0,26.98416
adaptive,compound_shift,compound-shift-qualification-p17,17,21166,1,distributional_shadow_t2,94198478a69cfb8a2420,1800,1207,593,593,0.32944444444444443,16543.047222222223,7455921.0,29.5368
adaptive,legacy_coexistence,legacy-coexistence-qualification-p19,19,21142,1,str_mlo_nmaxinflights_1,95e6bbbd821ff087778e,1800,1591,209,209,0.11611111111111111,8459.068888888889,4976916.0,25.49328
adaptive,legacy_coexistence,legacy-coexistence-qualification-p16,16,21130,1,score_aware_t2_v2,974c68b607b266c8ca57,1800,1786,14,14,0.0077777777777777776,3366.1133333333332,3843807.0,26.35408
adaptive,obss_intensity,obss-intensity-qualification-p21,21,21056,1,str_mlo_nmaxinflights_1,9929c7ab3e839f86c589,1800,1744,56,56,0.03111111111111111,5473.48,3948363.0,39.83604906666667
adaptive,compound_shift,compound-shift-qualification-p18,18,21172,1,str_mlo_nmaxinflights_1,998f8a833e6fae7c3bb7,1440,1394,46,46,0.03194444444444444,4270.118055555556,2886173.0,39.87584
adaptive,legacy_coexistence,legacy-coexistence-qualification-p20,20,21146,1,str_mlo_nmaxinflights_1,9abd6fd8edf2ff27be42,1800,1677,123,123,0.06833333333333333,6249.81,4128330.0,26.78528
adaptive,obss_intensity,obss-intensity-qualification-p20,20,21050,1,distributional_shadow_t2,9ae24aafcd23a8b56250,1800,163,1637,1637,0.9094444444444445,31491.865,6937784.0,75.61824
adaptive,obss_intensity,obss-intensity-qualification-p23,23,21062,1,str_mlo_nmaxinflights_1,9cde30a6b66f3182cc22,1800,1720,80,80,0.044444444444444446,4928.468333333333,4165471.0,17.9536
adaptive,legacy_coexistence,legacy-coexistence-qualification-p22,22,21156,1,distributional_shadow_t2,9d28328f4ec6acdf3904,1800,95,1705,1705,0.9472222222222222,32358.41,9263786.0,26.44112
adaptive,legacy_coexistence,legacy-coexistence-qualification-p23,23,21160,1,str_mlo_nmaxinflights_1,9da2fd4158f964506b62,1800,1678,122,122,0.06777777777777778,7301.775,4966353.0,26.00864
adaptive,compound_shift,compound-shift-qualification-p18,18,21172,1,distributional_shadow_t2,9eb97f1b0a06a559ba95,1440,1390,50,50,0.034722222222222224,5144.840972222222,3239717.0,39.88544
adaptive,radio_propagation,radio-propagation-qualification-p17,17,21006,1,distributional_shadow_t2,9ef83bb601b72a681513,1800,384,1416,1416,0.7866666666666666,28443.195555555554,35678852.0,27.09536
adaptive,video_workload,video-workload-qualification-p21,21,21118,1,distributional_shadow_t2,9f301d0efaa1f20a673c,1800,1783,17,17,0.009444444444444445,3158.9055555555556,3622248.0,26.42656
adaptive,legacy_coexistence,legacy-coexistence-qualification-p17,17,21134,1,distributional_shadow_t2,a074be21c022d47181e3,1800,1434,366,366,0.20333333333333334,13189.353333333333,5289443.0,26.63472
adaptive,obss_intensity,obss-intensity-qualification-p18,18,21042,1,str_mlo_nmaxinflights_1,a07f81e70c8d75abc7a1,1800,1604,196,196,0.10888888888888888,9084.486666666666,5668849.0,40.1248
adaptive,video_workload,video-workload-qualification-p16,16,21098,1,str_mlo_nmaxinflights_1,a1f1ec17bf847e7aa3ef,3600,3475,125,125,0.034722222222222224,3000.1447222222223,5245126.0,26.43936
adaptive,compound_shift,compound-shift-qualification-p19,19,21176,1,str_mlo_nmaxinflights_1,a250e6aaeff141bb36c4,1800,1684,116,116,0.06444444444444444,6229.502222222222,4492379.0,22.44368
adaptive,legacy_coexistence,legacy-coexistence-qualification-p18,18,21140,1,score_aware_t2_v2,a2cee9deb75ae20e30a4,1800,1144,656,656,0.36444444444444446,17887.32888888889,8122356.0,26.86544
adaptive,radio_propagation,radio-propagation-qualification-p20,20,21020,1,score_aware_t2_v2,a3cc48d923f41dd5f3a4,1800,815,985,985,0.5472222222222223,23056.280555555557,24525223.0,25.98544
adaptive,obss_intensity,obss-intensity-qualification-p20,20,21050,1,str_mlo_nmaxinflights_1,a412ef765aef8fdda67e,1800,266,1534,1534,0.8522222222222222,30367.400555555556,5399807.0,75.35136
adaptive,video_workload,video-workload-qualification-p16,16,21098,1,distributional_shadow_t2,a57ef6216e4593ea6a6c,3600,3474,126,126,0.035,3119.8433333333332,6150898.0,26.43696
adaptive,obss_geometry_mac,obss-geometry-mac-qualification-p20,20,21082,1,distributional_shadow_t2,a804cc6b8f4de72281d1,1800,1731,69,69,0.03833333333333333,5656.787222222222,6090383.0,26.53296
adaptive,compound_shift,compound-shift-qualification-p21,21,21182,1,score_aware_t2_v2,a874aa90230fd7b0930d,2700,1755,945,945,0.35,11784.222592592592,11032862.0,22.15008
adaptive,legacy_coexistence,legacy-coexistence-qualification-p20,20,21148,1,distributional_shadow_t2,a88076779d327a9e6188,1800,1789,11,11,0.006111111111111111,2721.003888888889,3146874.0,25.7168
adaptive,radio_propagation,radio-propagation-qualification-p23,23,21032,1,str_mlo_nmaxinflights_1,aa181249cfc0fa631470,1800,885,915,915,0.5083333333333333,23427.082777777778,23914836.0,26.728
adaptive,legacy_coexistence,legacy-coexistence-qualification-p20,20,21148,1,score_aware_t2_v2,aa75b302918c8fe7a3ee,1800,1789,11,11,0.006111111111111111,2804.5605555555558,3110663.0,25.7168
adaptive,obss_intensity,obss-intensity-qualification-p20,20,21052,1,score_aware_t2_v2,ab3ee4680d9855b4e3ad,1800,14,1786,1786,0.9922222222222222,33215.34611111111,3285634.0,65.6916
adaptive,obss_intensity,obss-intensity-qualification-p20,20,21052,1,distributional_shadow_t2,ab7d8663b23f36c2a410,1800,10,1790,1790,0.9944444444444445,33246.473333333335,3385830.0,65.53904
adaptive,legacy_coexistence,legacy-coexistence-qualification-p17,17,21134,1,score_aware_t2_v2,abc9865dc43939c8f26d,1800,1390,410,410,0.22777777777777777,13701.334444444445,5204223.0,26.6376
adaptive,legacy_coexistence,legacy-coexistence-qualification-p18,18,21138,1,distributional_shadow_t2,abcbb99a2634771b4136,1800,1299,501,501,0.2783333333333333,16068.087222222222,7045988.0,25.5976
adaptive,radio_propagation,radio-propagation-qualification-p20,20,21020,1,distributional_shadow_t2,abcd11b7c4c00dd59286,1800,919,881,881,0.48944444444444446,21637.671666666665,25557997.0,25.98672
adaptive,radio_propagation,radio-propagation-qualification-p21,21,21024,1,distributional_shadow_t2,adcd15748036c9991b34,1800,1723,77,77,0.042777777777777776,6071.692222222222,6131576.0,26.97408
adaptive,legacy_coexistence,legacy-coexistence-qualification-p18,18,21138,1,score_aware_t2_v2,ae315435a50207486cc9,1800,1263,537,537,0.29833333333333334,16742.818888888887,7065145.0,25.6
adaptive,obss_geometry_mac,obss-geometry-mac-qualification-p16,16,21066,1,score_aware_t2_v2,af0b7e4e400715927250,1800,1764,36,36,0.02,4376.08,4627900.0,26.52416
adaptive,radio_propagation,radio-propagation-qualification-p22,22,21028,1,distributional_shadow_t2,af8e7a9fc104052c805f,1800,1799,1,1,0.0005555555555555556,2057.4005555555555,2771640.0,27.09568
adaptive,radio_propagation,radio-propagation-qualification-p17,17,21008,1,distributional_shadow_t2,b0672f2f2f095eece243,1800,1205,595,595,0.33055555555555555,18639.056111111113,18669588.0,26.32688
adaptive,obss_geometry_mac,obss-geometry-mac-qualification-p16,16,21068,1,distributional_shadow_t2,b1123c53ce72e0d10ea1,1800,1796,4,4,0.0022222222222222222,1886.3683333333333,2889454.0,26.69488
adaptive,video_workload,video-workload-qualification-p18,18,21106,1,score_aware_t2_v2,b1580aacbb19c06d07ad,1440,1425,15,15,0.010416666666666666,4787.5368055555555,4356183.0,27.52032
adaptive,compound_shift,compound-shift-qualification-p23,23,21192,1,str_mlo_nmaxinflights_1,b22b5e9aad169fa4584c,1800,257,1543,1543,0.8572222222222222,30508.852222222224,13225774.0,61.90992
adaptive,obss_geometry_mac,obss-geometry-mac-qualification-p18,18,21076,1,str_mlo_nmaxinflights_1,b329833fcf8d20b36c68,1800,1795,5,5,0.002777777777777778,2595.037222222222,3448694.0,26.27424
adaptive,obss_geometry_mac,obss-geometry-mac-qualification-p20,20,21084,1,score_aware_t2_v2,b4c90543141f85e5774e,1800,1734,66,66,0.03666666666666667,6179.188888888889,6062650.0,26.7408
adaptive,compound_shift,compound-shift-qualification-p21,21,21182,1,str_mlo_nmaxinflights_1,b4d1896540fddabb669e,2700,2258,442,442,0.1637037037037037,7334.826666666667,7209755.0,22.14992
adaptive,obss_geometry_mac,obss-geometry-mac-qualification-p23,23,21094,1,score_aware_t2_v2,b4fdf4f214c95b5c0c3b,1800,1795,5,5,0.002777777777777778,2277.3055555555557,3212920.0,26.94784
adaptive,radio_propagation,radio-propagation-qualification-p17,17,21008,1,str_mlo_nmaxinflights_1,b67b1e46d3e443d419f3,1800,1395,405,405,0.225,14634.693888888889,13634354.0,26.33152
adaptive,compound_shift,compound-shift-qualification-p20,20,21180,1,distributional_shadow_t2,b9086c682b24be088d37,2700,2,2698,2698,0.9992592592592593,22207.997037037036,5135883.0,46.9592
adaptive,obss_geometry_mac,obss-geometry-mac-qualification-p23,23,21094,1,distributional_shadow_t2,beb3b4d38d55957eb200,1800,1797,3,3,0.0016666666666666668,2172.0705555555555,3446204.0,26.94784
adaptive,radio_propagation,radio-propagation-qualification-p21,21,21022,1,score_aware_t2_v2,bf805e5d1f684ee82d6c,1800,1751,49,49,0.02722222222222222,5405.993888888889,5741687.0,25.34784
adaptive,obss_intensity,obss-intensity-qualification-p19,19,21046,1,distributional_shadow_t2,c02f78fe97c978c98e7a,1800,711,1089,1089,0.605,25355.681666666667,13989223.0,51.64352
adaptive,radio_propagation,radio-propagation-qualification-p23,23,21032,1,distributional_shadow_t2,c2869eb0eb429c87b7f9,1800,700,1100,1100,0.6111111111111112,25090.825555555555,23460577.0,26.71712
adaptive,obss_geometry_mac,obss-geometry-mac-qualification-p21,21,21088,1,score_aware_t2_v2,c2dd6c0fc43248f15d43,1800,1788,12,12,0.006666666666666667,3116.7083333333335,3875844.0,26.08352
adaptive,radio_propagation,radio-propagation-qualification-p18,18,21010,1,distributional_shadow_t2,c4b65e5f2607b0ca05d3,1800,1792,8,8,0.0044444444444444444,2347.545,3253066.0,26.96832
adaptive,video_workload,video-workload-qualification-p17,17,21102,1,score_aware_t2_v2,c4dfd41dbaa75859345c,3600,3346,254,254,0.07055555555555555,4362.966388888889,9203591.0,26.89792
adaptive,legacy_coexistence,legacy-coexistence-qualification-p21,21,21152,1,distributional_shadow_t2,c58dfaf440ad82caf57e,1800,1657,143,143,0.07944444444444444,8053.376666666667,4467807.0,26.72928
adaptive,legacy_coexistence,legacy-coexistence-qualification-p16,16,21130,1,distributional_shadow_t2,c6f07b8b50e5be463117,1800,1790,10,10,0.005555555555555556,3315.1838888888888,3938855.0,26.3544
adaptive,legacy_coexistence,legacy-coexistence-qualification-p16,16,21132,1,score_aware_t2_v2,c7cb71c43d4f202433b5,1800,1715,85,85,0.04722222222222222,4307.514444444444,4926596.0,26.82608
adaptive,video_workload,video-workload-qualification-p17,17,21102,1,distributional_shadow_t2,cb243e5e61df74f96997,3600,3325,275,275,0.0763888888888889,4560.385277777777,9005924.0,26.89792
adaptive,video_workload,video-workload-qualification-p20,20,21114,1,score_aware_t2_v2,cc854549794d393b0612,2700,2700,0,0,0.0,1088.0637037037036,2241673.0,26.10704
adaptive,radio_propagation,radio-propagation-qualification-p16,16,21002,1,score_aware_t2_v2,ce9a02b86b576361595b,1800,1778,22,22,0.012222222222222223,3224.677222222222,3925388.0,26.83152
adaptive,obss_geometry_mac,obss-geometry-mac-qualification-p16,16,21066,1,distributional_shadow_t2,cf60df6bc56d4148771f,1800,1769,31,31,0.017222222222222222,4130.413333333333,4826875.0,26.52416
adaptive,radio_propagation,radio-propagation-qualification-p17,17,21006,1,score_aware_t2_v2,cf70210fe7e8854d1629,1800,317,1483,1483,0.8238888888888889,29311.602222222224,35396367.0,27.09552
adaptive,video_workload,video-workload-qualification-p20,20,21114,1,distributional_shadow_t2,cfa2a239afe410092961,2700,2700,0,0,0.0,1062.954074074074,2376501.0,26.10752
adaptive,legacy_coexistence,legacy-coexistence-qualification-p22,22,21156,1,str_mlo_nmaxinflights_1,d00afd57d00384a58f03,1800,137,1663,1663,0.9238888888888889,32185.299444444445,14611024.0,26.32976
adaptive,radio_propagation,radio-propagation-qualification-p18,18,21010,1,score_aware_t2_v2,d0db4138f1a7706b50c7,1800,1791,9,9,0.005,2455.8133333333335,3053332.0,26.96832
adaptive,radio_propagation,radio-propagation-qualification-p18,18,21012,1,str_mlo_nmaxinflights_1,d102cfcf8636135567e3,1800,1799,1,1,0.0005555555555555556,1588.24,2220744.0,26.63344
adaptive,obss_geometry_mac,obss-geometry-mac-qualification-p19,19,21078,1,distributional_shadow_t2,d2930731b4ccd2585f4b,1800,1749,51,51,0.028333333333333332,4767.665555555555,4607121.0,26.56544
adaptive,obss_intensity,obss-intensity-qualification-p18,18,21042,1,distributional_shadow_t2,d2a5491b8175643541d8,1800,1476,324,324,0.18,12097.677222222223,8453353.0,40.11568
adaptive,compound_shift,compound-shift-qualification-p16,16,21164,1,str_mlo_nmaxinflights_1,d2e668560053a30f5780,1440,433,1007,1007,0.6993055555555555,33500.52222222222,12431607.0,39.7176
adaptive,radio_propagation,radio-propagation-qualification-p18,18,21012,1,distributional_shadow_t2,d39c03726a1f8d1cc7ea,1800,1799,1,1,0.0005555555555555556,1496.5905555555555,2278466.0,26.63152
adaptive,obss_intensity,obss-intensity-qualification-p17,17,21040,1,str_mlo_nmaxinflights_1,d6eb8327f96f8c21474f,1800,350,1450,1450,0.8055555555555556,29012.865555555556,6628316.0,71.04928
adaptive,compound_shift,compound-shift-qualification-p20,20,21178,1,score_aware_t2_v2,d7122c9025cce7a2e070,2700,160,2540,2540,0.9407407407407408,21428.98888888889,10228044.0,49.08976
adaptive,video_workload,video-workload-qualification-p22,22,21122,1,distributional_shadow_t2,d778c33b9d0ebf85b8b5,2700,2627,73,73,0.027037037037037037,4038.658148148148,6300413.0,26.2152
adaptive,legacy_coexistence,legacy-coexistence-qualification-p19,19,21144,1,distributional_shadow_t2,d7b41c02d28c36f5ef4d,1800,1455,345,345,0.19166666666666668,12372.485555555555,7160345.0,27.1768
adaptive,obss_geometry_mac,obss-geometry-mac-qualification-p18,18,21076,1,distributional_shadow_t2,d7d7c3a3d66e2878b56b,1800,1782,18,18,0.01,2968.286111111111,4666382.0,26.26944
adaptive,obss_intensity,obss-intensity-qualification-p23,23,21064,1,distributional_shadow_t2,d8e2bba755557d6ecf13,1800,1696,104,104,0.057777777777777775,5409.866111111111,4913187.0,17.64576
adaptive,obss_intensity,obss-intensity-qualification-p20,20,21050,1,score_aware_t2_v2,da0e3095fc9715645552,1800,202,1598,1598,0.8877777777777778,31062.27111111111,6702776.0,75.80528
adaptive,obss_intensity,obss-intensity-qualification-p16,16,21034,1,score_aware_t2_v2,da8386485a2131e4dcfb,1800,1747,53,53,0.029444444444444443,3871.0,3728640.0,30.43488
adaptive,radio_propagation,radio-propagation-qualification-p18,18,21010,1,str_mlo_nmaxinflights_1,da8a9e627e72783f8b97,1800,1792,8,8,0.0044444444444444444,2568.2544444444443,2951747.0,26.97024
adaptive,radio_propagation,radio-propagation-qualification-p22,22,21026,1,str_mlo_nmaxinflights_1,daae31ba4dfb49706b20,1800,1796,4,4,0.0022222222222222222,2182.8922222222222,2425677.0,27.3096
adaptive,radio_propagation,radio-propagation-qualification-p17,17,21008,1,score_aware_t2_v2,dba8a8b045d115fb07c4,1800,1135,665,665,0.36944444444444446,19630.071111111112,18214601.0,26.32576
adaptive,video_workload,video-workload-qualification-p17,17,21104,1,score_aware_t2_v2,dc8ea09c96deaf25d4fd,3600,3287,313,313,0.08694444444444445,4802.735555555556,9358212.0,25.99632
adaptive,legacy_coexistence,legacy-coexistence-qualification-p22,22,21154,1,str_mlo_nmaxinflights_1,dc9356634443e56a9028,1800,278,1522,1522,0.8455555555555555,30221.786666666667,11057900.0,26.21072
adaptive,obss_intensity,obss-intensity-qualification-p17,17,21038,1,distributional_shadow_t2,dcdcad20634e304c975f,1800,106,1694,1694,0.9411111111111111,32334.72888888889,9881406.0,74.93856
adaptive,obss_intensity,obss-intensity-qualification-p16,16,21034,1,distributional_shadow_t2,dcdf2094f2e94a72d8a8,1800,1770,30,30,0.016666666666666666,3404.18,4081783.0,30.43472
adaptive,radio_propagation,radio-propagation-qualification-p20,20,21018,1,score_aware_t2_v2,dd69c168ddde46e7ad20,1800,1518,282,282,0.15666666666666668,11824.443333333333,8720119.0,26.6192
adaptive,obss_geometry_mac,obss-geometry-mac-qualification-p18,18,21074,1,distributional_shadow_t2,de5c184351890c3283c3,1800,1754,46,46,0.025555555555555557,4353.688888888889,4521581.0,26.28144
adaptive,video_workload,video-workload-qualification-p22,22,21122,1,score_aware_t2_v2,df177f2c404ef0079cb8,2700,2628,72,72,0.02666666666666667,3996.755925925926,6274187.0,26.21616
adaptive,radio_propagation,radio-propagation-qualification-p22,22,21028,1,str_mlo_nmaxinflights_1,dfe47bfd98d62b0e2d49,1800,1800,0,0,0.0,1888.3944444444444,2443464.0,27.09648
adaptive,obss_intensity,obss-intensity-qualification-p22,22,21058,1,distributional_shadow_t2,e03da4aa6691954e0391,1800,1632,168,168,0.09333333333333334,8035.941111111111,6081499.0,44.56705706666667
adaptive,video_workload,video-workload-qualification-p21,21,21118,1,score_aware_t2_v2,e0e29c13f16116a718d4,1800,1786,14,14,0.0077777777777777776,3160.1766666666667,3567588.0,26.42656
adaptive,video_workload,video-workload-qualification-p19,19,21110,1,distributional_shadow_t2,e36f9bad1c21c04eb841,1800,1800,0,0,0.0,2080.3716666666664,3332844.0,26.46736
adaptive,video_workload,video-workload-qualification-p20,20,21116,1,score_aware_t2_v2,e3ecc020eca7ce2aa8a6,2700,2693,7,7,0.0025925925925925925,1742.49,3389742.0,26.31488
adaptive,obss_intensity,obss-intensity-qualification-p17,17,21038,1,str_mlo_nmaxinflights_1,e4350c59750f6772c0df,1800,253,1547,1547,0.8594444444444445,30445.088888888888,11139884.0,75.45312
adaptive,legacy_coexistence,legacy-coexistence-qualification-p22,22,21156,1,score_aware_t2_v2,e43d92f9bf63d442fb0f,1800,89,1711,1711,0.9505555555555556,32440.56,8824017.0,26.42688
adaptive,obss_intensity,obss-intensity-qualification-p21,21,21054,1,str_mlo_nmaxinflights_1,e54821136d3b35c3c676,1800,1773,27,27,0.015,3877.7205555555556,3514082.0,38.716151466666666
adaptive,compound_shift,compound-shift-qualification-p17,17,21168,1,str_mlo_nmaxinflights_1,e7814685c423d3812f1f,1800,1722,78,78,0.043333333333333335,4963.648888888889,3465665.0,29.21312
adaptive,video_workload,video-workload-qualification-p23,23,21128,1,distributional_shadow_t2,e96b809dce5a428a0f91,1440,1440,0,0,0.0,962.7243055555556,1115376.0,26.07776
adaptive,legacy_coexistence,legacy-coexistence-qualification-p23,23,21158,1,str_mlo_nmaxinflights_1,ea883351c3e7c26e0565,1800,1741,59,59,0.03277777777777778,5188.0038888888885,3867608.0,27.11952
adaptive,legacy_coexistence,legacy-coexistence-qualification-p16,16,21132,1,distributional_shadow_t2,eaa5185156e3a4b9fad7,1800,1770,30,30,0.016666666666666666,3611.818333333333,5847917.0,26.82608
adaptive,legacy_coexistence,legacy-coexistence-qualification-p18,18,21140,1,distributional_shadow_t2,eb9e9bb91809ee2a6ba8,1800,1105,695,695,0.3861111111111111,18690.79388888889,7967818.0,26.86416
adaptive,obss_intensity,obss-intensity-qualification-p16,16,21036,1,score_aware_t2_v2,ec44fc035f053c494778,1800,1779,21,21,0.011666666666666667,3185.318888888889,3742144.0,30.48576
adaptive,video_workload,video-workload-qualification-p20,20,21116,1,distributional_shadow_t2,ecc6b8c923aecf04850e,2700,2696,4,4,0.0014814814814814814,1651.9222222222222,3587784.0,26.31488
adaptive,obss_intensity,obss-intensity-qualification-p22,22,21058,1,str_mlo_nmaxinflights_1,edcfaff87e3da229827c,1800,1659,141,141,0.07833333333333334,7409.920555555555,4477924.0,44.55469226666666
adaptive,obss_intensity,obss-intensity-qualification-p16,16,21034,1,str_mlo_nmaxinflights_1,ee25fb8aab9597fb096e,1800,1768,32,32,0.017777777777777778,3730.6016666666665,3596056.0,30.46176
adaptive,compound_shift,compound-shift-qualification-p17,17,21166,1,str_mlo_nmaxinflights_1,ee471ebb82b01e2b1001,1800,1607,193,193,0.10722222222222222,7938.857222222222,4605807.0,29.56128
adaptive,video_workload,video-workload-qualification-p16,16,21100,1,distributional_shadow_t2,f0cbbb1cb1f7d2088707,3600,3464,136,136,0.03777777777777778,3185.2838888888887,6809756.0,26.37712
adaptive,video_workload,video-workload-qualification-p17,17,21104,1,distributional_shadow_t2,f1088707db82c5af94a8,3600,3353,247,247,0.06861111111111111,4560.963611111111,9615522.0,25.99632
adaptive,legacy_coexistence,legacy-coexistence-qualification-p19,19,21142,1,distributional_shadow_t2,f1dbff019f27990d77bd,1800,1268,532,532,0.29555555555555557,15526.24111111111,7010493.0,25.48128
adaptive,obss_geometry_mac,obss-geometry-mac-qualification-p17,17,21070,1,str_mlo_nmaxinflights_1,f47f1c9148121a7c13c7,1800,1796,4,4,0.0022222222222222222,2933.222222222222,3665414.0,27.30608
adaptive,legacy_coexistence,legacy-coexistence-qualification-p21,21,21152,1,score_aware_t2_v2,f4ae540bcf810038eb31,1800,1671,129,129,0.07166666666666667,7487.777777777777,4615785.0,26.72688
adaptive,video_workload,video-workload-qualification-p23,23,21126,1,distributional_shadow_t2,f54593efa07098117523,1440,1439,1,1,0.0006944444444444445,1706.8368055555557,1984317.0,25.83664
adaptive,obss_geometry_mac,obss-geometry-mac-qualification-p20,20,21082,1,str_mlo_nmaxinflights_1,f65397dd985e8f3cd5c9,1800,1759,41,41,0.02277777777777778,4708.499444444445,4216614.0,26.53584
adaptive,obss_geometry_mac,obss-geometry-mac-qualification-p16,16,21068,1,score_aware_t2_v2,f7f600b9a80847f00882,1800,1795,5,5,0.002777777777777778,1950.216111111111,2595341.0,26.69488
adaptive,obss_geometry_mac,obss-geometry-mac-qualification-p21,21,21086,1,distributional_shadow_t2,f806c28dcabc760b7e82,1800,1756,44,44,0.024444444444444446,5123.231111111111,5829309.0,26.3008
adaptive,video_workload,video-workload-qualification-p16,16,21100,1,score_aware_t2_v2,f82456433a6987e7e9c0,3600,3431,169,169,0.04694444444444444,3310.2341666666666,6640924.0,26.37872
adaptive,video_workload,video-workload-qualification-p23,23,21126,1,str_mlo_nmaxinflights_1,f8c7e24d175a567d780b,1440,1433,7,7,0.004861111111111111,1932.2895833333334,1482557.0,25.8416
adaptive,compound_shift,compound-shift-qualification-p19,19,21174,1,distributional_shadow_t2,f937fcde59b002be91b2,1800,1355,445,445,0.24722222222222223,14868.490555555556,7590509.0,22.83968
adaptive,compound_shift,compound-shift-qualification-p16,16,21164,1,score_aware_t2_v2,fa4a173beb9565dccd0e,1440,66,1374,1374,0.9541666666666667,40545.873611111114,7991934.0,39.54464
adaptive,obss_geometry_mac,obss-geometry-mac-qualification-p21,21,21086,1,str_mlo_nmaxinflights_1,fb466d2f17f19f028399,1800,1745,55,55,0.030555555555555555,5147.654444444444,4283630.0,26.30464
adaptive,legacy_coexistence,legacy-coexistence-qualification-p20,20,21148,1,str_mlo_nmaxinflights_1,fc3fa5e02b726079069c,1800,1798,2,2,0.0011111111111111111,1945.0483333333334,2384895.0,25.72064
adaptive,obss_intensity,obss-intensity-qualification-p17,17,21040,1,distributional_shadow_t2,fc736cd15edab18ec484,1800,1,1799,1799,0.9994444444444445,33326.217777777776,5146418.0,69.84752
adaptive,video_workload,video-workload-qualification-p17,17,21104,1,str_mlo_nmaxinflights_1,fd4205559a7fc1f965b9,3600,3414,186,186,0.051666666666666666,4207.723055555555,7881491.0,25.99568
adaptive,radio_propagation,radio-propagation-qualification-p21,21,21024,1,str_mlo_nmaxinflights_1,fee9e70ff00a5f08f437,1800,1740,60,60,0.03333333333333333,5473.738333333334,4753470.0,26.9784
adaptive,radio_propagation,radio-propagation-qualification-p22,22,21028,1,score_aware_t2_v2,ffa81cab11e51db04a74,1800,1798,2,2,0.0011111111111111111,2216.112777777778,2681884.0,27.09568
